Workbook

Sheet README
A1: Structural element catalogue, detected without colour or CAD layer
A3: What this is
A4: Every element found on the plan by geometry and text alone: drawing structure (solid fill, cross-hatch, closed outline, parallel line pair, dash chain), size, relative position and the plan's label grammar. Colour and layer appear only in the two '(validation only)' columns, to grade the result against the verified, colour-based detections (out/detections.json from detect_structures.py).
A6: Sheets
A7: Summary by building - one row per building, element family and type: count, size range, totals, consistency. Formulas over 'Elements'.
A8: Elements - one row per detected element with its dimensions, colour-free marks and pixel box (150 dpi page render).
A9: Marks by family - share of each family carrying each colour-free mark, and the same share among all other families.
A10: P vs V - the EN 1992-1-1 column/wall test against the verified classes; threshold editable (yellow cell).
A11: LG junctions - what sits where two grade beams meet, per building.
A12: Validation - colour-free detections graded against the verified set, and how the band widths were chosen.
A14: Scale
A15: 1/200.0 (14.173 PDF points per metre), fitted from 222 of 266 dimension texts against their dimension lines, median error 0.24 cm.
... A29: Formulas were written with openpyxl and are set to recalculate when the file is opened. LibreOffice was not available to pre-compute them; they were evaluated with the Python 'formulas' engine instead (no errors) and spot-checked against pandas.

Sheet Summary by building
A1: Building | B1: Family | C1: Subclass | D1: Type key | E1: Count | F1: Length min (cm) | G1: Length max (cm) | H1: Width min (cm) | I1: Width max (cm) | J1: Same section throughout? | K1: Total span/run (m) | L1: Total area (m²) | M1: Colour-free identifying marks
A2: 120 | B2: column | C2: column | D2: P1/120 | E2: =COUNTIFS(Elements!$B$2:$B$862,$A2,Elements!$D$2:$D$862,$B2,Elements!$E$2:$E$862,$C2,Elements!$F$2:$F$862,$D2) | F2: =IFERROR(_xlfn.MINIFS(Elements!$I$2:$I$862,Elements!$B$2:$B$862,$A2,Elements!$D$2:$D$862,$B2,Elements!$E$2:$E$862,$C2,Elements!$F$2:$F$862,$D2),"") | G2: =IFERROR(_xlfn.MAXIFS(Elements!$I$2:$I$862,Elements!$B$2:$B$862,$A2,Elements!$D$2:$D$862,$B2,Elements!$E$2:$E$862,$C2,Elements!$F$2:$F$862,$D2),"") | H2: =IFERROR(_xlfn.MINIFS(Elements!$J$2:$J$862,Elements!$B$2:$B$862,$A2,Elements!$D$2:$D$862,$B2,Elements!$E$2:$E$862,$C2,Elements!$F$2:$F$862,$D2),"") | I2: =IFERROR(_xlfn.MAXIFS(Elements!$J$2:$J$862,Elements!$B$2:$B$862,$A2,Elements!$D$2:$D$862,$B2,Elements!$E$2:$E$862,$C2,Elements!$F$2:$F$862,$D2),"") | J2: =IF(OR(F2="",H2=""),"",IF(OR(B2="raft",B2="sump_pit",B2="crane_foundation",D2="(none)"),"n/a",IF(OR(B2="column",B2="footing",B2="mass_concrete_pad",AND(B2="wall",C2="shear_wall",D2<>"(none)")),IF(AND(G2-F2<=3,I2-H2<=3),"yes","no"),IF(I2-H2<=3,"yes (thickness)","no (thickness)")))) | K2: =SUMIFS(Elements!$M$2:$M$862,Elements!$B$2:$B$862,$A2,Elements!$D$2:$D$862,$B2,Elements!$E$2:$E$862,$C2,Elements!$F$2:$F$862,$D2) | L2: =SUMIFS(Elements!$L$2:$L$862,Elements!$B$2:$B$862,$A2,Elements!$D$2:$D$862,$B2,Elements!$E$2:$E$862,$C2,Elements!$F$2:$F$862,$D2) | M2: solid fill; 40-120 x 25-50 cm; L/W 1.60-4.00; inside a footing outline 37%; on a raft 63%; touching a hatched core wall 26%; in a strip-footing band 0%; at a grade-beam junction 26%
A3: 120 | B3: footing | C3: combined_footing | D3: SC3 | E3: =COUNTIFS(Elements!$B$2:$B$862,$A3,Elements!$D$2:$D$862,$B3,Elements!$E$2:$E$862,$C3,Elements!$F$2:$F$862,$D3) | F3: =IFERROR(_xlfn.MINIFS(Elements!$I$2:$I$862,Elements!$B$2:$B$862,$A3,Elements!$D$2:$D$862,$B3,Elements!$E$2:$E$862,$C3,Elements!$F$2:$F$862,$D3),"") | G3: =IFERROR(_xlfn.MAXIFS(Elements!$I$2:$I$862,Elements!$B$2:$B$862,$A3,Elements!$D$2:$D$862,$B3,Elements!$E$2:$E$862,$C3,Elements!$F$2:$F$862,$D3),"") | H3: =IFERROR(_xlfn.MINIFS(Elements!$J$2:$J$862,Elements!$B$2:$B$862,$A3,Elements!$D$2:$D$862,$B3,Elements!$E$2:$E$862,$C3,Elements!$F$2:$F$862,$D3),"") | I3: =IFERROR(_xlfn.MAXIFS(Elements!$J$2:$J$862,Elements!$B$2:$B$862,$A3,Elements!$D$2:$D$862,$B3,Elements!$E$2:$E$862,$C3,Elements!$F$2:$F$862,$D3),"") | J3: =IF(OR(F3="",H3=""),"",IF(OR(B3="raft",B3="sump_pit",B3="crane_foundation",D3="(none)"),"n/a",IF(OR(B3="column",B3="footing",B3="mass_concrete_pad",AND(B3="wall",C3="shear_wall",D3<>"(none)")),IF(AND(G3-F3<=3,I3-H3<=3),"yes","no"),IF(I3-H3<=3,"yes (thickness)","no (thickness)")))) | K3: =SUMIFS(Elements!$M$2:$M$862,Elements!$B$2:$B$862,$A3,Elements!$D$2:$D$862,$B3,Elements!$E$2:$E$862,$C3,Elements!$F$2:$F$862,$D3) | L3: =SUMIFS(Elements!$L$2:$L$862,Elements!$B$2:$B$862,$A3,Elements!$D$2:$D$862,$B3,Elements!$E$2:$E$862,$C3,Elements!$F$2:$F$862,$D3) | M3: closed outline; 350-600 x 200-450 cm; carries wall+wall (24), column+wall (3), wall+wall+wall+wall (1); grade beam crossing it 93%
A4: 120 | B4: footing | C4: isolated_footing | D4: S1 | E4: =COUNTIFS(Elements!$B$2:$B$862,$A4,Elements!$D$2:$D$862,$B4,Elements!$E$2:$E$862,$C4,Elements!$F$2:$F$862,$D4) | F4: =IFERROR(_xlfn.MINIFS(Elements!$I$2:$I$862,Elements!$B$2:$B$862,$A4,Elements!$D$2:$D$862,$B4,Elements!$E$2:$E$862,$C4,Elements!$F$2:$F$862,$D4),"") | G4: =IFERROR(_xlfn.MAXIFS(Elements!$I$2:$I$862,Elements!$B$2:$B$862,$A4,Elements!$D$2:$D$862,$B4,Elements!$E$2:$E$862,$C4,Elements!$F$2:$F$862,$D4),"") | H4: =IFERROR(_xlfn.MINIFS(Elements!$J$2:$J$862,Elements!$B$2:$B$862,$A4,Elements!$D$2:$D$862,$B4,Elements!$E$2:$E$862,$C4,Elements!$F$2:$F$862,$D4),"") | I4: =IFERROR(_xlfn.MAXIFS(Elements!$J$2:$J$862,Elements!$B$2:$B$862,$A4,Elements!$D$2:$D$862,$B4,Elements!$E$2:$E$862,$C4,Elements!$F$2:$F$862,$D4),"") | J4: =IF(OR(F4="",H4=""),"",IF(OR(B4="raft",B4="sump_pit",B4="crane_foundation",D4="(none)"),"n/a",IF(OR(B4="column",B4="footing",B4="mass_concrete_pad",AND(B4="wall",C4="shear_wall",D4<>"(none)")),IF(AND(G4-F4<=3,I4-H4<=3),"yes","no"),IF(I4-H4<=3,"yes (thickness)","no (thickness)")))) | K4: =SUMIFS(Elements!$M$2:$M$862,Elements!$B$2:$B$862,$A4,Elements!$D$2:$D$862,$B4,Elements!$E$2:$E$862,$C4,Elements!$F$2:$F$862,$D4) | L4: =SUMIFS(Elements!$L$2:$L$862,Elements!$B$2:$B$862,$A4,Elements!$D$2:$D$862,$B4,Elements!$E$2:$E$862,$C4,Elements!$F$2:$F$862,$D4) | M4: closed outline; 150-600 x 150-450 cm; carries wall (64), column (9), wall+wall (1); grade beam crossing it 95%
A5: 120 | B5: footing | C5: isolated_footing | D5: S2 | E5: =COUNTIFS(Elements!$B$2:$B$862,$A5,Elements!$D$2:$D$862,$B5,Elements!$E$2:$E$862,$C5,Elements!$F$2:$F$862,$D5) | F5: =IFERROR(_xlfn.MINIFS(Elements!$I$2:$I$862,Elements!$B$2:$B$862,$A5,Elements!$D$2:$D$862,$B5,Elements!$E$2:$E$862,$C5,Elements!$F$2:$F$862,$D5),"") | G5: =IFERROR(_xlfn.MAXIFS(Elements!$I$2:$I$862,Elements!$B$2:$B$862,$A5,Elements!$D$2:$D$862,$B5,Elements!$E$2:$E$862,$C5,Elements!$F$2:$F$862,$D5),"") | H5: =IFERROR(_xlfn.MINIFS(Elements!$J$2:$J$862,Elements!$B$2:$B$862,$A5,Elements!$D$2:$D$862,$B5,Elements!$E$2:$E$862,$C5,Elements!$F$2:$F$862,$D5),"") | I5: =IFERROR(_xlfn.MAXIFS(Elements!$J$2:$J$862,Elements!$B$2:$B$862,$A5,Elements!$D$2:$D$862,$B5,Elements!$E$2:$E$862,$C5,Elements!$F$2:$F$862,$D5),"") | J5: =IF(OR(F5="",H5=""),"",IF(OR(B5="raft",B5="sump_pit",B5="crane_foundation",D5="(none)"),"n/a",IF(OR(B5="column",B5="footing",B5="mass_concrete_pad",AND(B5="wall",C5="shear_wall",D5<>"(none)")),IF(AND(G5-F5<=3,I5-H5<=3),"yes","no"),IF(I5-H5<=3,"yes (thickness)","no (thickness)")))) | K5: =SUMIFS(Elements!$M$2:$M$862,Elements!$B$2:$B$862,$A5,Elements!$D$2:$D$862,$B5,Elements!$E$2:$E$862,$C5,Elements!$F$2:$F$862,$D5) | L5: =SUMIFS(Elements!$L$2:$L$862,Elements!$B$2:$B$862,$A5,Elements!$D$2:$D$862,$B5,Elements!$E$2:$E$862,$C5,Elements!$F$2:$F$862,$D5) | M5: closed outline; 150-600 x 150-450 cm; carries wall (64), column (9), wall+wall (1); grade beam crossing it 95%
A6: 120 | B6: footing | C6: isolated_footing | D6: S3 | E6: =COUNTIFS(Elements!$B$2:$B$862,$A6,Elements!$D$2:$D$862,$B6,Elements!$E$2:$E$862,$C6,Elements!$F$2:$F$862,$D6) | F6: =IFERROR(_xlfn.MINIFS(Elements!$I$2:$I$862,Elements!$B$2:$B$862,$A6,Elements!$D$2:$D$862,$B6,Elements!$E$2:$E$862,$C6,Elements!$F$2:$F$862,$D6),"") | G6: =IFERROR(_xlfn.MAXIFS(Elements!$I$2:$I$862,Elements!$B$2:$B$862,$A6,Elements!$D$2:$D$862,$B6,Elements!$E$2:$E$862,$C6,Elements!$F$2:$F$862,$D6),"") | H6: =IFERROR(_xlfn.MINIFS(Elements!$J$2:$J$862,Elements!$B$2:$B$862,$A6,Elements!$D$2:$D$862,$B6,Elements!$E$2:$E$862,$C6,Elements!$F$2:$F$862,$D6),"") | I6: =IFERROR(_xlfn.MAXIFS(Elements!$J$2:$J$862,Elements!$B$2:$B$862,$A6,Elements!$D$2:$D$862,$B6,Elements!$E$2:$E$862,$C6,Elements!$F$2:$F$862,$D6),"") | J6: =IF(OR(F6="",H6=""),"",IF(OR(B6="raft",B6="sump_pit",B6="crane_foundation",D6="(none)"),"n/a",IF(OR(B6="column",B6="footing",B6="mass_concrete_pad",AND(B6="wall",C6="shear_wall",D6<>"(none)")),IF(AND(G6-F6<=3,I6-H6<=3),"yes","no"),IF(I6-H6<=3,"yes (thickness)","no (thickness)")))) | K6: =SUMIFS(Elements!$M$2:$M$862,Elements!$B$2:$B$862,$A6,Elements!$D$2:$D$862,$B6,Elements!$E$2:$E$862,$C6,Elements!$F$2:$F$862,$D6) | L6: =SUMIFS(Elements!$L$2:$L$862,Elements!$B$2:$B$862,$A6,Elements!$D$2:$D$862,$B6,Elements!$E$2:$E$862,$C6,Elements!$F$2:$F$862,$D6) | M6: closed outline; 150-600 x 150-450 cm; carries wall (64), column (9), wall+wall (1); grade beam crossing it 95%
A7: 120 | B7: footing | C7: isolated_footing | D7: S5 | E7: =COUNTIFS(Elements!$B$2:$B$862,$A7,Elements!$D$2:$D$862,$B7,Elements!$E$2:$E$862,$C7,Elements!$F$2:$F$862,$D7) | F7: =IFERROR(_xlfn.MINIFS(Elements!$I$2:$I$862,Elements!$B$2:$B$862,$A7,Elements!$D$2:$D$862,$B7,Elements!$E$2:$E$862,$C7,Elements!$F$2:$F$862,$D7),"") | G7: =IFERROR(_xlfn.MAXIFS(Elements!$I$2:$I$862,Elements!$B$2:$B$862,$A7,Elements!$D$2:$D$862,$B7,Elements!$E$2:$E$862,$C7,Elements!$F$2:$F$862,$D7),"") | H7: =IFERROR(_xlfn.MINIFS(Elements!$J$2:$J$862,Elements!$B$2:$B$862,$A7,Elements!$D$2:$D$862,$B7,Elements!$E$2:$E$862,$C7,Elements!$F$2:$F$862,$D7),"") | I7: =IFERROR(_xlfn.MAXIFS(Elements!$J$2:$J$862,Elements!$B$2:$B$862,$A7,Elements!$D$2:$D$862,$B7,Elements!$E$2:$E$862,$C7,Elements!$F$2:$F$862,$D7),"") | J7: =IF(OR(F7="",H7=""),"",IF(OR(B7="raft",B7="sump_pit",B7="crane_foundation",D7="(none)"),"n/a",IF(OR(B7="column",B7="footing",B7="mass_concrete_pad",AND(B7="wall",C7="shear_wall",D7<>"(none)")),IF(AND(G7-F7<=3,I7-H7<=3),"yes","no"),IF(I7-H7<=3,"yes (thickness)","no (thickness)")))) | K7: =SUMIFS(Elements!$M$2:$M$862,Elements!$B$2:$B$862,$A7,Elements!$D$2:$D$862,$B7,Elements!$E$2:$E$862,$C7,Elements!$F$2:$F$862,$D7) | L7: =SUMIFS(Elements!$L$2:$L$862,Elements!$B$2:$B$862,$A7,Elements!$D$2:$D$862,$B7,Elements!$E$2:$E$862,$C7,Elements!$F$2:$F$862,$D7) | M7: closed outline; 150-600 x 150-450 cm; carries wall (64), column (9), wall+wall (1); grade beam crossing it 95%
A8: 120 | B8: footing | C8: isolated_footing | D8: S6 | E8: =COUNTIFS(Elements!$B$2:$B$862,$A8,Elements!$D$2:$D$862,$B8,Elements!$E$2:$E$862,$C8,Elements!$F$2:$F$862,$D8) | F8: =IFERROR(_xlfn.MINIFS(Elements!$I$2:$I$862,Elements!$B$2:$B$862,$A8,Elements!$D$2:$D$862,$B8,Elements!$E$2:$E$862,$C8,Elements!$F$2:$F$862,$D8),"") | G8: =IFERROR(_xlfn.MAXIFS(Elements!$I$2:$I$862,Elements!$B$2:$B$862,$A8,Elements!$D$2:$D$862,$B8,Elements!$E$2:$E$862,$C8,Elements!$F$2:$F$862,$D8),"") | H8: =IFERROR(_xlfn.MINIFS(Elements!$J$2:$J$862,Elements!$B$2:$B$862,$A8,Elements!$D$2:$D$862,$B8,Elements!$E$2:$E$862,$C8,Elements!$F$2:$F$862,$D8),"") | I8: =IFERROR(_xlfn.MAXIFS(Elements!$J$2:$J$862,Elements!$B$2:$B$862,$A8,Elements!$D$2:$D$862,$B8,Elements!$E$2:$E$862,$C8,Elements!$F$2:$F$862,$D8),"") | J8: =IF(OR(F8="",H8=""),"",IF(OR(B8="raft",B8="sump_pit",B8="crane_foundation",D8="(none)"),"n/a",IF(OR(B8="column",B8="footing",B8="mass_concrete_pad",AND(B8="wall",C8="shear_wall",D8<>"(none)")),IF(AND(G8-F8<=3,I8-H8<=3),"yes","no"),IF(I8-H8<=3,"yes (thickness)","no (thickness)")))) | K8: =SUMIFS(Elements!$M$2:$M$862,Elements!$B$2:$B$862,$A8,Elements!$D$2:$D$862,$B8,Elements!$E$2:$E$862,$C8,Elements!$F$2:$F$862,$D8) | L8: =SUMIFS(Elements!$L$2:$L$862,Elements!$B$2:$B$862,$A8,Elements!$D$2:$D$862,$B8,Elements!$E$2:$E$862,$C8,Elements!$F$2:$F$862,$D8) | M8: closed outline; 150-600 x 150-450 cm; carries wall (64), column (9), wall+wall (1); grade beam crossing it 95%
A9: 120 | B9: footing | C9: isolated_footing | D9: S7 | E9: =COUNTIFS(Elements!$B$2:$B$862,$A9,Elements!$D$2:$D$862,$B9,Elements!$E$2:$E$862,$C9,Elements!$F$2:$F$862,$D9) | F9: =IFERROR(_xlfn.MINIFS(Elements!$I$2:$I$862,Elements!$B$2:$B$862,$A9,Elements!$D$2:$D$862,$B9,Elements!$E$2:$E$862,$C9,Elements!$F$2:$F$862,$D9),"") | G9: =IFERROR(_xlfn.MAXIFS(Elements!$I$2:$I$862,Elements!$B$2:$B$862,$A9,Elements!$D$2:$D$862,$B9,Elements!$E$2:$E$862,$C9,Elements!$F$2:$F$862,$D9),"") | H9: =IFERROR(_xlfn.MINIFS(Elements!$J$2:$J$862,Elements!$B$2:$B$862,$A9,Elements!$D$2:$D$862,$B9,Elements!$E$2:$E$862,$C9,Elements!$F$2:$F$862,$D9),"") | I9: =IFERROR(_xlfn.MAXIFS(Elements!$J$2:$J$862,Elements!$B$2:$B$862,$A9,Elements!$D$2:$D$862,$B9,Elements!$E$2:$E$862,$C9,Elements!$F$2:$F$862,$D9),"") | J9: =IF(OR(F9="",H9=""),"",IF(OR(B9="raft",B9="sump_pit",B9="crane_foundation",D9="(none)"),"n/a",IF(OR(B9="column",B9="footing",B9="mass_concrete_pad",AND(B9="wall",C9="shear_wall",D9<>"(none)")),IF(AND(G9-F9<=3,I9-H9<=3),"yes","no"),IF(I9-H9<=3,"yes (thickness)","no (thickness)")))) | K9: =SUMIFS(Elements!$M$2:$M$862,Elements!$B$2:$B$862,$A9,Elements!$D$2:$D$862,$B9,Elements!$E$2:$E$862,$C9,Elements!$F$2:$F$862,$D9) | L9: =SUMIFS(Elements!$L$2:$L$862,Elements!$B$2:$B$862,$A9,Elements!$D$2:$D$862,$B9,Elements!$E$2:$E$862,$C9,Elements!$F$2:$F$862,$D9) | M9: closed outline; 150-600 x 150-450 cm; carries wall (64), column (9), wall+wall (1); grade beam crossing it 95%
A10: 120 | B10: grade_beam | C10: grade_beam | D10: LG40x15 | E10: =COUNTIFS(Elements!$B$2:$B$862,$A10,Elements!$D$2:$D$862,$B10,Elements!$E$2:$E$862,$C10,Elements!$F$2:$F$862,$D10) | F10: =IFERROR(_xlfn.MINIFS(Elements!$I$2:$I$862,Elements!$B$2:$B$862,$A10,Elements!$D$2:$D$862,$B10,Elements!$E$2:$E$862,$C10,Elements!$F$2:$F$862,$D10),"") | G10: =IFERROR(_xlfn.MAXIFS(Elements!$I$2:$I$862,Elements!$B$2:$B$862,$A10,Elements!$D$2:$D$862,$B10,Elements!$E$2:$E$862,$C10,Elements!$F$2:$F$862,$D10),"") | H10: =IFERROR(_xlfn.MINIFS(Elements!$J$2:$J$862,Elements!$B$2:$B$862,$A10,Elements!$D$2:$D$862,$B10,Elements!$E$2:$E$862,$C10,Elements!$F$2:$F$862,$D10),"") | I10: =IFERROR(_xlfn.MAXIFS(Elements!$J$2:$J$862,Elements!$B$2:$B$862,$A10,Elements!$D$2:$D$862,$B10,Elements!$E$2:$E$862,$C10,Elements!$F$2:$F$862,$D10),"") | J10: =IF(OR(F10="",H10=""),"",IF(OR(B10="raft",B10="sump_pit",B10="crane_foundation",D10="(none)"),"n/a",IF(OR(B10="column",B10="footing",B10="mass_concrete_pad",AND(B10="wall",C10="shear_wall",D10<>"(none)")),IF(AND(G10-F10<=3,I10-H10<=3),"yes","no"),IF(I10-H10<=3,"yes (thickness)","no (thickness)")))) | K10: =SUMIFS(Elements!$M$2:$M$862,Elements!$B$2:$B$862,$A10,Elements!$D$2:$D$862,$B10,Elements!$E$2:$E$862,$C10,Elements!$F$2:$F$862,$D10) | L10: =SUMIFS(Elements!$L$2:$L$862,Elements!$B$2:$B$862,$A10,Elements!$D$2:$D$862,$B10,Elements!$E$2:$E$862,$C10,Elements!$F$2:$F$862,$D10) | M10: parallel line pair; 30-2249 x 25-40 cm; width stated in its label
A11: 120 | B11: mass_concrete_pad | C11: mass_concrete_pad | D11: (none) | E11: =COUNTIFS(Elements!$B$2:$B$862,$A11,Elements!$D$2:$D$862,$B11,Elements!$E$2:$E$862,$C11,Elements!$F$2:$F$862,$D11) | F11: =IFERROR(_xlfn.MINIFS(Elements!$I$2:$I$862,Elements!$B$2:$B$862,$A11,Elements!$D$2:$D$862,$B11,Elements!$E$2:$E$862,$C11,Elements!$F$2:$F$862,$D11),"") | G11: =IFERROR(_xlfn.MAXIFS(Elements!$I$2:$I$862,Elements!$B$2:$B$862,$A11,Elements!$D$2:$D$862,$B11,Elements!$E$2:$E$862,$C11,Elements!$F$2:$F$862,$D11),"") | H11: =IFERROR(_xlfn.MINIFS(Elements!$J$2:$J$862,Elements!$B$2:$B$862,$A11,Elements!$D$2:$D$862,$B11,Elements!$E$2:$E$862,$C11,Elements!$F$2:$F$862,$D11),"") | I11: =IFERROR(_xlfn.MAXIFS(Elements!$J$2:$J$862,Elements!$B$2:$B$862,$A11,Elements!$D$2:$D$862,$B11,Elements!$E$2:$E$862,$C11,Elements!$F$2:$F$862,$D11),"") | J11: =IF(OR(F11="",H11=""),"",IF(OR(B11="raft",B11="sump_pit",B11="crane_foundation",D11="(none)"),"n/a",IF(OR(B11="column",B11="footing",B11="mass_concrete_pad",AND(B11="wall",C11="shear_wall",D11<>"(none)")),IF(AND(G11-F11<=3,I11-H11<=3),"yes","no"),IF(I11-H11<=3,"yes (thickness)","no (thickness)")))) | K11: =SUMIFS(Elements!$M$2:$M$862,Elements!$B$2:$B$862,$A11,Elements!$D$2:$D$862,$B11,Elements!$E$2:$E$862,$C11,Elements!$F$2:$F$862,$D11) | L11: =SUMIFS(Elements!$L$2:$L$862,Elements!$B$2:$B$862,$A11,Elements!$D$2:$D$862,$B11,Elements!$E$2:$E$862,$C11,Elements!$F$2:$F$862,$D11) | M11: closed outline + stipple; 60-60 x 60-60 cm; 47-91 stipple dots inside; on a grade beam 100%; at a grade-beam junction 62%
A12: 120 | B12: raft | C12: raft | D12: Radier 110 | E12: =COUNTIFS(Elements!$B$2:$B$862,$A12,Elements!$D$2:$D$862,$B12,Elements!$E$2:$E$862,$C12,Elements!$F$2:$F$862,$D12) | F12: =IFERROR(_xlfn.MINIFS(Elements!$I$2:$I$862,Elements!$B$2:$B$862,$A12,Elements!$D$2:$D$862,$B12,Elements!$E$2:$E$862,$C12,Elements!$F$2:$F$862,$D12),"") | G12: =IFERROR(_xlfn.MAXIFS(Elements!$I$2:$I$862,Elements!$B$2:$B$862,$A12,Elements!$D$2:$D$862,$B12,Elements!$E$2:$E$862,$C12,Elements!$F$2:$F$862,$D12),"") | H12: =IFERROR(_xlfn.MINIFS(Elements!$J$2:$J$862,Elements!$B$2:$B$862,$A12,Elements!$D$2:$D$862,$B12,Elements!$E$2:$E$862,$C12,Elements!$F$2:$F$862,$D12),"") | I12: =IFERROR(_xlfn.MAXIFS(Elements!$J$2:$J$862,Elements!$B$2:$B$862,$A12,Elements!$D$2:$D$862,$B12,Elements!$E$2:$E$862,$C12,Elements!$F$2:$F$862,$D12),"") | J12: =IF(OR(F12="",H12=""),"",IF(OR(B12="raft",B12="sump_pit",B12="crane_foundation",D12="(none)"),"n/a",IF(OR(B12="column",B12="footing",B12="mass_concrete_pad",AND(B12="wall",C12="shear_wall",D12<>"(none)")),IF(AND(G12-F12<=3,I12-H12<=3),"yes","no"),IF(I12-H12<=3,"yes (thickness)","no (thickness)")))) | K12: =SUMIFS(Elements!$M$2:$M$862,Elements!$B$2:$B$862,$A12,Elements!$D$2:$D$862,$B12,Elements!$E$2:$E$862,$C12,Elements!$F$2:$F$862,$D12) | L12: =SUMIFS(Elements!$L$2:$L$862,Elements!$B$2:$B$862,$A12,Elements!$D$2:$D$862,$B12,Elements!$E$2:$E$862,$C12,Elements!$F$2:$F$862,$D12) | M12: stamp + corner diagonals; 693-1971 x 450-1020 cm; circle stamp 'Radier' + thickness; diagonals from its corners to the stamp
A13: 120 | B13: raft | C13: raft | D13: Radier 90 | E13: =COUNTIFS(Elements!$B$2:$B$862,$A13,Elements!$D$2:$D$862,$B13,Elements!$E$2:$E$862,$C13,Elements!$F$2:$F$862,$D13) | F13: =IFERROR(_xlfn.MINIFS(Elements!$I$2:$I$862,Elements!$B$2:$B$862,$A13,Elements!$D$2:$D$862,$B13,Elements!$E$2:$E$862,$C13,Elements!$F$2:$F$862,$D13),"") | G13: =IFERROR(_xlfn.MAXIFS(Elements!$I$2:$I$862,Elements!$B$2:$B$862,$A13,Elements!$D$2:$D$862,$B13,Elements!$E$2:$E$862,$C13,Elements!$F$2:$F$862,$D13),"") | H13: =IFERROR(_xlfn.MINIFS(Elements!$J$2:$J$862,Elements!$B$2:$B$862,$A13,Elements!$D$2:$D$862,$B13,Elements!$E$2:$E$862,$C13,Elements!$F$2:$F$862,$D13),"") | I13: =IFERROR(_xlfn.MAXIFS(Elements!$J$2:$J$862,Elements!$B$2:$B$862,$A13,Elements!$D$2:$D$862,$B13,Elements!$E$2:$E$862,$C13,Elements!$F$2:$F$862,$D13),"") | J13: =IF(OR(F13="",H13=""),"",IF(OR(B13="raft",B13="sump_pit",B13="crane_foundation",D13="(none)"),"n/a",IF(OR(B13="column",B13="footing",B13="mass_concrete_pad",AND(B13="wall",C13="shear_wall",D13<>"(none)")),IF(AND(G13-F13<=3,I13-H13<=3),"yes","no"),IF(I13-H13<=3,"yes (thickness)","no (thickness)")))) | K13: =SUMIFS(Elements!$M$2:$M$862,Elements!$B$2:$B$862,$A13,Elements!$D$2:$D$862,$B13,Elements!$E$2:$E$862,$C13,Elements!$F$2:$F$862,$D13) | L13: =SUMIFS(Elements!$L$2:$L$862,Elements!$B$2:$B$862,$A13,Elements!$D$2:$D$862,$B13,Elements!$E$2:$E$862,$C13,Elements!$F$2:$F$862,$D13) | M13: stamp + corner diagonals; 693-1971 x 450-1020 cm; circle stamp 'Radier' + thickness; diagonals from its corners to the stamp
... A264: 130 | B264: wall | C264: shear_wall | D264: V6/130 | E264: =COUNTIFS(Elements!$B$2:$B$862,$A264,Elements!$D$2:$D$862,$B264,Elements!$E$2:$E$862,$C264,Elements!$F$2:$F$862,$D264) | F264: =IFERROR(_xlfn.MINIFS(Elements!$I$2:$I$862,Elements!$B$2:$B$862,$A264,Elements!$D$2:$D$862,$B264,Elements!$E$2:$E$862,$C264,Elements!$F$2:$F$862,$D264),"") | G264: =IFERROR(_xlfn.MAXIFS(Elements!$I$2:$I$862,Elements!$B$2:$B$862,$A264,Elements!$D$2:$D$862,$B264,Elements!$E$2:$E$862,$C264,Elements!$F$2:$F$862,$D264),"") | H264: =IFERROR(_xlfn.MINIFS(Elements!$J$2:$J$862,Elements!$B$2:$B$862,$A264,Elements!$D$2:$D$862,$B264,Elements!$E$2:$E$862,$C264,Elements!$F$2:$F$862,$D264),"") | I264: =IFERROR(_xlfn.MAXIFS(Elements!$J$2:$J$862,Elements!$B$2:$B$862,$A264,Elements!$D$2:$D$862,$B264,Elements!$E$2:$E$862,$C264,Elements!$F$2:$F$862,$D264),"") | J264: =IF(OR(F264="",H264=""),"",IF(OR(B264="raft",B264="sump_pit",B264="crane_foundation",D264="(none)"),"n/a",IF(OR(B264="column",B264="footing",B264="mass_concrete_pad",AND(B264="wall",C264="shear_wall",D264<>"(none)")),IF(AND(G264-F264<=3,I264-H264<=3),"yes","no"),IF(I264-H264<=3,"yes (thickness)","no (thickness)")))) | K264: =SUMIFS(Elements!$M$2:$M$862,Elements!$B$2:$B$862,$A264,Elements!$D$2:$D$862,$B264,Elements!$E$2:$E$862,$C264,Elements!$F$2:$F$862,$D264) | L264: =SUMIFS(Elements!$L$2:$L$862,Elements!$B$2:$B$862,$A264,Elements!$D$2:$D$862,$B264,Elements!$E$2:$E$862,$C264,Elements!$F$2:$F$862,$D264) | M264: solid fill; 87-1849 x 20-30 cm; L/W 4.17-92.45; inside a footing outline 72%; on a raft 10%; touching a hatched core wall 1%; in a strip-footing band 5%; at a grade-beam junction 51%
A266: All buildings | E266: =SUM(E2:E264) | K266: =SUM(K2:K264) | L266: =SUM(L2:L264)
A267: 'Same section throughout?' allows 3 cm between the smallest and largest element of the row. Columns, labelled shear walls, footings and pads are compared on length and width; walls and bands whose length varies by nature on thickness only; rafts, pits and crane groups, and rows of unlabelled elements (a mix of types), do not apply.

Sheet Elements
A1: ID | B1: Building | C1: Building source | D1: Family | E1: Subclass | F1: Type key | G1: Label text | H1: Label source | I1: Length (cm) | J1: Width (cm) | K1: L/W | L1: Area (m²) | M1: Span / run (m) | N1: Angle (°) | O1: Drawing type | P1: Colour-free rule | Q1: EC2 test | R1: Inside footing | S1: Supports inside | T1: Support offset (cm) | U1: On raft | V1: Touches hatched wall | W1: Touches solid element | X1: In strip band | Y1: On grade beam | Z1: At LG junction | AA1: Grid distance (m) | AB1: Hatch stroke (m) | AC1: Stipple dots | AD1: Raft thickness (cm) | AE1: bbox x0 (px) | AF1: bbox y0 (px) | AG1: bbox x1 (px) | AH1: bbox y1 (px) | AI1: Matches verified detection | AJ1: Verified subclass | AK1: Note | AL1: (validation only) colour | AM1: (validation only) layer
A2: 1 | B2: 120 | C2: own label | D2: column | E2: column | F2: P1/120 | G2: P1/120/120 | H2: printed | I2: 80 | J2: 25 | K2: =IF(AND(ISNUMBER(I2),ISNUMBER(J2),J2>0),I2/J2,"") | L2: 0.2 | N2: 0 | O2: solid fill | P2: solid fill, rectangle, L <= 4 W (EN 1992-1-1 5.3.1(7)) | Q2: =IF(OR(D2="column",D2="wall"),IF(I2<='P vs V'!$B$3*J2,"column","wall"),"") | U2: yes | V2: yes | W2: no | X2: no | Y2: no | Z2: no | AA2: 0.61 | AE2: 4596.9 | AF2: 792 | AG2: 4620.6 | AH2: 799.4 | AI2: yes | AJ2: column | AL2: (0.0, 0.0, 1.0) | AM2: DM-Poteaux
A3: 2 | B3: 120 | C3: own label | D3: column | E3: column | F3: P1/120 | G3: P1/120/120 | H3: printed | I3: 80 | J3: 25 | K3: =IF(AND(ISNUMBER(I3),ISNUMBER(J3),J3>0),I3/J3,"") | L3: 0.2 | N3: 0 | O3: solid fill | P3: solid fill, rectangle, L <= 4 W (EN 1992-1-1 5.3.1(7)) | Q3: =IF(OR(D3="column",D3="wall"),IF(I3<='P vs V'!$B$3*J3,"column","wall"),"") | U3: yes | V3: no | W3: no | X3: no | Y3: no | Z3: no | AA3: 1.17 | AE3: 4704.8 | AF3: 861.4 | AG3: 4728.4 | AH3: 868.8 | AI3: yes | AJ3: column | AL3: (0.0, 0.0, 1.0) | AM3: DM-Poteaux
A4: 3 | B4: 120 | C4: own label | D4: column | E4: column | F4: P1/120 | G4: P1/120/120 | H4: printed | I4: 80 | J4: 25 | K4: =IF(AND(ISNUMBER(I4),ISNUMBER(J4),J4>0),I4/J4,"") | L4: 0.2 | N4: 0 | O4: solid fill | P4: solid fill, rectangle, L <= 4 W (EN 1992-1-1 5.3.1(7)) | Q4: =IF(OR(D4="column",D4="wall"),IF(I4<='P vs V'!$B$3*J4,"column","wall"),"") | U4: yes | V4: no | W4: no | X4: no | Y4: no | Z4: no | AA4: 1.18 | AE4: 4596.9 | AF4: 861.4 | AG4: 4620.6 | AH4: 868.8 | AI4: yes | AJ4: column | AL4: (0.0, 0.0, 1.0) | AM4: DM-Poteaux
A5: 4 | B5: 120 | C5: own label | D5: column | E5: column | F5: P1/120 | G5: P1/120/120 | H5: printed | I5: 80 | J5: 25 | K5: =IF(AND(ISNUMBER(I5),ISNUMBER(J5),J5>0),I5/J5,"") | L5: 0.2 | N5: 0 | O5: solid fill | P5: solid fill, rectangle, L <= 4 W (EN 1992-1-1 5.3.1(7)) | Q5: =IF(OR(D5="column",D5="wall"),IF(I5<='P vs V'!$B$3*J5,"column","wall"),"") | U5: yes | V5: no | W5: no | X5: no | Y5: no | Z5: no | AA5: 0.61 | AE5: 4704.8 | AF5: 792 | AG5: 4728.4 | AH5: 799.4 | AI5: yes | AJ5: column | AL5: (0.0, 0.0, 1.0) | AM5: DM-Poteaux
A6: 5 | B6: 120 | C6: nearest labels (100% agree) | D6: wall | E6: core_wall_solid | F6: (none) | H6: none | I6: 424 | J6: 25 | K6: =IF(AND(ISNUMBER(I6),ISNUMBER(J6),J6>0),I6/J6,"") | L6: 1.062 | N6: 180 | O6: solid fill | P6: straight stretch of a thin filled outline with bends (pair of parallel faces) | Q6: =IF(OR(D6="column",D6="wall"),IF(I6<='P vs V'!$B$3*J6,"column","wall"),"") | U6: yes | V6: no | W6: yes | X6: no | Y6: no | Z6: no | AA6: 0.01 | AE6: 4878.4 | AF6: 774.2 | AG6: 5003.8 | AH6: 781.7 | AI6: new | AK6: piece of a wall network the colour pipeline left unsplit
A7: 6 | B7: 120 | C7: nearest labels (100% agree) | D7: wall | E7: core_wall_solid | F7: (none) | H7: none | I7: 175 | J7: 25 | K7: =IF(AND(ISNUMBER(I7),ISNUMBER(J7),J7>0),I7/J7,"") | L7: 0.441 | N7: 89.9 | O7: solid fill | P7: straight stretch of a thin filled outline with bends (pair of parallel faces) | Q7: =IF(OR(D7="column",D7="wall"),IF(I7<='P vs V'!$B$3*J7,"column","wall"),"") | U7: yes | V7: no | W7: yes | X7: no | Y7: no | Z7: no | AA7: 0.16 | AE7: 4763.8 | AF7: 756.6 | AG7: 4771.3 | AH7: 808.2 | AI7: new | AK7: piece of a wall network the colour pipeline left unsplit
A8: 7 | B8: 120 | C8: nearest labels (100% agree) | D8: wall | E8: core_wall_solid | F8: (none) | H8: none | I8: 158 | J8: 25 | K8: =IF(AND(ISNUMBER(I8),ISNUMBER(J8),J8>0),I8/J8,"") | L8: 0.402 | N8: 89.9 | O8: solid fill | P8: straight stretch of a thin filled outline with bends (pair of parallel faces) | Q8: =IF(OR(D8="column",D8="wall"),IF(I8<='P vs V'!$B$3*J8,"column","wall"),"") | U8: yes | V8: yes | W8: yes | X8: no | Y8: no | Z8: no | AA8: 0.87 | AE8: 4870.7 | AF8: 781.7 | AG8: 4878.3 | AH8: 828.2 | AI8: new | AK8: piece of a wall network the colour pipeline left unsplit
A9: 8 | B9: 120 | C9: nearest labels (100% agree) | D9: wall | E9: core_wall_solid | F9: (none) | H9: none | I9: 47 | J9: 26 | K9: =IF(AND(ISNUMBER(I9),ISNUMBER(J9),J9>0),I9/J9,"") | L9: 0.122 | N9: 89.9 | O9: solid fill | P9: straight stretch of a thin filled outline with bends (pair of parallel faces) | Q9: =IF(OR(D9="column",D9="wall"),IF(I9<='P vs V'!$B$3*J9,"column","wall"),"") | U9: yes | V9: no | W9: yes | X9: no | Y9: no | Z9: no | AA9: 0.35 | AE9: 4870.7 | AF9: 760.3 | AG9: 4878.3 | AH9: 774.3 | AI9: new | AK9: piece of a wall network the colour pipeline left unsplit
A10: 9 | B10: 120 | C10: nearest labels (100% agree) | D10: wall | E10: retaining_wall | F10: VP20 | H10: thickness matches a VP type | I10: 2869 | J10: 20 | K10: =IF(AND(ISNUMBER(I10),ISNUMBER(J10),J10>0),I10/J10,"") | L10: 5.7 | N10: 90 | O10: solid fill | P10: solid fill, rectangle, L > 4 W (EN 1992-1-1 5.3.1(7)) | Q10: =IF(OR(D10="column",D10="wall"),IF(I10<='P vs V'!$B$3*J10,"column","wall"),"") | U10: no | V10: no | W10: yes | X10: yes | Y10: yes | Z10: no | AA10: 2.28 | AE10: 4159.1 | AF10: 483.6 | AG10: 4165.5 | AH10: 1330.7 | AI10: new | AK10: piece of a wall network the colour pipeline left unsplit | AL10: (0.87, 0.0, 0.87) | AM10: DM-VOILE
A11: 10 | B11: 120 | C11: nearest labels (100% agree) | D11: wall | E11: retaining_wall | F11: VP20 | H11: thickness matches a VP type | I11: 2055 | J11: 20 | K11: =IF(AND(ISNUMBER(I11),ISNUMBER(J11),J11>0),I11/J11,"") | L11: 4.06 | N11: 172.6 | O11: solid fill | P11: solid fill, rectangle, L > 4 W (EN 1992-1-1 5.3.1(7)) | Q11: =IF(OR(D11="column",D11="wall"),IF(I11<='P vs V'!$B$3*J11,"column","wall"),"") | U11: no | V11: no | W11: yes | X11: yes | Y11: no | Z11: no | AA11: 1.26 | AE11: 4159.6 | AF11: 404.5 | AG11: 4761.8 | AH11: 486.5 | AI11: new | AK11: piece of a wall network the colour pipeline left unsplit | AL11: (0.87, 0.0, 0.87) | AM11: DM-VOILE
A12: 11 | B12: 120 | C12: nearest labels (100% agree) | D12: wall | E12: retaining_wall | F12: VP20 | H12: thickness matches a VP type | I12: 110 | J12: 20 | K12: =IF(AND(ISNUMBER(I12),ISNUMBER(J12),J12>0),I12/J12,"") | L12: 0.209 | N12: 90 | O12: solid fill | P12: solid fill, rectangle, L > 4 W (EN 1992-1-1 5.3.1(7)) | Q12: =IF(OR(D12="column",D12="wall"),IF(I12<='P vs V'!$B$3*J12,"column","wall"),"") | U12: yes | V12: yes | W12: yes | X12: yes | Y12: no | Z12: no | AA12: 1.82 | AE12: 4818.4 | AF12: 868.7 | AG12: 4824.2 | AH12: 901.3 | AI12: new | AK12: piece of a wall network the colour pipeline left unsplit | AL12: (0.87, 0.0, 0.87) | AM12: DM-VOILE
A13: 12 | B13: 120 | C13: nearest labels (100% agree) | D13: wall | E13: retaining_wall | F13: VP20 | H13: thickness matches a VP type | I13: 245 | J13: 20 | K13: =IF(AND(ISNUMBER(I13),ISNUMBER(J13),J13>0),I13/J13,"") | L13: 0.489 | N13: 90 | O13: solid fill | P13: straight stretch of a thin filled outline with bends (pair of parallel faces) | Q13: =IF(OR(D13="column",D13="wall"),IF(I13<='P vs V'!$B$3*J13,"column","wall"),"") | U13: no | V13: yes | W13: yes | X13: yes | Y13: no | Z13: no | AA13: 3.09 | AE13: 4818.3 | AF13: 901.3 | AG13: 4824.3 | AH13: 973.5 | AI13: new | AK13: piece of a wall network the colour pipeline left unsplit
A14: 13 | B14: 120 | C14: nearest labels (100% agree) | D14: wall | E14: retaining_wall | F14: VP25 | H14: thickness matches a VP type | I14: 474 | J14: 25 | K14: =IF(AND(ISNUMBER(I14),ISNUMBER(J14),J14>0),I14/J14,"") | L14: 1.188 | N14: 180 | O14: solid fill | P14: straight stretch of a thin filled outline with bends (pair of parallel faces) | Q14: =IF(OR(D14="column",D14="wall"),IF(I14<='P vs V'!$B$3*J14,"column","wall"),"") | U14: yes | V14: yes | W14: yes | X14: yes | Y14: no | Z14: no | AA14: 1.16 | AE14: 4870.8 | AF14: 861.3 | AG14: 5010.9 | AH14: 868.7 | AI14: new | AK14: piece of a wall network the colour pipeline left unsplit
A15: 14 | B15: 120 | C15: nearest labels (100% agree) | D15: wall | E15: retaining_wall | F15: VP25 | H15: thickness matches a VP type | I15: 270 | J15: 25 | K15: =IF(AND(ISNUMBER(I15),ISNUMBER(J15),J15>0),I15/J15,"") | L15: 0.684 | N15: 90 | O15: solid fill | P15: straight stretch of a thin filled outline with bends (pair of parallel faces) | Q15: =IF(OR(D15="column",D15="wall"),IF(I15<='P vs V'!$B$3*J15,"column","wall"),"") | U15: yes | V15: no | W15: yes | X15: yes | Y15: no | Z15: no | AA15: 0.32 | AE15: 5011 | AF15: 781.6 | AG15: 5018.5 | AH15: 861.3 | AI15: new | AK15: piece of a wall network the colour pipeline left unsplit
A16: 15 | B16: 120 | C16: nearest labels (100% agree) | D16: wall | E16: retaining_wall | F16: VP25 | H16: thickness matches a VP type | I16: 287 | J16: 25 | K16: =IF(AND(ISNUMBER(I16),ISNUMBER(J16),J16>0),I16/J16,"") | L16: 0.722 | N16: 180 | O16: solid fill | P16: straight stretch of a thin filled outline with bends (pair of parallel faces) | Q16: =IF(OR(D16="column",D16="wall"),IF(I16<='P vs V'!$B$3*J16,"column","wall"),"") | U16: yes | V16: no | W16: yes | X16: yes | Y16: no | Z16: no | AA16: 0.84 | AE16: 4771.3 | AF16: 749.2 | AG16: 4856.1 | AH16: 756.6 | AI16: new | AK16: piece of a wall network the colour pipeline left unsplit
A17: 16 | B17: 120 | C17: own label | D17: wall | E17: shear_wall | F17: V1/120 | G17: V1/120/120 | H17: printed | I17: 200 | J17: 25 | K17: =IF(AND(ISNUMBER(I17),ISNUMBER(J17),J17>0),I17/J17,"") | L17: 0.502 | N17: 0 | O17: solid fill | P17: solid fill, rectangle, L > 4 W (EN 1992-1-1 5.3.1(7)) | Q17: =IF(OR(D17="column",D17="wall"),IF(I17<='P vs V'!$B$3*J17,"column","wall"),"") | U17: yes | V17: no | W17: no | X17: no | Y17: yes | Z17: yes | AA17: 2.6 | AE17: 4521.3 | AF17: 517.4 | AG17: 4580.3 | AH17: 524.9 | AI17: yes | AJ17: shear_wall | AL17: (0.87, 0.0, 0.87) | AM17: DM-VOILE
A18: 17 | B18: 120 | C18: own label | D18: wall | E18: shear_wall | F18: V1/120 | G18: V1/120/120 | H18: printed | I18: 200 | J18: 25 | K18: =IF(AND(ISNUMBER(I18),ISNUMBER(J18),J18>0),I18/J18,"") | L18: 0.5 | N18: 0 | O18: solid fill | P18: solid fill, rectangle, L > 4 W (EN 1992-1-1 5.3.1(7)) | Q18: =IF(OR(D18="column",D18="wall"),IF(I18<='P vs V'!$B$3*J18,"column","wall"),"") | U18: yes | V18: no | W18: no | X18: no | Y18: yes | Z18: yes | AA18: 1.7 | AE18: 4516.5 | AF18: 826.7 | AG18: 4575.6 | AH18: 834.2 | AI18: yes | AJ18: shear_wall | AL18: (0.87, 0.0, 0.87) | AM18: DM-VOILE
A19: 18 | B19: 120 | C19: own label | D19: wall | E19: shear_wall | F19: V1/120 | H19: inferred from building + size | I19: 200 | J19: 25 | K19: =IF(AND(ISNUMBER(I19),ISNUMBER(J19),J19>0),I19/J19,"") | L19: 0.5 | N19: 90.1 | O19: solid fill | P19: solid fill, rectangle, L > 4 W (EN 1992-1-1 5.3.1(7)) | Q19: =IF(OR(D19="column",D19="wall"),IF(I19<='P vs V'!$B$3*J19,"column","wall"),"") | R19: S1 | U19: no | V19: no | W19: yes | X19: no | Y19: no | Z19: no | AA19: 1.29 | AE19: 4763.6 | AF19: 416.7 | AG19: 4771.1 | AH19: 475.8 | AI19: new | AK19: piece of a wall network the colour pipeline left unsplit | AL19: (0.87, 0.0, 0.87) | AM19: DM-VOILE
A20: 19 | B20: 120 | C20: own label | D20: wall | E20: shear_wall | F20: V1/120 | H20: inferred from building + size | I20: 200 | J20: 25 | K20: =IF(AND(ISNUMBER(I20),ISNUMBER(J20),J20>0),I20/J20,"") | L20: 0.5 | N20: 90 | O20: solid fill | P20: solid fill, rectangle, L > 4 W (EN 1992-1-1 5.3.1(7)) | Q20: =IF(OR(D20="column",D20="wall"),IF(I20<='P vs V'!$B$3*J20,"column","wall"),"") | U20: yes | V20: no | W20: no | X20: no | Y20: no | Z20: no | AA20: 1.59 | AE20: 4644.1 | AF20: 425.8 | AG20: 4651.4 | AH20: 484.9 | AI20: yes | AJ20: shear_wall | AL20: (0.87, 0.0, 0.87) | AM20: DM-VOILE
A21: 20 | B21: 120 | C21: own label | D21: wall | E21: shear_wall | F21: V1/120 | G21: V1/120/120 | H21: printed | I21: 200 | J21: 25 | K21: =IF(AND(ISNUMBER(I21),ISNUMBER(J21),J21>0),I21/J21,"") | L21: 0.5 | N21: 0 | O21: solid fill | P21: solid fill, rectangle, L > 4 W (EN 1992-1-1 5.3.1(7)) | Q21: =IF(OR(D21="column",D21="wall"),IF(I21<='P vs V'!$B$3*J21,"column","wall"),"") | R21: S7 | U21: no | V21: no | W21: no | X21: no | Y21: yes | Z21: yes | AA21: 2.3 | AE21: 4519.4 | AF21: 681.4 | AG21: 4578.4 | AH21: 688.7 | AI21: yes | AJ21: shear_wall | AL21: (0.87, 0.0, 0.87) | AM21: DM-VOILE
A22: 21 | B22: 120 | C22: own label | D22: wall | E22: shear_wall | F22: V1/120 | G22: V1/120/120 | H22: printed | I22: 200 | J22: 25 | K22: =IF(AND(ISNUMBER(I22),ISNUMBER(J22),J22>0),I22/J22,"") | L22: 0.499 | N22: 0 | O22: solid fill | P22: solid fill, rectangle, L > 4 W (EN 1992-1-1 5.3.1(7)) | Q22: =IF(OR(D22="column",D22="wall"),IF(I22<='P vs V'!$B$3*J22,"column","wall"),"") | R22: S7 | U22: no | V22: no | W22: no | X22: no | Y22: yes | Z22: yes | AA22: 0.02 | AE22: 4519.5 | AF22: 972.2 | AG22: 4578.5 | AH22: 979.5 | AI22: yes | AJ22: shear_wall | AL22: (0.87, 0.0, 0.87) | AM22: DM-VOILE
A23: 22 | B23: 120 | C23: own label | D23: wall | E23: shear_wall | F23: V2/120 | G23: V2/120/120 | H23: printed | I23: 125 | J23: 25 | K23: =IF(AND(ISNUMBER(I23),ISNUMBER(J23),J23>0),I23/J23,"") | L23: 0.313 | N23: 179.7 | O23: solid fill | P23: solid fill, rectangle, L > 4 W (EN 1992-1-1 5.3.1(7)) | Q23: =IF(OR(D23="column",D23="wall"),IF(I23<='P vs V'!$B$3*J23,"column","wall"),"") | R23: SC3 | U23: no | V23: no | W23: no | X23: no | Y23: yes | Z23: yes | AA23: 6.21 | AE23: 4516.6 | AF23: 1323 | AG23: 4553.6 | AH23: 1330.6 | AI23: yes | AJ23: shear_wall | AL23: (0.87, 0.0, 0.87) | AM23: DM-VOILE
A24: 23 | B24: 120 | C24: own label | D24: wall | E24: shear_wall | F24: V2/120 | G24: V2/120/120 | H24: printed | I24: 125 | J24: 25 | K24: =IF(AND(ISNUMBER(I24),ISNUMBER(J24),J24>0),I24/J24,"") | L24: 0.312 | N24: 0 | O24: solid fill | P24: solid fill, rectangle, L > 4 W (EN 1992-1-1 5.3.1(7)) | Q24: =IF(OR(D24="column",D24="wall"),IF(I24<='P vs V'!$B$3*J24,"column","wall"),"") | R24: SC1 | U24: no | V24: no | W24: yes | X24: no | Y24: yes | Z24: no | AA24: 6.81 | AE24: 4749.1 | AF24: 1323.2 | AG24: 4786.1 | AH24: 1330.5 | AI24: new | AK24: piece of a wall network the colour pipeline left unsplit | AL24: (0.87, 0.0, 0.87) | AM24: DM-VOILE
A25: 24 | B25: 120 | C25: own label | D25: wall | E25: shear_wall | F25: V3/120 | G25: V3/120/120 | H25: printed | I25: 125 | J25: 25 | K25: =IF(AND(ISNUMBER(I25),ISNUMBER(J25),J25>0),I25/J25,"") | L25: 0.314 | N25: 0 | O25: solid fill | P25: solid fill, rectangle, L > 4 W (EN 1992-1-1 5.3.1(7)) | Q25: =IF(OR(D25="column",D25="wall"),IF(I25<='P vs V'!$B$3*J25,"column","wall"),"") | R25: S2 | U25: no | V25: no | W25: no | X25: no | Y25: yes | Z25: yes | AA25: 3.07 | AE25: 4285 | AF25: 864.7 | AG25: 4321.9 | AH25: 872.1 | AI25: yes | AJ25: shear_wall | AL25: (0.87, 0.0, 0.87) | AM25: DM-VOILE
A26: 25 | B26: 120 | C26: own label | D26: wall | E26: shear_wall | F26: V3/120 | G26: V3/120/120 | H26: printed | I26: 125 | J26: 25 | K26: =IF(AND(ISNUMBER(I26),ISNUMBER(J26),J26>0),I26/J26,"") | L26: 0.313 | N26: 0.1 | O26: solid fill | P26: solid fill, rectangle, L > 4 W (EN 1992-1-1 5.3.1(7)) | Q26: =IF(OR(D26="column",D26="wall"),IF(I26<='P vs V'!$B$3*J26,"column","wall"),"") | U26: yes | V26: no | W26: no | X26: no | Y26: yes | Z26: no | AA26: 6.21 | AE26: 4253.5 | AF26: 1323.1 | AG26: 4290.5 | AH26: 1330.5 | AI26: yes | AJ26: shear_wall | AL26: (0.87, 0.0, 0.87) | AM26: DM-VOILE
A27: 26 | B27: 120 | C27: own label | D27: wall | E27: shear_wall | F27: V3/120 | G27: V3/120/120 | H27: printed | I27: 125 | J27: 25 | K27: =IF(AND(ISNUMBER(I27),ISNUMBER(J27),J27>0),I27/J27,"") | L27: 0.313 | N27: 0.1 | O27: solid fill | P27: solid fill, rectangle, L > 4 W (EN 1992-1-1 5.3.1(7)) | Q27: =IF(OR(D27="column",D27="wall"),IF(I27<='P vs V'!$B$3*J27,"column","wall"),"") | R27: S2 | U27: no | V27: no | W27: no | X27: no | Y27: yes | Z27: yes | AA27: 1.55 | AE27: 4284.8 | AF27: 1094.2 | AG27: 4321.7 | AH27: 1101.6 | AI27: yes | AJ27: shear_wall | AL27: (0.87, 0.0, 0.87) | AM27: DM-VOIL
A28: 27 | B28: 120 | C28: own label | D28: wall | E28: shear_wall | F28: V3/120 | G28: V3/120120 | H28: printed | I28: 125 | J28: 25 | K28: =IF(AND(ISNUMBER(I28),ISNUMBER(J28),J28>0),I28/J28,"") | L28: 0.313 | N28: 0.1 | O28: solid fill | P28: solid fill, rectangle, L > 4 W (EN 1992-1-1 5.3.1(7)) | Q28: =IF(OR(D28="column",D28="wall"),IF(I28<='P vs V'!$B$3*J28,"column","wall"),"") | R28: S2 | U28: no | V28: no | W28: no | X28: no | Y28: yes | Z28: yes | AA28: 1.4 | AE28: 4285.2 | AF28: 635.6 | AG28: 4322.1 | AH28: 643 | AI28: yes | AJ28: shear_wall | AL28: (0.87, 0.0, 0.87) | AM28: DM-VOILE
A29: 28 | B29: 120 | C29: own label | D29: wall | E29: shear_wall | F29: V5/120 | G29: V5/120/120 | H29: printed | I29: 300 | J29: 25 | K29: =IF(AND(ISNUMBER(I29),ISNUMBER(J29),J29>0),I29/J29,"") | L29: 0.752 | N29: 90 | O29: solid fill | P29: solid fill, rectangle, L > 4 W (EN 1992-1-1 5.3.1(7)) | Q29: =IF(OR(D29="column",D29="wall"),IF(I29<='P vs V'!$B$3*J29,"column","wall"),"") | R29: S6 | U29: no | V29: no | W29: yes | X29: no | Y29: no | Z29: no | AA29: 3.31 | AE29: 4763.8 | AF29: 1046.6 | AG29: 4771.2 | AH29: 1135.2 | AI29: new | AK29: piece of a wall network the colour pipeline left unsplit | AL29: (0.87, 0.0, 0.87) | AM29: DM-VOIL
A30: 29 | B30: 120 | C30: own label | D30: wall | E30: shear_wall | F30: V8/120 | G30: V8/120/120 | H30: printed | I30: 250 | J30: 25 | K30: =IF(AND(ISNUMBER(I30),ISNUMBER(J30),J30>0),I30/J30,"") | L30: 0.625 | N30: 90.1 | O30: solid fill | P30: solid fill, rectangle, L > 4 W (EN 1992-1-1 5.3.1(7)) | Q30: =IF(OR(D30="column",D30="wall"),IF(I30<='P vs V'!$B$3*J30,"column","wall"),"") | R30: S3 | U30: no | V30: no | W30: yes | X30: no | Y30: no | Z30: no | AA30: 2.8 | AE30: 4763.7 | AF30: 561.5 | AG30: 4771.2 | AH30: 635.3 | AI30: new | AK30: piece of a wall network the colour pipeline left unsplit | AL30: (0.87, 0.0, 0.87) | AM30: DM-VOILE
A31: 30 | B31: 120 | C31: own label | D31: wall | E31: shear_wall | F31: V9/120 | G31: V9/120/120 | H31: printed | I31: 200 | J31: 30 | K31: =IF(AND(ISNUMBER(I31),ISNUMBER(J31),J31>0),I31/J31,"") | L31: 0.601 | N31: 0 | O31: solid fill | P31: solid fill, rectangle, L > 4 W (EN 1992-1-1 5.3.1(7)) | Q31: =IF(OR(D31="column",D31="wall"),IF(I31<='P vs V'!$B$3*J31,"column","wall"),"") | R31: S5 | U31: no | V31: no | W31: no | X31: no | Y31: yes | Z31: yes | AA31: 0.02 | AE31: 4516.6 | AF31: 1139.7 | AG31: 4575.6 | AH31: 1148.6 | AI31: yes | AJ31: shear_wall | AL31: (0.87, 0.0, 0.87) | AM31: DM-VOILE
A32: 31 | B32: 120 | C32: nearest labels (100% agree) | D32: wall | E32: shear_wall | F32: (none) | H32: none | I32: 1129 | J32: 20 | K32: =IF(AND(ISNUMBER(I32),ISNUMBER(J32),J32>0),I32/J32,"") | L32: 2.246 | N32: 90 | O32: solid fill | P32: straight stretch of a thin filled outline with bends (pair of parallel faces) | Q32: =IF(OR(D32="column",D32="wall"),IF(I32<='P vs V'!$B$3*J32,"column","wall"),"") | U32: no | V32: no | W32: yes | X32: no | Y32: yes | Z32: no | AA32: 2.87 | AE32: 4765.2 | AF32: 415.9 | AG32: 4771.1 | AH32: 749.2 | AI32: new | AK32: piece of a wall network the colour pipeline left unsplit
A33: 32 | B33: 120 | C33: nearest labels (80% agree) | D33: wall | E33: shear_wall | F33: (none) | H33: none | I33: 1849 | J33: 20 | K33: =IF(AND(ISNUMBER(I33),ISNUMBER(J33),J33>0),I33/J33,"") | L33: 3.705 | N33: 90 | O33: solid fill | P33: straight stretch of a thin filled outline with bends (pair of parallel faces) | Q33: =IF(OR(D33="column",D33="wall"),IF(I33<='P vs V'!$B$3*J33,"column","wall"),"") | U33: no | V33: no | W33: yes | X33: no | Y33: yes | Z33: no | AA33: 4.57 | AE33: 4765.5 | AF33: 976.5 | AG33: 4771.5 | AH33: 1522.5 | AI33: new | AK33: piece of a wall network the colour pipeline left unsplit
A34: 33 | B34: 120 | C34: nearest labels (100% agree) | D34: wall | E34: core_wall_hatched | F34: (none) | H34: none | I34: 272 | J34: 20 | K34: =IF(AND(ISNUMBER(I34),ISNUMBER(J34),J34>0),I34/J34,"") | L34: 0.54 | M34: 2.72 | N34: 0 | O34: cross-hatch | P34: cross-hatch of short strokes in two perpendicular families | Q34: =IF(OR(D34="column",D34="wall"),IF(I34<='P vs V'!$B$3*J34,"column","wall"),"") | U34: yes | V34: no | W34: no | X34: yes | Y34: no | Z34: no | AA34: 0.59 | AB34: 0.28 | AE34: 4645.5 | AF34: 790.3 | AG34: 4702.8 | AH34: 799.7 | AI34: n/a
A35: 34 | B35: 120 | C35: nearest labels (100% agree) | D35: wall | E35: core_wall_hatched | F35: (none) | H35: none | I35: 114 | J35: 20 | K35: =IF(AND(ISNUMBER(I35),ISNUMBER(J35),J35>0),I35/J35,"") | L35: 0.229 | M35: 1.14 | N35: 90 | O35: cross-hatch | P35: cross-hatch of short strokes in two perpendicular families | Q35: =IF(OR(D35="column",D35="wall"),IF(I35<='P vs V'!$B$3*J35,"column","wall"),"") | U35: yes | V35: no | W35: yes | X35: no | Y35: no | Z35: no | AA35: 0.18 | AB35: 0.28 | AE35: 4596.9 | AF35: 799.5 | AG35: 4602.9 | AH35: 850.7 | AI35: n/a
A36: 35 | B36: 120 | C36: nearest labels (100% agree) | D36: wall | E36: core_wall_hatched | F36: (none) | H36: none | I36: 241 | J36: 20 | K36: =IF(AND(ISNUMBER(I36),ISNUMBER(J36),J36>0),I36/J36,"") | L36: 0.48 | M36: 2.41 | N36: 0 | O36: cross-hatch | P36: cross-hatch of short strokes in two perpendicular families | Q36: =IF(OR(D36="column",D36="wall"),IF(I36<='P vs V'!$B$3*J36,"column","wall"),"") | U36: yes | V36: no | W36: no | X36: no | Y36: no | Z36: no | AA36: 1.2 | AB36: 0.28 | AE36: 4648 | AF36: 861.1 | AG36: 4698.9 | AH36: 870.6 | AI36: n/a
A37: 36 | B37: 120 | C37: nearest labels (100% agree) | D37: wall | E37: core_wall_hatched | F37: (none) | H37: none | I37: 408 | J37: 20 | K37: =IF(AND(ISNUMBER(I37),ISNUMBER(J37),J37>0),I37/J37,"") | L37: 0.821 | M37: 4.08 | N37: 180 | O37: cross-hatch | P37: cross-hatch of short strokes in two perpendicular families | Q37: =IF(OR(D37="column",D37="wall"),IF(I37<='P vs V'!$B$3*J37,"column","wall"),"") | U37: yes | V37: no | W37: yes | X37: yes | Y37: no | Z37: no | AA37: 1.35 | AB37: 0.28 | AE37: 4745.3 | AF37: 862.9 | AG37: 4870.3 | AH37: 901.3 | AI37: n/a
A38: 37 | B38: 120 | C38: nearest labels (100% agree) | D38: wall | E38: core_wall_hatched | F38: (none) | H38: none | I38: 163 | J38: 20 | K38: =IF(AND(ISNUMBER(I38),ISNUMBER(J38),J38>0),I38/J38,"") | L38: 0.324 | M38: 1.63 | N38: 0 | O38: cross-hatch | P38: cross-hatch of short strokes in two perpendicular families | Q38: =IF(OR(D38="column",D38="wall"),IF(I38<='P vs V'!$B$3*J38,"column","wall"),"") | U38: yes | V38: no | W38: no | X38: no | Y38: no | Z38: no | AA38: 0.86 | AB38: 0.28 | AE38: 4800 | AF38: 802.4 | AG38: 4869.3 | AH38: 808.2 | AI38: n/a
A39: 38 | B39: 120 | C39: nearest labels (60% agree) | D39: footing | E39: combined_footing | F39: SC3 | G39: SC3- | H39: printed | I39: 500 | J39: 450 | K39: =IF(AND(ISNUMBER(I39),ISNUMBER(J39),J39>0),I39/J39,"") | L39: 22.501 | N39: 179.9 | O39: closed outline | P39: closed rectangular outline around a column/wall or next to an S/SC label | Q39: =IF(OR(D39="column",D39="wall"),IF(I39<='P vs V'!$B$3*J39,"column","wall"),"") | S39: wall+wall | T39: 23 | U39: no | V39: no | W39: yes | X39: no | Y39: yes | Z39: yes | AA39: 6.34 | AE39: 4463.4 | AF39: 1264 | AG39: 4611.3 | AH39: 1397.2 | AI39: yes | AJ39: combined_footing | AL39: (0.72, 0.72, 0.0) | AM39: DM-SEMELLES
A40: 39 | B40: 120 | C40: own label | D40: footing | E40: isolated_footing | F40: S1 | G40: S1-120120 | H40: printed | I40: 280 | J40: 280 | K40: =IF(AND(ISNUMBER(I40),ISNUMBER(J40),J40>0),I40/J40,"") | L40: 7.843 | N40: 90 | O40: closed outline | P40: closed rectangular outline around a column/wall or next to an S/SC label | Q40: =IF(OR(D40="column",D40="wall"),IF(I40<='P vs V'!$B$3*J40,"column","wall"),"") | S40: wall | T40: 0 | U40: no | V40: no | W40: yes | X40: no | Y40: no | Z40: no | AA40: 1.29 | AE40: 4726 | AF40: 404.9 | AG40: 4808.7 | AH40: 487.6 | AI40: yes | AJ40: isolated_footing | AL40: (0.72, 0.72, 0.0) | AM40: DM-SEMELLES
A41: 40 | B41: 120 | C41: own label | D41: footing | E41: isolated_footing | F41: S2 | G41: S2-120120 | H41: printed | I41: 350 | J41: 200 | K41: =IF(AND(ISNUMBER(I41),ISNUMBER(J41),J41>0),I41/J41,"") | L41: 7.001 | N41: 0 | O41: closed outline | P41: closed rectangular outline around a column/wall or next to an S/SC label | Q41: =IF(OR(D41="column",D41="wall"),IF(I41<='P vs V'!$B$3*J41,"column","wall"),"") | S41: wall | T41: 13 | U41: no | V41: no | W41: yes | X41: no | Y41: yes | Z41: yes | AA41: 1.43 | AE41: 4248.2 | AF41: 610.5 | AG41: 4351.6 | AH41: 669.6 | AI41: yes | AJ41: isolated_footing | AL41: (0.72, 0.72, 0.0) | AM41: DM-SEMELLES
A42: 41 | B42: 120 | C42: own label | D42: footing | E42: isolated_footing | F42: S2 | G42: S2-120120 | H42: printed | I42: 350 | J42: 200 | K42: =IF(AND(ISNUMBER(I42),ISNUMBER(J42),J42>0),I42/J42,"") | L42: 7.001 | N42: 0 | O42: closed outline | P42: closed rectangular outline around a column/wall or next to an S/SC label | Q42: =IF(OR(D42="column",D42="wall"),IF(I42<='P vs V'!$B$3*J42,"column","wall"),"") | S42: wall | T42: 17 | U42: no | V42: no | W42: yes | X42: no | Y42: yes | Z42: yes | AA42: 2.95 | AE42: 4248.1 | AF42: 835.2 | AG42: 4351.5 | AH42: 894.4 | AI42: yes | AJ42: isolated_footing | AL42: (0.72, 0.72, 0.0) | AM42: DM-SEMELLES
A43: 42 | B43: 120 | C43: own label | D43: footing | E43: isolated_footing | F43: S2 | G43: S2-120120 | H43: printed | I43: 350 | J43: 200 | K43: =IF(AND(ISNUMBER(I43),ISNUMBER(J43),J43>0),I43/J43,"") | L43: 7.001 | N43: 0 | O43: closed outline | P43: closed rectangular outline around a column/wall or next to an S/SC label | Q43: =IF(OR(D43="column",D43="wall"),IF(I43<='P vs V'!$B$3*J43,"column","wall"),"") | S43: wall | T43: 13 | U43: no | V43: no | W43: yes | X43: no | Y43: yes | Z43: yes | AA43: 1.56 | AE43: 4247.9 | AF43: 1067.9 | AG43: 4351.3 | AH43: 1127 | AI43: yes | AJ43: isolated_footing | AL43: (0.72, 0.72, 0.0) | AM43: DM-SEMELLES
A44: 43 | B44: 120 | C44: own label | D44: footing | E44: isolated_footing | F44: S3 | G44: S3-120120 | H44: printed | I44: 320 | J44: 320 | K44: =IF(AND(ISNUMBER(I44),ISNUMBER(J44),J44>0),I44/J44,"") | L44: 10.244 | N44: 0 | O44: closed outline | P44: closed rectangular outline around a column/wall or next to an S/SC label | Q44: =IF(OR(D44="column",D44="wall"),IF(I44<='P vs V'!$B$3*J44,"column","wall"),"") | S44: wall | T44: 0 | U44: no | V44: no | W44: yes | X44: no | Y44: no | Z44: no | AA44: 2.8 | AE44: 4720.2 | AF44: 551.1 | AG44: 4814.7 | AH44: 645.7 | AI44: yes | AJ44: isolated_footing | AL44: (1.0, 0.0, 0.0) | AM44: C-LIGN_VUE
A45: 44 | B45: 120 | C45: own label | D45: footing | E45: isolated_footing | F45: S5 | G45: S5-120120 | H45: printed | I45: 450 | J45: 400 | K45: =IF(AND(ISNUMBER(I45),ISNUMBER(J45),J45>0),I45/J45,"") | L45: 18.004 | N45: 0.1 | O45: closed outline | P45: closed rectangular outline around a column/wall or next to an S/SC label | Q45: =IF(OR(D45="column",D45="wall"),IF(I45<='P vs V'!$B$3*J45,"column","wall"),"") | S45: wall | T45: 0 | U45: no | V45: no | W45: yes | X45: no | Y45: yes | Z45: yes | AA45: 0.02 | AE45: 4479.6 | AF45: 1085 | AG45: 4612.6 | AH45: 1203.4 | AI45: yes | AJ45: isolated_footing | AL45: (0.72, 0.72, 0.0) | AM45: DM-SEMELLES
A46: 45 | B46: 120 | C46: own label | D46: footing | E46: isolated_footing | F46: S6 | G46: S6-120120 | H46: printed | I46: 500 | J46: 450 | K46: =IF(AND(ISNUMBER(I46),ISNUMBER(J46),J46>0),I46/J46,"") | L46: 22.506 | N46: 0.2 | O46: closed outline | P46: closed rectangular outline around a column/wall or next to an S/SC label | Q46: =IF(OR(D46="column",D46="wall"),IF(I46<='P vs V'!$B$3*J46,"column","wall"),"") | S46: wall | T46: 1 | U46: no | V46: no | W46: yes | X46: no | Y46: yes | Z46: yes | AA46: 9.33 | AE46: 4481.1 | AF46: 1877.9 | AG46: 4629.1 | AH46: 2011.2 | AI46: yes | AJ46: isolated_footing | AL46: (0.72, 0.72, 0.0) | AM46: DM-SEMELLES
A47: 46 | B47: 120 | C47: own label | D47: footing | E47: isolated_footing | F47: S6 | G47: S6-120120 | H47: printed | I47: 500 | J47: 450 | K47: =IF(AND(ISNUMBER(I47),ISNUMBER(J47),J47>0),I47/J47,"") | L47: 22.481 | N47: 90 | O47: closed outline | P47: closed rectangular outline around a column/wall or next to an S/SC label | Q47: =IF(OR(D47="column",D47="wall"),IF(I47<='P vs V'!$B$3*J47,"column","wall"),"") | S47: wall | T47: 1 | U47: no | V47: no | W47: yes | X47: no | Y47: yes | Z47: no | AA47: 3.32 | AE47: 4701.1 | AF47: 1016.7 | AG47: 4834.1 | AH47: 1164.3 | AI47: yes | AJ47: isolated_footing | AL47: (0.72, 0.72, 0.0) | AM47: DM-SEMELLES
A48: 47 | B48: 120 | C48: own label | D48: footing | E48: isolated_footing | F48: S7 | G48: S7-120120 | H48: printed | I48: 450 | J48: 350 | K48: =IF(AND(ISNUMBER(I48),ISNUMBER(J48),J48>0),I48/J48,"") | L48: 15.756 | N48: 0.1 | O48: closed outline | P48: closed rectangular outline around a column/wall or next to an S/SC label | Q48: =IF(OR(D48="column",D48="wall"),IF(I48<='P vs V'!$B$3*J48,"column","wall"),"") | S48: wall | T48: 0 | U48: no | V48: no | W48: yes | X48: no | Y48: yes | Z48: yes | AA48: 2.3 | AE48: 4482.4 | AF48: 633.2 | AG48: 4615.4 | AH48: 736.9 | AI48: yes | AJ48: isolated_footing | AL48: (0.72, 0.72, 0.0) | AM48: DM-SEMELLES
A49: 48 | B49: 120 | C49: own label | D49: footing | E49: isolated_footing | F49: S7 | G49: S7-120120 | H49: printed | I49: 450 | J49: 350 | K49: =IF(AND(ISNUMBER(I49),ISNUMBER(J49),J49>0),I49/J49,"") | L49: 15.756 | N49: 0.1 | O49: closed outline | P49: closed rectangular outline around a column/wall or next to an S/SC label | Q49: =IF(OR(D49="column",D49="wall"),IF(I49<='P vs V'!$B$3*J49,"column","wall"),"") | S49: wall | T49: 0 | U49: no | V49: no | W49: yes | X49: no | Y49: yes | Z49: yes | AA49: 0.02 | AE49: 4482.4 | AF49: 924 | AG49: 4615.6 | AH49: 1027.7 | AI49: yes | AJ49: isolated_footing | AL49: (0.72, 0.72, 0.0) | AM49: DM-SEMELLES
A50: 49 | B50: 120 | C50: nearest labels (100% agree) | D50: mass_concrete_pad | E50: mass_concrete_pad | F50: (none) | H50: none | I50: 60 | J50: 60 | K50: =IF(AND(ISNUMBER(I50),ISNUMBER(J50),J50>0),I50/J50,"") | L50: 0.359 | N50: 90 | O50: closed outline + stipple | P50: small closed square filled with stipple dots, no label | Q50: =IF(OR(D50="column",D50="wall"),IF(I50<='P vs V'!$B$3*J50,"column","wall"),"") | U50: no | V50: no | W50: no | X50: no | Y50: yes | Z50: yes | AA50: 2.74 | AC50: 53 | AE50: 4291.2 | AF50: 508.2 | AG50: 4308.9 | AH50: 525.9 | AI50: yes | AJ50: mass_concrete_pad | AL50: (0.5, 0.5, 0.5) | AM50: DM-MGB
A51: 50 | B51: 120 | C51: nearest labels (100% agree) | D51: mass_concrete_pad | E51: mass_concrete_pad | F51: (none) | H51: none | I51: 60 | J51: 60 | K51: =IF(AND(ISNUMBER(I51),ISNUMBER(J51),J51>0),I51/J51,"") | L51: 0.359 | N51: 90 | O51: closed outline + stipple | P51: small closed square filled with stipple dots, no label | Q51: =IF(OR(D51="column",D51="wall"),IF(I51<='P vs V'!$B$3*J51,"column","wall"),"") | U51: no | V51: no | W51: no | X51: no | Y51: yes | Z51: yes | AA51: 0.01 | AC51: 54 | AE51: 4290.9 | AF51: 966.5 | AG51: 4308.6 | AH51: 984.2 | AI51: yes | AJ51: mass_concrete_pad | AL51: (0.5, 0.5, 0.5) | AM51: DM-MGB
A52: 51 | B52: 120 | C52: nearest labels (100% agree) | D52: grade_beam | E52: grade_beam | F52: LG40x15 | H52: band width matches label | I52: 130 | J52: 40 | K52: =IF(AND(ISNUMBER(I52),ISNUMBER(J52),J52>0),I52/J52,"") | L52: 0.519 | M52: 1.3 | N52: 90 | O52: parallel line pair | P52: two parallel lines at the width written in the LG label, empty inside | Q52: =IF(OR(D52="column",D52="wall"),IF(I52<='P vs V'!$B$3*J52,"column","wall"),"") | U52: no | V52: no | W52: yes | X52: no | Y52: no | Z52: no | AA52: 2.74 | AE52: 4294.1 | AF52: 469.9 | AG52: 4305.9 | AH52: 508.2 | AI52: n/a
A53: 52 | B53: 120 | C53: nearest labels (100% agree) | D53: grade_beam | E53: grade_beam | F53: LG40x15 | H53: band width matches label | I53: 287 | J53: 40 | K53: =IF(AND(ISNUMBER(I53),ISNUMBER(J53),J53>0),I53/J53,"") | L53: 1.146 | M53: 2.87 | N53: 90 | O53: parallel line pair | P53: two parallel lines at the width written in the LG label, empty inside | Q53: =IF(OR(D53="column",D53="wall"),IF(I53<='P vs V'!$B$3*J53,"column","wall"),"") | U53: no | V53: no | W53: no | X53: no | Y53: no | Z53: yes | AA53: 1 | AE53: 4294 | AF53: 525.9 | AG53: 4305.9 | AH53: 610.5 | AI53: n/a
A54: 53 | B54: 120 | C54: nearest labels (100% agree) | D54: grade_beam | E54: grade_beam | F54: LG40x15 | H54: band width matches label | I54: 561 | J54: 40 | K54: =IF(AND(ISNUMBER(I54),ISNUMBER(J54),J54>0),I54/J54,"") | L54: 2.245 | M54: 5.61 | N54: 90 | O54: parallel line pair | P54: two parallel lines at the width written in the LG label, empty inside | Q54: =IF(OR(D54="column",D54="wall"),IF(I54<='P vs V'!$B$3*J54,"column","wall"),"") | U54: no | V54: no | W54: no | X54: no | Y54: no | Z54: yes | AA54: 0 | AE54: 4293.9 | AF54: 669.6 | AG54: 4305.8 | AH54: 835.3 | AI54: n/a
A55: 54 | B55: 120 | C55: nearest labels (100% agree) | D55: grade_beam | E55: grade_beam | F55: LG40x15 | H55: band width matches label | I55: 245 | J55: 40 | K55: =IF(AND(ISNUMBER(I55),ISNUMBER(J55),J55>0),I55/J55,"") | L55: 0.978 | M55: 2.45 | N55: 90 | O55: parallel line pair | P55: two parallel lines at the width written in the LG label, empty inside | Q55: =IF(OR(D55="column",D55="wall"),IF(I55<='P vs V'!$B$3*J55,"column","wall"),"") | U55: no | V55: no | W55: no | X55: no | Y55: no | Z55: no | AA55: 1.52 | AE55: 4293.8 | AF55: 894.3 | AG55: 4305.6 | AH55: 966.5 | AI55: n/a
A56: 55 | B56: 120 | C56: nearest labels (100% agree) | D56: grade_beam | E56: grade_beam | F56: LG40x15 | H56: band width matches label | I56: 283 | J56: 40 | K56: =IF(AND(ISNUMBER(I56),ISNUMBER(J56),J56>0),I56/J56,"") | L56: 1.133 | M56: 2.83 | N56: 90 | O56: parallel line pair | P56: two parallel lines at the width written in the LG label, empty inside | Q56: =IF(OR(D56="column",D56="wall"),IF(I56<='P vs V'!$B$3*J56,"column","wall"),"") | U56: no | V56: no | W56: no | X56: no | Y56: no | Z56: yes | AA56: 1.72 | AE56: 4293.7 | AF56: 984.2 | AG56: 4305.6 | AH56: 1067.9 | AI56: n/a
A57: 56 | B57: 120 | C57: nearest labels (80% agree) | D57: grade_beam | E57: grade_beam | F57: LG40x15 | H57: band width matches label | I57: 650 | J57: 40 | K57: =IF(AND(ISNUMBER(I57),ISNUMBER(J57),J57>0),I57/J57,"") | L57: 2.598 | M57: 6.5 | N57: 90 | O57: parallel line pair | P57: two parallel lines at the width written in the LG label, empty inside | Q57: =IF(OR(D57="column",D57="wall"),IF(I57<='P vs V'!$B$3*J57,"column","wall"),"") | U57: no | V57: no | W57: no | X57: no | Y57: no | Z57: yes | AA57: 2.69 | AE57: 4293.5 | AF57: 1126.9 | AG57: 4305.5 | AH57: 1318.7 | AI57: n/a
A58: 57 | B58: 120 | C58: nearest labels (100% agree) | D58: grade_beam | E58: grade_beam | F58: LG40x15 | H58: band width matches label | I58: 367 | J58: 40 | K58: =IF(AND(ISNUMBER(I58),ISNUMBER(J58),J58>0),I58/J58,"") | L58: 1.47 | M58: 3.67 | N58: 89.9 | O58: parallel line pair | P58: two parallel lines at the width written in the LG label, empty inside | Q58: =IF(OR(D58="column",D58="wall"),IF(I58<='P vs V'!$B$3*J58,"column","wall"),"") | U58: no | V58: no | W58: yes | X58: no | Y58: no | Z58: yes | AA58: 0.64 | AE58: 4540.4 | AF58: 524.8 | AG58: 4552.4 | AH58: 633.4 | AI58: n/a
A59: 58 | B59: 120 | C59: nearest labels (100% agree) | D59: grade_beam | E59: grade_beam | F59: LG40x15 | H59: band width matches label | I59: 305 | J59: 40 | K59: =IF(AND(ISNUMBER(I59),ISNUMBER(J59),J59>0),I59/J59,"") | L59: 1.219 | M59: 3.05 | N59: 89.9 | O59: parallel line pair | P59: two parallel lines at the width written in the LG label, empty inside | Q59: =IF(OR(D59="column",D59="wall"),IF(I59<='P vs V'!$B$3*J59,"column","wall"),"") | U59: yes | V59: no | W59: yes | X59: no | Y59: no | Z59: yes | AA59: 0.14 | AE59: 4540.7 | AF59: 736.7 | AG59: 4552.7 | AH59: 826.7 | AI59: n/a
A60: 59 | B60: 120 | C60: nearest labels (100% agree) | D60: grade_beam | E60: grade_beam | F60: LG40x15 | H60: band width matches label | I60: 305 | J60: 40 | K60: =IF(AND(ISNUMBER(I60),ISNUMBER(J60),J60>0),I60/J60,"") | L60: 1.22 | M60: 3.05 | N60: 89.9 | O60: parallel line pair | P60: two parallel lines at the width written in the LG label, empty inside | Q60: =IF(OR(D60="column",D60="wall"),IF(I60<='P vs V'!$B$3*J60,"column","wall"),"") | U60: yes | V60: no | W60: yes | X60: no | Y60: no | Z60: yes | AA60: 2.35 | AE60: 4540.9 | AF60: 834.1 | AG60: 4552.9 | AH60: 924.2 | AI60: n/a
A61: 60 | B61: 120 | C61: nearest labels (100% agree) | D61: grade_beam | E61: grade_beam | F61: LG40x15 | H61: band width matches label | I61: 195 | J61: 40 | K61: =IF(AND(ISNUMBER(I61),ISNUMBER(J61),J61>0),I61/J61,"") | L61: 0.78 | M61: 1.95 | N61: 89.9 | O61: parallel line pair | P61: two parallel lines at the width written in the LG label, empty inside | Q61: =IF(OR(D61="column",D61="wall"),IF(I61<='P vs V'!$B$3*J61,"column","wall"),"") | U61: no | V61: no | W61: no | X61: no | Y61: no | Z61: no | AA61: 2.75 | AE61: 4541.2 | AF61: 1027.5 | AG61: 4553.2 | AH61: 1085.1 | AI61: n/a
A62: 61 | B62: 120 | C62: nearest labels (80% agree) | D62: grade_beam | E62: grade_beam | F62: LG40x15 | H62: band width matches label | I62: 206 | J62: 40 | K62: =IF(AND(ISNUMBER(I62),ISNUMBER(J62),J62>0),I62/J62,"") | L62: 0.825 | M62: 2.06 | N62: 89.9 | O62: parallel line pair | P62: two parallel lines at the width written in the LG label, empty inside | Q62: =IF(OR(D62="column",D62="wall"),IF(I62<='P vs V'!$B$3*J62,"column","wall"),"") | U62: no | V62: no | W62: no | X62: no | Y62: no | Z62: no | AA62: 3.05 | AE62: 4541.6 | AF62: 1203.2 | AG62: 4553.5 | AH62: 1264.2 | AI62: n/a
A63: 62 | B63: 120 | C63: nearest labels (60% agree) | D63: grade_beam | E63: grade_beam | F63: LG40x15 | H63: band width matches label | I63: 300 | J63: 40 | K63: =IF(AND(ISNUMBER(I63),ISNUMBER(J63),J63>0),I63/J63,"") | L63: 1.2 | M63: 3 | N63: 0 | O63: parallel line pair | P63: two parallel lines at the width written in the LG label, empty inside | Q63: =IF(OR(D63="column",D63="wall"),IF(I63<='P vs V'!$B$3*J63,"column","wall"),"") | U63: yes | V63: no | W63: yes | X63: no | Y63: no | Z63: no | AA63: 6.47 | AE63: 4164.9 | AF63: 1333.6 | AG63: 4253.5 | AH63: 1345.4 | AI63: n/a
... A91: 90 | B91: 120 | C91: nearest labels (100% agree) | D91: strip_footing | E91: strip_footing | F91: SF4 | H91: band width matches label | I91: 280 | J91: 120 | K91: =IF(AND(ISNUMBER(I91),ISNUMBER(J91),J91>0),I91/J91,"") | L91: 3.361 | M91: 2.8 | N91: 90 | O91: parallel line pair | P91: two parallel lines at the width written in the SF label, a wall inside | Q91: =IF(OR(D91="column",D91="wall"),IF(I91<='P vs V'!$B$3*J91,"column","wall"),"") | U91: yes | V91: no | W91: yes | X91: yes | Y91: no | Z91: no | AA91: 0.32 | AE91: 5012.5 | AF91: 780.1 | AG91: 5048 | AH91: 862.8 | AI91: n/a
A92: 91 | B92: 120 | C92: nearest labels (100% agree) | D92: raft | E92: raft | F92: Radier 110 | G92: Radier | H92: printed | I92: 693 | J92: 524 | K92: =IF(AND(ISNUMBER(I92),ISNUMBER(J92),J92>0),I92/J92,"") | L92: 30.277 | N92: 0 | O92: stamp + corner diagonals | P92: 'Radier' stamp; extent from the corner diagonals that stop at the stamp | Q92: =IF(OR(D92="column",D92="wall"),IF(I92<='P vs V'!$B$3*J92,"column","wall"),"") | U92: no | V92: no | W92: yes | X92: no | Y92: yes | Z92: yes | AA92: 3.21 | AD92: 110 | AE92: 4484.3 | AF92: 414 | AG92: 4689.1 | AH92: 568.7 | AI92: n/a
A93: 92 | B93: 120 | C93: nearest labels (100% agree) | D93: raft | E93: raft | F93: Radier 90 | G93: Radier | H93: printed | I93: 1900 | J93: 560 | K93: =IF(AND(ISNUMBER(I93),ISNUMBER(J93),J93>0),I93/J93,"") | L93: 96.849 | N93: 0 | O93: stamp + corner diagonals | P93: 'Radier' stamp; extent from the corner diagonals that stop at the stamp | Q93: =IF(OR(D93="column",D93="wall"),IF(I93<='P vs V'!$B$3*J93,"column","wall"),"") | U93: no | V93: yes | W93: yes | X93: no | Y93: yes | Z93: yes | AA93: 0.26 | AD93: 90 | AE93: 4486.8 | AF93: 733.2 | AG93: 5047.9 | AH93: 898.5 | AI93: n/a
A94: 93 | B94: 121 | C94: own label | D94: column | E94: column | F94: P2/121 | G94: P2/121/121 | H94: printed | I94: 100 | J94: 25 | K94: =IF(AND(ISNUMBER(I94),ISNUMBER(J94),J94>0),I94/J94,"") | L94: 0.251 | N94: 179.8 | O94: solid fill | P94: solid fill, rectangle, L <= 4 W (EN 1992-1-1 5.3.1(7)) | Q94: =IF(OR(D94="column",D94="wall"),IF(I94<='P vs V'!$B$3*J94,"column","wall"),"") | R94: SC4 | U94: no | V94: no | W94: no | X94: no | Y94: yes | Z94: yes | AA94: 1.45 | AE94: 4594.7 | AF94: 1612.9 | AG94: 4624.2 | AH94: 1620.4 | AI94: yes | AJ94: column | AL94: (0.0, 0.0, 1.0) | AM94: DM-Poteaux
A95: 94 | B95: 121 | C95: own label | D95: column | E95: column | F95: P2/121 | G95: P2/121/121 | H95: printed | I95: 100 | J95: 25 | K95: =IF(AND(ISNUMBER(I95),ISNUMBER(J95),J95>0),I95/J95,"") | L95: 0.25 | N95: 179.9 | O95: solid fill | P95: solid fill, rectangle, L <= 4 W (EN 1992-1-1 5.3.1(7)) | Q95: =IF(OR(D95="column",D95="wall"),IF(I95<='P vs V'!$B$3*J95,"column","wall"),"") | R95: S0 | U95: no | V95: no | W95: no | X95: no | Y95: yes | Z95: yes | AA95: 0 | AE95: 4594.5 | AF95: 1525.8 | AG95: 4624.1 | AH95: 1533.2 | AI95: yes | AJ95: column | AL95: (0.0, 0.0, 1.0) | AM95: DM-Poteaux
A96: 95 | B96: 121 | C96: own label | D96: column | E96: column | F96: P2/121 | G96: P2/121/121 | H96: printed | I96: 100 | J96: 25 | K96: =IF(AND(ISNUMBER(I96),ISNUMBER(J96),J96>0),I96/J96,"") | L96: 0.25 | N96: 179.9 | O96: solid fill | P96: solid fill, rectangle, L <= 4 W (EN 1992-1-1 5.3.1(7)) | Q96: =IF(OR(D96="column",D96="wall"),IF(I96<='P vs V'!$B$3*J96,"column","wall"),"") | U96: yes | V96: no | W96: no | X96: no | Y96: no | Z96: no | AA96: 1.45 | AE96: 4699.5 | AF96: 1612.7 | AG96: 4729.1 | AH96: 1620.1 | AI96: yes | AJ96: column | AL96: (0.0, 0.0, 1.0) | AM96: DM-Poteaux
A97: 96 | B97: 121 | C97: own label | D97: column | E97: column | F97: P2/121 | G97: P2/121/121 | H97: printed | I97: 100 | J97: 25 | K97: =IF(AND(ISNUMBER(I97),ISNUMBER(J97),J97>0),I97/J97,"") | L97: 0.25 | N97: 179.9 | O97: solid fill | P97: solid fill, rectangle, L <= 4 W (EN 1992-1-1 5.3.1(7)) | Q97: =IF(OR(D97="column",D97="wall"),IF(I97<='P vs V'!$B$3*J97,"column","wall"),"") | U97: yes | V97: yes | W97: no | X97: no | Y97: no | Z97: no | AA97: 0 | AE97: 4699.3 | AF97: 1525.6 | AG97: 4728.9 | AH97: 1533 | AI97: yes | AJ97: column | AL97: (0.0, 0.0, 1.0) | AM97: DM-Poteaux
A98: 97 | B98: 121 | C98: nearest labels (100% agree) | D98: wall | E98: core_wall_solid | F98: (none) | H98: none | I98: 342 | J98: 25 | K98: =IF(AND(ISNUMBER(I98),ISNUMBER(J98),J98>0),I98/J98,"") | L98: 0.86 | N98: 0 | O98: solid fill | P98: solid fill, rectangle, L > 4 W (EN 1992-1-1 5.3.1(7)) | Q98: =IF(OR(D98="column",D98="wall"),IF(I98<='P vs V'!$B$3*J98,"column","wall"),"") | U98: yes | V98: no | W98: yes | X98: no | Y98: no | Z98: no | AA98: 2.95 | AE98: 4910.8 | AF98: 1612 | AG98: 5011.7 | AH98: 1619.5 | AI98: new | AK98: piece of a wall network the colour pipeline left unsplit | AL98: (0.87, 0.0, 0.87) | AM98: DM-VOIL
A99: 98 | B99: 121 | C99: nearest labels (100% agree) | D99: wall | E99: core_wall_solid | F99: (none) | H99: none | I99: 449 | J99: 25 | K99: =IF(AND(ISNUMBER(I99),ISNUMBER(J99),J99>0),I99/J99,"") | L99: 1.133 | N99: 179.9 | O99: solid fill | P99: straight stretch of a thin filled outline with bends (pair of parallel faces) | Q99: =IF(OR(D99="column",D99="wall"),IF(I99<='P vs V'!$B$3*J99,"column","wall"),"") | U99: yes | V99: no | W99: yes | X99: no | Y99: no | Z99: no | AA99: 0.01 | AE99: 4878.9 | AF99: 1524.9 | AG99: 5011.4 | AH99: 1532.7 | AI99: new | AK99: piece of a wall network the colour pipeline left unsplit
A100: 99 | B100: 121 | C100: nearest labels (80% agree) | D100: wall | E100: core_wall_solid | F100: (none) | H100: none | I100: 337 | J100: 25 | K100: =IF(AND(ISNUMBER(I100),ISNUMBER(J100),J100>0),I100/J100,"") | L100: 0.852 | N100: 179.9 | O100: solid fill | P100: straight stretch of a thin filled outline with bends (pair of parallel faces) | Q100: =IF(OR(D100="column",D100="wall"),IF(I100<='P vs V'!$B$3*J100,"column","wall"),"") | U100: yes | V100: no | W100: yes | X100: no | Y100: no | Z100: no | AA100: 0 | AE100: 4771.8 | AF100: 1525.3 | AG100: 4871.2 | AH100: 1532.9 | AI100: new | AK100: piece of a wall network the colour pipeline left unsplit
A101: 100 | B101: 121 | C101: nearest labels (100% agree) | D101: wall | E101: core_wall_solid | F101: (none) | H101: none | I101: 295 | J101: 25 | K101: =IF(AND(ISNUMBER(I101),ISNUMBER(J101),J101>0),I101/J101,"") | L101: 0.751 | N101: 89.8 | O101: solid fill | P101: straight stretch of a thin filled outline with bends (pair of parallel faces) | Q101: =IF(OR(D101="column",D101="wall"),IF(I101<='P vs V'!$B$3*J101,"column","wall"),"") | U101: yes | V101: yes | W101: yes | X101: no | Y101: no | Z101: no | AA101: 1.61 | AE101: 4871.2 | AF101: 1532.7 | AG101: 4879.1 | AH101: 1619.8 | AI101: new | AK101: piece of a wall network the colour pipeline left unsplit
A102: 101 | B102: 121 | C102: nearest labels (100% agree) | D102: wall | E102: core_wall_solid | F102: (none) | H102: none | I102: 295 | J102: 25 | K102: =IF(AND(ISNUMBER(I102),ISNUMBER(J102),J102>0),I102/J102,"") | L102: 0.747 | N102: 89.8 | O102: solid fill | P102: straight stretch of a thin filled outline with bends (pair of parallel faces) | Q102: =IF(OR(D102="column",D102="wall"),IF(I102<='P vs V'!$B$3*J102,"column","wall"),"") | U102: yes | V102: no | W102: yes | X102: no | Y102: no | Z102: no | AA102: 1.61 | AE102: 5011.4 | AF102: 1532.4 | AG102: 5019.2 | AH102: 1619.5 | AI102: new | AK102: piece of a wall network the colour pipeline left unsplit
A103: 102 | B103: 121 | C103: nearest labels (100% agree) | D103: wall | E103: core_wall_solid | F103: (none) | H103: none | I103: 175 | J103: 25 | K103: =IF(AND(ISNUMBER(I103),ISNUMBER(J103),J103>0),I103/J103,"") | L103: 0.445 | N103: 89.9 | O103: solid fill | P103: straight stretch of a thin filled outline with bends (pair of parallel faces) | Q103: =IF(OR(D103="column",D103="wall"),IF(I103<='P vs V'!$B$3*J103,"column","wall"),"") | U103: yes | V103: yes | W103: yes | X103: no | Y103: no | Z103: no | AA103: 1 | AE103: 4764.3 | AF103: 1532.9 | AG103: 4771.9 | AH103: 1584.5 | AI103: new | AK103: piece of a wall network the colour pipeline left unsplit
A104: 103 | B104: 121 | C104: nearest labels (80% agree) | D104: wall | E104: core_wall_solid | F104: (none) | H104: none | I104: 739 | J104: 20 | K104: =IF(AND(ISNUMBER(I104),ISNUMBER(J104),J104>0),I104/J104,"") | L104: 1.503 | N104: 179.9 | O104: solid fill | P104: straight stretch of a thin filled outline with bends (pair of parallel faces) | Q104: =IF(OR(D104="column",D104="wall"),IF(I104<='P vs V'!$B$3*J104,"column","wall"),"") | U104: yes | V104: no | W104: yes | X104: no | Y104: no | Z104: no | AA104: 0.02 | AE104: 4783.2 | AF104: 1524.9 | AG104: 5001.4 | AH104: 1531.4 | AI104: new | AK104: piece of a wall network the colour pipeline left unsplit
A105: 104 | B105: 121 | C105: nearest labels (100% agree) | D105: wall | E105: core_wall_solid | F105: (none) | H105: none | I105: 382 | J105: 20 | K105: =IF(AND(ISNUMBER(I105),ISNUMBER(J105),J105>0),I105/J105,"") | L105: 0.773 | N105: 89.8 | O105: solid fill | P105: straight stretch of a thin filled outline with bends (pair of parallel faces) | Q105: =IF(OR(D105="column",D105="wall"),IF(I105<='P vs V'!$B$3*J105,"column","wall"),"") | U105: yes | V105: no | W105: yes | X105: no | Y105: no | Z105: no | AA105: 2.09 | AE105: 5012.9 | AF105: 1533.8 | AG105: 5019.2 | AH105: 1646.7 | AI105: new | AK105: piece of a wall network the colour pipeline left unsplit
A106: 105 | B106: 121 | C106: nearest labels (100% agree) | D106: wall | E106: retaining_wall | F106: VP20 | H106: thickness matches a VP type | I106: 2719 | J106: 20 | K106: =IF(AND(ISNUMBER(I106),ISNUMBER(J106),J106>0),I106/J106,"") | L106: 5.403 | N106: 90 | O106: solid fill | P106: solid fill, rectangle, L > 4 W (EN 1992-1-1 5.3.1(7)) | Q106: =IF(OR(D106="column",D106="wall"),IF(I106<='P vs V'!$B$3*J106,"column","wall"),"") | U106: no | V106: no | W106: no | X106: yes | Y106: yes | Z106: yes | AA106: 2.56 | AE106: 4158.5 | AF106: 1333.7 | AG106: 4164.9 | AH106: 2136.6 | AI106: yes | AJ106: retaining_wall | AL106: (0.87, 0.0, 0.87) | AM106: DM-VOILE
A107: 106 | B107: 121 | C107: nearest labels (60% agree) | D107: wall | E107: retaining_wall | F107: VP20 | H107: thickness matches a VP type | I107: 885 | J107: 20 | K107: =IF(AND(ISNUMBER(I107),ISNUMBER(J107),J107>0),I107/J107,"") | L107: 1.769 | N107: 179.9 | O107: solid fill | P107: solid fill, rectangle, L > 4 W (EN 1992-1-1 5.3.1(7)) | Q107: =IF(OR(D107="column",D107="wall"),IF(I107<='P vs V'!$B$3*J107,"column","wall"),"") | U107: no | V107: no | W107: yes | X107: yes | Y107: yes | Z107: no | AA107: 7.54 | AE107: 4511.3 | AF107: 2033.3 | AG107: 4772.6 | AH107: 2039.8 | AI107: new | AK107: piece of a wall network the colour pipeline left unsplit | AL107: (0.87, 0.0, 0.87) | AM107: DM-VOILE
A108: 107 | B108: 121 | C108: own label | D108: wall | E108: shear_wall | F108: V1/121 | G108: V1/121/121 | H108: printed | I108: 200 | J108: 25 | K108: =IF(AND(ISNUMBER(I108),ISNUMBER(J108),J108>0),I108/J108,"") | L108: 0.501 | N108: 179.9 | O108: solid fill | P108: solid fill, rectangle, L > 4 W (EN 1992-1-1 5.3.1(7)) | Q108: =IF(OR(D108="column",D108="wall"),IF(I108<='P vs V'!$B$3*J108,"column","wall"),"") | R108: S7 | U108: no | V108: no | W108: no | X108: no | Y108: yes | Z108: yes | AA108: 3.95 | AE108: 4517.5 | AF108: 1772.5 | AG108: 4576.6 | AH108: 1780 | AI108: yes | AJ108: shear_wall | AL108: (0.87, 0.0, 0.87) | AM108: DM-VOILE
A109: 108 | B109: 121 | C109: own label | D109: wall | E109: shear_wall | F109: V1/121 | H109: inferred from building + size | I109: 200 | J109: 25 | K109: =IF(AND(ISNUMBER(I109),ISNUMBER(J109),J109>0),I109/J109,"") | L109: 0.501 | N109: 179.9 | O109: solid fill | P109: solid fill, rectangle, L > 4 W (EN 1992-1-1 5.3.1(7)) | Q109: =IF(OR(D109="column",D109="wall"),IF(I109<='P vs V'!$B$3*J109,"column","wall"),"") | R109: S7 | U109: no | V109: no | W109: yes | X109: no | Y109: no | Z109: no | AA109: 8.36 | AE109: 4960.4 | AF109: 1771.5 | AG109: 5019.5 | AH109: 1779 | AI109: new | AK109: piece of a wall network the colour pipeline left unsplit | AL109: (0.87, 0.0, 0.87) | AM109: DM-VOILE
A110: 109 | B110: 121 | C110: own label | D110: wall | E110: shear_wall | F110: V1/121 | G110: V1/121/121 | H110: printed | I110: 200 | J110: 25 | K110: =IF(AND(ISNUMBER(I110),ISNUMBER(J110),J110>0),I110/J110,"") | L110: 0.5 | N110: 0 | O110: solid fill | P110: solid fill, rectangle, L > 4 W (EN 1992-1-1 5.3.1(7)) | Q110: =IF(OR(D110="column",D110="wall"),IF(I110<='P vs V'!$B$3*J110,"column","wall"),"") | R110: SC4 | U110: no | V110: no | W110: no | X110: no | Y110: yes | Z110: yes | AA110: 0 | AE110: 4517.3 | AF110: 1656 | AG110: 4576.3 | AH110: 1663.4 | AI110: yes | AJ110: shear_wall | AL110: (0.87, 0.0, 0.87) | AM110: DM-VOILE
A111: 110 | B111: 121 | C111: own label | D111: wall | E111: shear_wall | F111: V1/121 | G111: V1/121/121 | H111: printed | I111: 200 | J111: 25 | K111: =IF(AND(ISNUMBER(I111),ISNUMBER(J111),J111>0),I111/J111,"") | L111: 0.499 | N111: 0 | O111: solid fill | P111: solid fill, rectangle, L > 4 W (EN 1992-1-1 5.3.1(7)) | Q111: =IF(OR(D111="column",D111="wall"),IF(I111<='P vs V'!$B$3*J111,"column","wall"),"") | R111: SC3 | U111: no | V111: no | W111: no | X111: no | Y111: yes | Z111: yes | AA111: 6.52 | AE111: 4519.6 | AF111: 1333.5 | AG111: 4578.6 | AH111: 1340.9 | AI111: yes | AJ111: shear_wall | AL111: (0.87, 0.0, 0.87) | AM111: DM-VOILE
A112: 111 | B112: 121 | C112: own label | D112: wall | E112: shear_wall | F112: V2/121 | G112: V2/121/121 | H112: printed | I112: 125 | J112: 25 | K112: =IF(AND(ISNUMBER(I112),ISNUMBER(J112),J112>0),I112/J112,"") | L112: 0.312 | N112: 0 | O112: solid fill | P112: solid fill, rectangle, L > 4 W (EN 1992-1-1 5.3.1(7)) | Q112: =IF(OR(D112="column",D112="wall"),IF(I112<='P vs V'!$B$3*J112,"column","wall"),"") | R112: SC1 | U112: no | V112: no | W112: yes | X112: no | Y112: yes | Z112: no | AA112: 6.5 | AE112: 4749.1 | AF112: 1333.5 | AG112: 4786.1 | AH112: 1340.9 | AI112: new | AK112: piece of a wall network the colour pipeline left unsplit | AL112: (0.87, 0.0, 0.87) | AM112: DM-VOILE
A113: 112 | B113: 121 | C113: own label | D113: wall | E113: shear_wall | F113: V2/121 | G113: V2/121/121 | H113: printed | I113: 125 | J113: 25 | K113: =IF(AND(ISNUMBER(I113),ISNUMBER(J113),J113>0),I113/J113,"") | L113: 0.312 | N113: 179.9 | O113: solid fill | P113: solid fill, rectangle, L > 4 W (EN 1992-1-1 5.3.1(7)) | Q113: =IF(OR(D113="column",D113="wall"),IF(I113<='P vs V'!$B$3*J113,"column","wall"),"") | R113: SC1 | U113: no | V113: no | W113: yes | X113: no | Y113: no | Z113: no | AA113: 4.31 | AE113: 4750.8 | AF113: 2127.9 | AG113: 4787.7 | AH113: 2135.3 | AI113: new | AK113: piece of a wall network the colour pipeline left unsplit | AL113: (0.87, 0.0, 0.87) | AM113: DM-VOILE
A114: 113 | B114: 121 | C114: own label | D114: wall | E114: shear_wall | F114: V2/121 | G114: V2/121/121 | H114: printed | I114: 125 | J114: 25 | K114: =IF(AND(ISNUMBER(I114),ISNUMBER(J114),J114>0),I114/J114,"") | L114: 0.312 | N114: 179.9 | O114: solid fill | P114: solid fill, rectangle, L > 4 W (EN 1992-1-1 5.3.1(7)) | Q114: =IF(OR(D114="column",D114="wall"),IF(I114<='P vs V'!$B$3*J114,"column","wall"),"") | R114: SC3 | U114: no | V114: no | W114: yes | X114: no | Y114: no | Z114: no | AA114: 4.31 | AE114: 4518.3 | AF114: 2128.4 | AG114: 4555.3 | AH114: 2135.8 | AI114: new | AK114: piece of a wall network the colour pipeline left unsplit | AL114: (0.87, 0.0, 0.87) | AM114: DM-VOILE
A115: 114 | B115: 121 | C115: own label | D115: wall | E115: shear_wall | F115: V3/121 | G115: V3/121/121 | H115: printed | I115: 125 | J115: 25 | K115: =IF(AND(ISNUMBER(I115),ISNUMBER(J115),J115>0),I115/J115,"") | L115: 0.314 | N115: 0 | O115: solid fill | P115: solid fill, rectangle, L > 4 W (EN 1992-1-1 5.3.1(7)) | Q115: =IF(OR(D115="column",D115="wall"),IF(I115<='P vs V'!$B$3*J115,"column","wall"),"") | R115: SC1 | U115: no | V115: no | W115: no | X115: no | Y115: yes | Z115: yes | AA115: 0.86 | AE115: 4278 | AF115: 2128.9 | AG115: 4314.9 | AH115: 2136.4 | AI115: yes | AJ115: shear_wall | AL115: (0.87, 0.0, 0.87) | AM115: DM-VOILE
A116: 115 | B116: 121 | C116: own label | D116: wall | E116: shear_wall | F116: V3/121 | G116: V3/121/121 | H116: printed | I116: 125 | J116: 25 | K116: =IF(AND(ISNUMBER(I116),ISNUMBER(J116),J116>0),I116/J116,"") | L116: 0.313 | N116: 0 | O116: solid fill | P116: solid fill, rectangle, L > 4 W (EN 1992-1-1 5.3.1(7)) | Q116: =IF(OR(D116="column",D116="wall"),IF(I116<='P vs V'!$B$3*J116,"column","wall"),"") | U116: yes | V116: no | W116: no | X116: no | Y116: yes | Z116: yes | AA116: 6.54 | AE116: 4253.5 | AF116: 1333.6 | AG116: 4290.5 | AH116: 1341 | AI116: yes | AJ116: shear_wall | AL116: (0.87, 0.0, 0.87) | AM116: DM-VOILE
A117: 116 | B117: 121 | C117: own label | D117: wall | E117: shear_wall | F117: V3/121 | G117: V3/121/121 | H117: printed | I117: 125 | J117: 25 | K117: =IF(AND(ISNUMBER(I117),ISNUMBER(J117),J117>0),I117/J117,"") | L117: 0.308 | N117: 0 | O117: solid fill | P117: solid fill, rectangle, L > 4 W (EN 1992-1-1 5.3.1(7)) | Q117: =IF(OR(D117="column",D117="wall"),IF(I117<='P vs V'!$B$3*J117,"column","wall"),"") | U117: yes | V117: no | W117: no | X117: no | Y117: yes | Z117: yes | AA117: 1.16 | AE117: 4277.3 | AF117: 1560.9 | AG117: 4314.2 | AH117: 1568.2 | AI117: yes | AJ117: shear_wall | AL117: (0.87, 0.0, 0.87) | AM117: DM-VOILE
A118: 117 | B118: 121 | C118: own label | D118: wall | E118: shear_wall | F118: V3/121 | G118: V3/121/121 | H118: printed | I118: 125 | J118: 25 | K118: =IF(AND(ISNUMBER(I118),ISNUMBER(J118),J118>0),I118/J118,"") | L118: 0.307 | N118: 0 | O118: solid fill | P118: solid fill, rectangle, L > 4 W (EN 1992-1-1 5.3.1(7)) | Q118: =IF(OR(D118="column",D118="wall"),IF(I118<='P vs V'!$B$3*J118,"column","wall"),"") | R118: S2 | U118: no | V118: no | W118: no | X118: no | Y118: yes | Z118: yes | AA118: 2.48 | AE118: 4277.9 | AF118: 2019.2 | AG118: 4314.8 | AH118: 2026.4 | AI118: yes | AJ118: shear_wall | AL118: (0.87, 0.0, 0.87) | AM118: DM-VOILE
A119: 118 | B119: 121 | C119: own label | D119: wall | E119: shear_wall | F119: V3/121 | G119: V3/121/121 | H119: printed | I119: 125 | J119: 25 | K119: =IF(AND(ISNUMBER(I119),ISNUMBER(J119),J119>0),I119/J119,"") | L119: 0.307 | N119: 0 | O119: solid fill | P119: solid fill, rectangle, L > 4 W (EN 1992-1-1 5.3.1(7)) | Q119: =IF(OR(D119="column",D119="wall"),IF(I119<='P vs V'!$B$3*J119,"column","wall"),"") | R119: S2 | U119: no | V119: no | W119: no | X119: no | Y119: yes | Z119: yes | AA119: 4.56 | AE119: 4277.6 | AF119: 1791 | AG119: 4314.5 | AH119: 1798.2 | AI119: yes | AJ119: shear_wall | AL119: (0.87, 0.0, 0.87) | AM119: DM-VOILE
A120: 119 | B120: 121 | C120: own label | D120: wall | E120: shear_wall | F120: V6/121 | G120: V6/121/121 | H120: printed | I120: 250 | J120: 25 | K120: =IF(AND(ISNUMBER(I120),ISNUMBER(J120),J120>0),I120/J120,"") | L120: 0.624 | N120: 89.9 | O120: solid fill | P120: solid fill, rectangle, L > 4 W (EN 1992-1-1 5.3.1(7)) | Q120: =IF(OR(D120="column",D120="wall"),IF(I120<='P vs V'!$B$3*J120,"column","wall"),"") | R120: S7 | U120: no | V120: no | W120: yes | X120: no | Y120: yes | Z120: no | AA120: 3.04 | AE120: 4764.7 | AF120: 1707.2 | AG120: 4772.2 | AH120: 1781 | AI120: new | AK120: piece of a wall network the colour pipeline left unsplit | AL120: (0.87, 0.0, 0.87) | AM120: DM-VOILE
A121: 120 | B121: 121 | C121: own label | D121: wall | E121: shear_wall | F121: V8/121 | G121: V8/121/121 | H121: printed | I121: 250 | J121: 25 | K121: =IF(AND(ISNUMBER(I121),ISNUMBER(J121),J121>0),I121/J121,"") | L121: 0.622 | N121: 179.9 | O121: solid fill | P121: solid fill, rectangle, L > 4 W (EN 1992-1-1 5.3.1(7)) | Q121: =IF(OR(D121="column",D121="wall"),IF(I121<='P vs V'!$B$3*J121,"column","wall"),"") | R121: S6 | U121: no | V121: no | W121: no | X121: no | Y121: yes | Z121: yes | AA121: 9.32 | AE121: 4517.9 | AF121: 1940.7 | AG121: 4591.7 | AH121: 1948.3 | AI121: yes | AJ121: shear_wall | AL121: (0.87, 0.0, 0.87) | AM121: DM-VOILE
A122: 121 | B122: 121 | C122: own label | D122: wall | E122: shear_wall | F122: V9/121 | G122: V9/121/121 | H122: printed | I122: 817 | J122: 20 | K122: =IF(AND(ISNUMBER(I122),ISNUMBER(J122),J122>0),I122/J122,"") | L122: 1.638 | N122: 179.9 | O122: solid fill | P122: straight stretch of a thin filled outline with bends (pair of parallel faces) | Q122: =IF(OR(D122="column",D122="wall"),IF(I122<='P vs V'!$B$3*J122,"column","wall"),"") | U122: no | V122: no | W122: yes | X122: no | Y122: no | Z122: no | AA122: 6.55 | AE122: 4772.2 | AF122: 1773 | AG122: 5013.4 | AH122: 1779.4 | AI122: new | AK122: piece of a wall network the colour pipeline left unsplit
A123: 122 | B123: 121 | C123: nearest labels (80% agree) | D123: wall | E123: shear_wall | F123: (none) | H123: none | I123: 300 | J123: 25 | K123: =IF(AND(ISNUMBER(I123),ISNUMBER(J123),J123>0),I123/J123,"") | L123: 0.749 | N123: 89.9 | O123: solid fill | P123: solid fill, rectangle, L > 4 W (EN 1992-1-1 5.3.1(7)) | Q123: =IF(OR(D123="column",D123="wall"),IF(I123<='P vs V'!$B$3*J123,"column","wall"),"") | R123: S5 | U123: no | V123: no | W123: yes | X123: no | Y123: yes | Z123: no | AA123: 9.79 | AE123: 4765.1 | AF123: 1925.6 | AG123: 4772.7 | AH123: 2014.2 | AI123: new | AK123: piece of a wall network the colour pipeline left unsplit | AL123: (0.87, 0.0, 0.87) | AM123: DM-VOILE
A124: 123 | B124: 121 | C124: nearest labels (80% agree) | D124: wall | E124: shear_wall | F124: (none) | H124: none | I124: 1205 | J124: 20 | K124: =IF(AND(ISNUMBER(I124),ISNUMBER(J124),J124>0),I124/J124,"") | L124: 2.395 | N124: 89.9 | O124: solid fill | P124: straight stretch of a thin filled outline with bends (pair of parallel faces) | Q124: =IF(OR(D124="column",D124="wall"),IF(I124<='P vs V'!$B$3*J124,"column","wall"),"") | U124: no | V124: no | W124: yes | X124: no | Y124: yes | Z124: yes | AA124: 10.15 | AE124: 4766.3 | AF124: 1779.4 | AG124: 4772.9 | AH124: 2135.2 | AI124: new | AK124: piece of a wall network the colour pipeline left unsplit
A125: 124 | B125: 121 | C125: nearest labels (100% agree) | D125: wall | E125: shear_wall | F125: (none) | H125: none | I125: 418 | J125: 20 | K125: =IF(AND(ISNUMBER(I125),ISNUMBER(J125),J125>0),I125/J125,"") | L125: 0.835 | N125: 89.9 | O125: solid fill | P125: straight stretch of a thin filled outline with bends (pair of parallel faces) | Q125: =IF(OR(D125="column",D125="wall"),IF(I125<='P vs V'!$B$3*J125,"column","wall"),"") | U125: no | V125: no | W125: yes | X125: no | Y125: no | Z125: no | AA125: 6.19 | AE125: 5013.2 | AF125: 1649.6 | AG125: 5019.4 | AH125: 1773 | AI125: new | AK125: piece of a wall network the colour pipeline left unsplit
A126: 125 | B126: 121 | C126: nearest labels (100% agree) | D126: wall | E126: shear_wall | F126: (none) | H126: none | I126: 199 | J126: 20 | K126: =IF(AND(ISNUMBER(I126),ISNUMBER(J126),J126>0),I126/J126,"") | L126: 0.4 | N126: 89.8 | O126: solid fill | P126: straight stretch of a thin filled outline with bends (pair of parallel faces) | Q126: =IF(OR(D126="column",D126="wall"),IF(I126<='P vs V'!$B$3*J126,"column","wall"),"") | U126: no | V126: no | W126: yes | X126: no | Y126: yes | Z126: no | AA126: 6.8 | AE126: 4766.3 | AF126: 1828.4 | AG126: 4772.4 | AH126: 1887.1 | AI126: new | AK126: piece of a wall network the colour pipeline left unsplit
A127: 126 | B127: 121 | C127: nearest labels (100% agree) | D127: wall | E127: shear_wall | F127: (none) | H127: none | I127: 150 | J127: 20 | K127: =IF(AND(ISNUMBER(I127),ISNUMBER(J127),J127>0),I127/J127,"") | L127: 0.302 | N127: 0.1 | O127: solid fill | P127: straight stretch of a thin filled outline with bends (pair of parallel faces) | Q127: =IF(OR(D127="column",D127="wall"),IF(I127<='P vs V'!$B$3*J127,"column","wall"),"") | U127: no | V127: no | W127: yes | X127: no | Y127: yes | Z127: no | AA127: 5.63 | AE127: 4722.1 | AF127: 1822.5 | AG127: 4766.3 | AH127: 1828.5 | AI127: new | AK127: piece of a wall network the colour pipeline left unsplit
...

Sheet Marks by family
A1: Family | B1: Subclass | C1: Count | D1: On raft (share) | E1: Touches hatched wall (share) | F1: Touches solid element (share) | G1: In strip band (share) | H1: On grade beam (share) | I1: At LG junction (share) | J1: On raft (share in other families) | K1: Touches hatched wall (share in other families) | L1: Touches solid element (share in other families) | M1: In strip band (share in other families) | N1: On grade beam (share in other families) | O1: At LG junction (share in other families) | P1: Signature (colour-free)
A2: column | B2: column | C2: =COUNTIFS(Elements!$D$2:$D$862,$A2,Elements!$E$2:$E$862,$B2) | D2: =IFERROR(COUNTIFS(Elements!$D$2:$D$862,$A2,Elements!$E$2:$E$862,$B2,Elements!$U$2:$U$862,"yes")/$C2,0) | E2: =IFERROR(COUNTIFS(Elements!$D$2:$D$862,$A2,Elements!$E$2:$E$862,$B2,Elements!$V$2:$V$862,"yes")/$C2,0) | F2: =IFERROR(COUNTIFS(Elements!$D$2:$D$862,$A2,Elements!$E$2:$E$862,$B2,Elements!$W$2:$W$862,"yes")/$C2,0) | G2: =IFERROR(COUNTIFS(Elements!$D$2:$D$862,$A2,Elements!$E$2:$E$862,$B2,Elements!$X$2:$X$862,"yes")/$C2,0) | H2: =IFERROR(COUNTIFS(Elements!$D$2:$D$862,$A2,Elements!$E$2:$E$862,$B2,Elements!$Y$2:$Y$862,"yes")/$C2,0) | I2: =IFERROR(COUNTIFS(Elements!$D$2:$D$862,$A2,Elements!$E$2:$E$862,$B2,Elements!$Z$2:$Z$862,"yes")/$C2,0) | J2: =IFERROR((COUNTIFS(Elements!$U$2:$U$862,"yes")-COUNTIFS(Elements!$D$2:$D$862,$A2,Elements!$E$2:$E$862,$B2,Elements!$U$2:$U$862,"yes"))/(COUNTA(Elements!$A$2:$A$862)-$C2),0) | K2: =IFERROR((COUNTIFS(Elements!$V$2:$V$862,"yes")-COUNTIFS(Elements!$D$2:$D$862,$A2,Elements!$E$2:$E$862,$B2,Elements!$V$2:$V$862,"yes"))/(COUNTA(Elements!$A$2:$A$862)-$C2),0) | L2: =IFERROR((COUNTIFS(Elements!$W$2:$W$862,"yes")-COUNTIFS(Elements!$D$2:$D$862,$A2,Elements!$E$2:$E$862,$B2,Elements!$W$2:$W$862,"yes"))/(COUNTA(Elements!$A$2:$A$862)-$C2),0) | M2: =IFERROR((COUNTIFS(Elements!$X$2:$X$862,"yes")-COUNTIFS(Elements!$D$2:$D$862,$A2,Elements!$E$2:$E$862,$B2,Elements!$X$2:$X$862,"yes"))/(COUNTA(Elements!$A$2:$A$862)-$C2),0) | N2: =IFERROR((COUNTIFS(Elements!$Y$2:$Y$862,"yes")-COUNTIFS(Elements!$D$2:$D$862,$A2,Elements!$E$2:$E$862,$B2,Elements!$Y$2:$Y$862,"yes"))/(COUNTA(Elements!$A$2:$A$862)-$C2),0) | O2: =IFERROR((COUNTIFS(Elements!$Z$2:$Z$862,"yes")-COUNTIFS(Elements!$D$2:$D$862,$A2,Elements!$E$2:$E$862,$B2,Elements!$Z$2:$Z$862,"yes"))/(COUNTA(Elements!$A$2:$A$862)-$C2),0) | P2: solid fill; 40-120 x 25-50 cm; L/W 1.60-4.00; inside a footing outline 37%; on a raft 63%; touching a hatched core wall 26%; in a strip-footing band 0%; at a grade-beam junction 26%
A3: crane_foundation | B3: crane_foundation | C3: =COUNTIFS(Elements!$D$2:$D$862,$A3,Elements!$E$2:$E$862,$B3) | D3: =IFERROR(COUNTIFS(Elements!$D$2:$D$862,$A3,Elements!$E$2:$E$862,$B3,Elements!$U$2:$U$862,"yes")/$C3,0) | E3: =IFERROR(COUNTIFS(Elements!$D$2:$D$862,$A3,Elements!$E$2:$E$862,$B3,Elements!$V$2:$V$862,"yes")/$C3,0) | F3: =IFERROR(COUNTIFS(Elements!$D$2:$D$862,$A3,Elements!$E$2:$E$862,$B3,Elements!$W$2:$W$862,"yes")/$C3,0) | G3: =IFERROR(COUNTIFS(Elements!$D$2:$D$862,$A3,Elements!$E$2:$E$862,$B3,Elements!$X$2:$X$862,"yes")/$C3,0) | H3: =IFERROR(COUNTIFS(Elements!$D$2:$D$862,$A3,Elements!$E$2:$E$862,$B3,Elements!$Y$2:$Y$862,"yes")/$C3,0) | I3: =IFERROR(COUNTIFS(Elements!$D$2:$D$862,$A3,Elements!$E$2:$E$862,$B3,Elements!$Z$2:$Z$862,"yes")/$C3,0) | J3: =IFERROR((COUNTIFS(Elements!$U$2:$U$862,"yes")-COUNTIFS(Elements!$D$2:$D$862,$A3,Elements!$E$2:$E$862,$B3,Elements!$U$2:$U$862,"yes"))/(COUNTA(Elements!$A$2:$A$862)-$C3),0) | K3: =IFERROR((COUNTIFS(Elements!$V$2:$V$862,"yes")-COUNTIFS(Elements!$D$2:$D$862,$A3,Elements!$E$2:$E$862,$B3,Elements!$V$2:$V$862,"yes"))/(COUNTA(Elements!$A$2:$A$862)-$C3),0) | L3: =IFERROR((COUNTIFS(Elements!$W$2:$W$862,"yes")-COUNTIFS(Elements!$D$2:$D$862,$A3,Elements!$E$2:$E$862,$B3,Elements!$W$2:$W$862,"yes"))/(COUNTA(Elements!$A$2:$A$862)-$C3),0) | M3: =IFERROR((COUNTIFS(Elements!$X$2:$X$862,"yes")-COUNTIFS(Elements!$D$2:$D$862,$A3,Elements!$E$2:$E$862,$B3,Elements!$X$2:$X$862,"yes"))/(COUNTA(Elements!$A$2:$A$862)-$C3),0) | N3: =IFERROR((COUNTIFS(Elements!$Y$2:$Y$862,"yes")-COUNTIFS(Elements!$D$2:$D$862,$A3,Elements!$E$2:$E$862,$B3,Elements!$Y$2:$Y$862,"yes"))/(COUNTA(Elements!$A$2:$A$862)-$C3),0) | O3: =IFERROR((COUNTIFS(Elements!$Z$2:$Z$862,"yes")-COUNTIFS(Elements!$D$2:$D$862,$A3,Elements!$E$2:$E$862,$B3,Elements!$Z$2:$Z$862,"yes"))/(COUNTA(Elements!$A$2:$A$862)-$C3),0) | P3: group of footings; 840-840 x 840-840 cm
A4: footing | B4: combined_footing | C4: =COUNTIFS(Elements!$D$2:$D$862,$A4,Elements!$E$2:$E$862,$B4) | D4: =IFERROR(COUNTIFS(Elements!$D$2:$D$862,$A4,Elements!$E$2:$E$862,$B4,Elements!$U$2:$U$862,"yes")/$C4,0) | E4: =IFERROR(COUNTIFS(Elements!$D$2:$D$862,$A4,Elements!$E$2:$E$862,$B4,Elements!$V$2:$V$862,"yes")/$C4,0) | F4: =IFERROR(COUNTIFS(Elements!$D$2:$D$862,$A4,Elements!$E$2:$E$862,$B4,Elements!$W$2:$W$862,"yes")/$C4,0) | G4: =IFERROR(COUNTIFS(Elements!$D$2:$D$862,$A4,Elements!$E$2:$E$862,$B4,Elements!$X$2:$X$862,"yes")/$C4,0) | H4: =IFERROR(COUNTIFS(Elements!$D$2:$D$862,$A4,Elements!$E$2:$E$862,$B4,Elements!$Y$2:$Y$862,"yes")/$C4,0) | I4: =IFERROR(COUNTIFS(Elements!$D$2:$D$862,$A4,Elements!$E$2:$E$862,$B4,Elements!$Z$2:$Z$862,"yes")/$C4,0) | J4: =IFERROR((COUNTIFS(Elements!$U$2:$U$862,"yes")-COUNTIFS(Elements!$D$2:$D$862,$A4,Elements!$E$2:$E$862,$B4,Elements!$U$2:$U$862,"yes"))/(COUNTA(Elements!$A$2:$A$862)-$C4),0) | K4: =IFERROR((COUNTIFS(Elements!$V$2:$V$862,"yes")-COUNTIFS(Elements!$D$2:$D$862,$A4,Elements!$E$2:$E$862,$B4,Elements!$V$2:$V$862,"yes"))/(COUNTA(Elements!$A$2:$A$862)-$C4),0) | L4: =IFERROR((COUNTIFS(Elements!$W$2:$W$862,"yes")-COUNTIFS(Elements!$D$2:$D$862,$A4,Elements!$E$2:$E$862,$B4,Elements!$W$2:$W$862,"yes"))/(COUNTA(Elements!$A$2:$A$862)-$C4),0) | M4: =IFERROR((COUNTIFS(Elements!$X$2:$X$862,"yes")-COUNTIFS(Elements!$D$2:$D$862,$A4,Elements!$E$2:$E$862,$B4,Elements!$X$2:$X$862,"yes"))/(COUNTA(Elements!$A$2:$A$862)-$C4),0) | N4: =IFERROR((COUNTIFS(Elements!$Y$2:$Y$862,"yes")-COUNTIFS(Elements!$D$2:$D$862,$A4,Elements!$E$2:$E$862,$B4,Elements!$Y$2:$Y$862,"yes"))/(COUNTA(Elements!$A$2:$A$862)-$C4),0) | O4: =IFERROR((COUNTIFS(Elements!$Z$2:$Z$862,"yes")-COUNTIFS(Elements!$D$2:$D$862,$A4,Elements!$E$2:$E$862,$B4,Elements!$Z$2:$Z$862,"yes"))/(COUNTA(Elements!$A$2:$A$862)-$C4),0) | P4: closed outline; 350-600 x 200-450 cm; carries wall+wall (24), column+wall (3), wall+wall+wall+wall (1); grade beam crossing it 93%
A5: footing | B5: crane_footing | C5: =COUNTIFS(Elements!$D$2:$D$862,$A5,Elements!$E$2:$E$862,$B5) | D5: =IFERROR(COUNTIFS(Elements!$D$2:$D$862,$A5,Elements!$E$2:$E$862,$B5,Elements!$U$2:$U$862,"yes")/$C5,0) | E5: =IFERROR(COUNTIFS(Elements!$D$2:$D$862,$A5,Elements!$E$2:$E$862,$B5,Elements!$V$2:$V$862,"yes")/$C5,0) | F5: =IFERROR(COUNTIFS(Elements!$D$2:$D$862,$A5,Elements!$E$2:$E$862,$B5,Elements!$W$2:$W$862,"yes")/$C5,0) | G5: =IFERROR(COUNTIFS(Elements!$D$2:$D$862,$A5,Elements!$E$2:$E$862,$B5,Elements!$X$2:$X$862,"yes")/$C5,0) | H5: =IFERROR(COUNTIFS(Elements!$D$2:$D$862,$A5,Elements!$E$2:$E$862,$B5,Elements!$Y$2:$Y$862,"yes")/$C5,0) | I5: =IFERROR(COUNTIFS(Elements!$D$2:$D$862,$A5,Elements!$E$2:$E$862,$B5,Elements!$Z$2:$Z$862,"yes")/$C5,0) | J5: =IFERROR((COUNTIFS(Elements!$U$2:$U$862,"yes")-COUNTIFS(Elements!$D$2:$D$862,$A5,Elements!$E$2:$E$862,$B5,Elements!$U$2:$U$862,"yes"))/(COUNTA(Elements!$A$2:$A$862)-$C5),0) | K5: =IFERROR((COUNTIFS(Elements!$V$2:$V$862,"yes")-COUNTIFS(Elements!$D$2:$D$862,$A5,Elements!$E$2:$E$862,$B5,Elements!$V$2:$V$862,"yes"))/(COUNTA(Elements!$A$2:$A$862)-$C5),0) | L5: =IFERROR((COUNTIFS(Elements!$W$2:$W$862,"yes")-COUNTIFS(Elements!$D$2:$D$862,$A5,Elements!$E$2:$E$862,$B5,Elements!$W$2:$W$862,"yes"))/(COUNTA(Elements!$A$2:$A$862)-$C5),0) | M5: =IFERROR((COUNTIFS(Elements!$X$2:$X$862,"yes")-COUNTIFS(Elements!$D$2:$D$862,$A5,Elements!$E$2:$E$862,$B5,Elements!$X$2:$X$862,"yes"))/(COUNTA(Elements!$A$2:$A$862)-$C5),0) | N5: =IFERROR((COUNTIFS(Elements!$Y$2:$Y$862,"yes")-COUNTIFS(Elements!$D$2:$D$862,$A5,Elements!$E$2:$E$862,$B5,Elements!$Y$2:$Y$862,"yes"))/(COUNTA(Elements!$A$2:$A$862)-$C5),0) | O5: =IFERROR((COUNTIFS(Elements!$Z$2:$Z$862,"yes")-COUNTIFS(Elements!$D$2:$D$862,$A5,Elements!$E$2:$E$862,$B5,Elements!$Z$2:$Z$862,"yes"))/(COUNTA(Elements!$A$2:$A$862)-$C5),0) | P5: closed outline; 240-240 x 240-240 cm; carries none (4); grade beam crossing it 100%
A6: footing | B6: isolated_footing | C6: =COUNTIFS(Elements!$D$2:$D$862,$A6,Elements!$E$2:$E$862,$B6) | D6: =IFERROR(COUNTIFS(Elements!$D$2:$D$862,$A6,Elements!$E$2:$E$862,$B6,Elements!$U$2:$U$862,"yes")/$C6,0) | E6: =IFERROR(COUNTIFS(Elements!$D$2:$D$862,$A6,Elements!$E$2:$E$862,$B6,Elements!$V$2:$V$862,"yes")/$C6,0) | F6: =IFERROR(COUNTIFS(Elements!$D$2:$D$862,$A6,Elements!$E$2:$E$862,$B6,Elements!$W$2:$W$862,"yes")/$C6,0) | G6: =IFERROR(COUNTIFS(Elements!$D$2:$D$862,$A6,Elements!$E$2:$E$862,$B6,Elements!$X$2:$X$862,"yes")/$C6,0) | H6: =IFERROR(COUNTIFS(Elements!$D$2:$D$862,$A6,Elements!$E$2:$E$862,$B6,Elements!$Y$2:$Y$862,"yes")/$C6,0) | I6: =IFERROR(COUNTIFS(Elements!$D$2:$D$862,$A6,Elements!$E$2:$E$862,$B6,Elements!$Z$2:$Z$862,"yes")/$C6,0) | J6: =IFERROR((COUNTIFS(Elements!$U$2:$U$862,"yes")-COUNTIFS(Elements!$D$2:$D$862,$A6,Elements!$E$2:$E$862,$B6,Elements!$U$2:$U$862,"yes"))/(COUNTA(Elements!$A$2:$A$862)-$C6),0) | K6: =IFERROR((COUNTIFS(Elements!$V$2:$V$862,"yes")-COUNTIFS(Elements!$D$2:$D$862,$A6,Elements!$E$2:$E$862,$B6,Elements!$V$2:$V$862,"yes"))/(COUNTA(Elements!$A$2:$A$862)-$C6),0) | L6: =IFERROR((COUNTIFS(Elements!$W$2:$W$862,"yes")-COUNTIFS(Elements!$D$2:$D$862,$A6,Elements!$E$2:$E$862,$B6,Elements!$W$2:$W$862,"yes"))/(COUNTA(Elements!$A$2:$A$862)-$C6),0) | M6: =IFERROR((COUNTIFS(Elements!$X$2:$X$862,"yes")-COUNTIFS(Elements!$D$2:$D$862,$A6,Elements!$E$2:$E$862,$B6,Elements!$X$2:$X$862,"yes"))/(COUNTA(Elements!$A$2:$A$862)-$C6),0) | N6: =IFERROR((COUNTIFS(Elements!$Y$2:$Y$862,"yes")-COUNTIFS(Elements!$D$2:$D$862,$A6,Elements!$E$2:$E$862,$B6,Elements!$Y$2:$Y$862,"yes"))/(COUNTA(Elements!$A$2:$A$862)-$C6),0) | O6: =IFERROR((COUNTIFS(Elements!$Z$2:$Z$862,"yes")-COUNTIFS(Elements!$D$2:$D$862,$A6,Elements!$E$2:$E$862,$B6,Elements!$Z$2:$Z$862,"yes"))/(COUNTA(Elements!$A$2:$A$862)-$C6),0) | P6: closed outline; 150-600 x 150-450 cm; carries wall (64), column (9), wall+wall (1); grade beam crossing it 95%
A7: grade_beam | B7: grade_beam | C7: =COUNTIFS(Elements!$D$2:$D$862,$A7,Elements!$E$2:$E$862,$B7) | D7: =IFERROR(COUNTIFS(Elements!$D$2:$D$862,$A7,Elements!$E$2:$E$862,$B7,Elements!$U$2:$U$862,"yes")/$C7,0) | E7: =IFERROR(COUNTIFS(Elements!$D$2:$D$862,$A7,Elements!$E$2:$E$862,$B7,Elements!$V$2:$V$862,"yes")/$C7,0) | F7: =IFERROR(COUNTIFS(Elements!$D$2:$D$862,$A7,Elements!$E$2:$E$862,$B7,Elements!$W$2:$W$862,"yes")/$C7,0) | G7: =IFERROR(COUNTIFS(Elements!$D$2:$D$862,$A7,Elements!$E$2:$E$862,$B7,Elements!$X$2:$X$862,"yes")/$C7,0) | H7: =IFERROR(COUNTIFS(Elements!$D$2:$D$862,$A7,Elements!$E$2:$E$862,$B7,Elements!$Y$2:$Y$862,"yes")/$C7,0) | I7: =IFERROR(COUNTIFS(Elements!$D$2:$D$862,$A7,Elements!$E$2:$E$862,$B7,Elements!$Z$2:$Z$862,"yes")/$C7,0) | J7: =IFERROR((COUNTIFS(Elements!$U$2:$U$862,"yes")-COUNTIFS(Elements!$D$2:$D$862,$A7,Elements!$E$2:$E$862,$B7,Elements!$U$2:$U$862,"yes"))/(COUNTA(Elements!$A$2:$A$862)-$C7),0) | K7: =IFERROR((COUNTIFS(Elements!$V$2:$V$862,"yes")-COUNTIFS(Elements!$D$2:$D$862,$A7,Elements!$E$2:$E$862,$B7,Elements!$V$2:$V$862,"yes"))/(COUNTA(Elements!$A$2:$A$862)-$C7),0) | L7: =IFERROR((COUNTIFS(Elements!$W$2:$W$862,"yes")-COUNTIFS(Elements!$D$2:$D$862,$A7,Elements!$E$2:$E$862,$B7,Elements!$W$2:$W$862,"yes"))/(COUNTA(Elements!$A$2:$A$862)-$C7),0) | M7: =IFERROR((COUNTIFS(Elements!$X$2:$X$862,"yes")-COUNTIFS(Elements!$D$2:$D$862,$A7,Elements!$E$2:$E$862,$B7,Elements!$X$2:$X$862,"yes"))/(COUNTA(Elements!$A$2:$A$862)-$C7),0) | N7: =IFERROR((COUNTIFS(Elements!$Y$2:$Y$862,"yes")-COUNTIFS(Elements!$D$2:$D$862,$A7,Elements!$E$2:$E$862,$B7,Elements!$Y$2:$Y$862,"yes"))/(COUNTA(Elements!$A$2:$A$862)-$C7),0) | O7: =IFERROR((COUNTIFS(Elements!$Z$2:$Z$862,"yes")-COUNTIFS(Elements!$D$2:$D$862,$A7,Elements!$E$2:$E$862,$B7,Elements!$Z$2:$Z$862,"yes"))/(COUNTA(Elements!$A$2:$A$862)-$C7),0) | P7: parallel line pair; 30-2249 x 25-40 cm; width stated in its label
A8: mass_concrete_pad | B8: mass_concrete_pad | C8: =COUNTIFS(Elements!$D$2:$D$862,$A8,Elements!$E$2:$E$862,$B8) | D8: =IFERROR(COUNTIFS(Elements!$D$2:$D$862,$A8,Elements!$E$2:$E$862,$B8,Elements!$U$2:$U$862,"yes")/$C8,0) | E8: =IFERROR(COUNTIFS(Elements!$D$2:$D$862,$A8,Elements!$E$2:$E$862,$B8,Elements!$V$2:$V$862,"yes")/$C8,0) | F8: =IFERROR(COUNTIFS(Elements!$D$2:$D$862,$A8,Elements!$E$2:$E$862,$B8,Elements!$W$2:$W$862,"yes")/$C8,0) | G8: =IFERROR(COUNTIFS(Elements!$D$2:$D$862,$A8,Elements!$E$2:$E$862,$B8,Elements!$X$2:$X$862,"yes")/$C8,0) | H8: =IFERROR(COUNTIFS(Elements!$D$2:$D$862,$A8,Elements!$E$2:$E$862,$B8,Elements!$Y$2:$Y$862,"yes")/$C8,0) | I8: =IFERROR(COUNTIFS(Elements!$D$2:$D$862,$A8,Elements!$E$2:$E$862,$B8,Elements!$Z$2:$Z$862,"yes")/$C8,0) | J8: =IFERROR((COUNTIFS(Elements!$U$2:$U$862,"yes")-COUNTIFS(Elements!$D$2:$D$862,$A8,Elements!$E$2:$E$862,$B8,Elements!$U$2:$U$862,"yes"))/(COUNTA(Elements!$A$2:$A$862)-$C8),0) | K8: =IFERROR((COUNTIFS(Elements!$V$2:$V$862,"yes")-COUNTIFS(Elements!$D$2:$D$862,$A8,Elements!$E$2:$E$862,$B8,Elements!$V$2:$V$862,"yes"))/(COUNTA(Elements!$A$2:$A$862)-$C8),0) | L8: =IFERROR((COUNTIFS(Elements!$W$2:$W$862,"yes")-COUNTIFS(Elements!$D$2:$D$862,$A8,Elements!$E$2:$E$862,$B8,Elements!$W$2:$W$862,"yes"))/(COUNTA(Elements!$A$2:$A$862)-$C8),0) | M8: =IFERROR((COUNTIFS(Elements!$X$2:$X$862,"yes")-COUNTIFS(Elements!$D$2:$D$862,$A8,Elements!$E$2:$E$862,$B8,Elements!$X$2:$X$862,"yes"))/(COUNTA(Elements!$A$2:$A$862)-$C8),0) | N8: =IFERROR((COUNTIFS(Elements!$Y$2:$Y$862,"yes")-COUNTIFS(Elements!$D$2:$D$862,$A8,Elements!$E$2:$E$862,$B8,Elements!$Y$2:$Y$862,"yes"))/(COUNTA(Elements!$A$2:$A$862)-$C8),0) | O8: =IFERROR((COUNTIFS(Elements!$Z$2:$Z$862,"yes")-COUNTIFS(Elements!$D$2:$D$862,$A8,Elements!$E$2:$E$862,$B8,Elements!$Z$2:$Z$862,"yes"))/(COUNTA(Elements!$A$2:$A$862)-$C8),0) | P8: closed outline + stipple; 60-60 x 60-60 cm; 47-91 stipple dots inside; on a grade beam 100%; at a grade-beam junction 62%
A9: raft | B9: crane_raft (probable) | C9: =COUNTIFS(Elements!$D$2:$D$862,$A9,Elements!$E$2:$E$862,$B9) | D9: =IFERROR(COUNTIFS(Elements!$D$2:$D$862,$A9,Elements!$E$2:$E$862,$B9,Elements!$U$2:$U$862,"yes")/$C9,0) | E9: =IFERROR(COUNTIFS(Elements!$D$2:$D$862,$A9,Elements!$E$2:$E$862,$B9,Elements!$V$2:$V$862,"yes")/$C9,0) | F9: =IFERROR(COUNTIFS(Elements!$D$2:$D$862,$A9,Elements!$E$2:$E$862,$B9,Elements!$W$2:$W$862,"yes")/$C9,0) | G9: =IFERROR(COUNTIFS(Elements!$D$2:$D$862,$A9,Elements!$E$2:$E$862,$B9,Elements!$X$2:$X$862,"yes")/$C9,0) | H9: =IFERROR(COUNTIFS(Elements!$D$2:$D$862,$A9,Elements!$E$2:$E$862,$B9,Elements!$Y$2:$Y$862,"yes")/$C9,0) | I9: =IFERROR(COUNTIFS(Elements!$D$2:$D$862,$A9,Elements!$E$2:$E$862,$B9,Elements!$Z$2:$Z$862,"yes")/$C9,0) | J9: =IFERROR((COUNTIFS(Elements!$U$2:$U$862,"yes")-COUNTIFS(Elements!$D$2:$D$862,$A9,Elements!$E$2:$E$862,$B9,Elements!$U$2:$U$862,"yes"))/(COUNTA(Elements!$A$2:$A$862)-$C9),0) | K9: =IFERROR((COUNTIFS(Elements!$V$2:$V$862,"yes")-COUNTIFS(Elements!$D$2:$D$862,$A9,Elements!$E$2:$E$862,$B9,Elements!$V$2:$V$862,"yes"))/(COUNTA(Elements!$A$2:$A$862)-$C9),0) | L9: =IFERROR((COUNTIFS(Elements!$W$2:$W$862,"yes")-COUNTIFS(Elements!$D$2:$D$862,$A9,Elements!$E$2:$E$862,$B9,Elements!$W$2:$W$862,"yes"))/(COUNTA(Elements!$A$2:$A$862)-$C9),0) | M9: =IFERROR((COUNTIFS(Elements!$X$2:$X$862,"yes")-COUNTIFS(Elements!$D$2:$D$862,$A9,Elements!$E$2:$E$862,$B9,Elements!$X$2:$X$862,"yes"))/(COUNTA(Elements!$A$2:$A$862)-$C9),0) | N9: =IFERROR((COUNTIFS(Elements!$Y$2:$Y$862,"yes")-COUNTIFS(Elements!$D$2:$D$862,$A9,Elements!$E$2:$E$862,$B9,Elements!$Y$2:$Y$862,"yes"))/(COUNTA(Elements!$A$2:$A$862)-$C9),0) | O9: =IFERROR((COUNTIFS(Elements!$Z$2:$Z$862,"yes")-COUNTIFS(Elements!$D$2:$D$862,$A9,Elements!$E$2:$E$862,$B9,Elements!$Z$2:$Z$862,"yes"))/(COUNTA(Elements!$A$2:$A$862)-$C9),0) | P9: stamp + corner diagonals; 925-925 x 780-780 cm; circle stamp 'Radier' + thickness; diagonals from its corners to the stamp
A10: raft | B10: raft | C10: =COUNTIFS(Elements!$D$2:$D$862,$A10,Elements!$E$2:$E$862,$B10) | D10: =IFERROR(COUNTIFS(Elements!$D$2:$D$862,$A10,Elements!$E$2:$E$862,$B10,Elements!$U$2:$U$862,"yes")/$C10,0) | E10: =IFERROR(COUNTIFS(Elements!$D$2:$D$862,$A10,Elements!$E$2:$E$862,$B10,Elements!$V$2:$V$862,"yes")/$C10,0) | F10: =IFERROR(COUNTIFS(Elements!$D$2:$D$862,$A10,Elements!$E$2:$E$862,$B10,Elements!$W$2:$W$862,"yes")/$C10,0) | G10: =IFERROR(COUNTIFS(Elements!$D$2:$D$862,$A10,Elements!$E$2:$E$862,$B10,Elements!$X$2:$X$862,"yes")/$C10,0) | H10: =IFERROR(COUNTIFS(Elements!$D$2:$D$862,$A10,Elements!$E$2:$E$862,$B10,Elements!$Y$2:$Y$862,"yes")/$C10,0) | I10: =IFERROR(COUNTIFS(Elements!$D$2:$D$862,$A10,Elements!$E$2:$E$862,$B10,Elements!$Z$2:$Z$862,"yes")/$C10,0) | J10: =IFERROR((COUNTIFS(Elements!$U$2:$U$862,"yes")-COUNTIFS(Elements!$D$2:$D$862,$A10,Elements!$E$2:$E$862,$B10,Elements!$U$2:$U$862,"yes"))/(COUNTA(Elements!$A$2:$A$862)-$C10),0) | K10: =IFERROR((COUNTIFS(Elements!$V$2:$V$862,"yes")-COUNTIFS(Elements!$D$2:$D$862,$A10,Elements!$E$2:$E$862,$B10,Elements!$V$2:$V$862,"yes"))/(COUNTA(Elements!$A$2:$A$862)-$C10),0) | L10: =IFERROR((COUNTIFS(Elements!$W$2:$W$862,"yes")-COUNTIFS(Elements!$D$2:$D$862,$A10,Elements!$E$2:$E$862,$B10,Elements!$W$2:$W$862,"yes"))/(COUNTA(Elements!$A$2:$A$862)-$C10),0) | M10: =IFERROR((COUNTIFS(Elements!$X$2:$X$862,"yes")-COUNTIFS(Elements!$D$2:$D$862,$A10,Elements!$E$2:$E$862,$B10,Elements!$X$2:$X$862,"yes"))/(COUNTA(Elements!$A$2:$A$862)-$C10),0) | N10: =IFERROR((COUNTIFS(Elements!$Y$2:$Y$862,"yes")-COUNTIFS(Elements!$D$2:$D$862,$A10,Elements!$E$2:$E$862,$B10,Elements!$Y$2:$Y$862,"yes"))/(COUNTA(Elements!$A$2:$A$862)-$C10),0) | O10: =IFERROR((COUNTIFS(Elements!$Z$2:$Z$862,"yes")-COUNTIFS(Elements!$D$2:$D$862,$A10,Elements!$E$2:$E$862,$B10,Elements!$Z$2:$Z$862,"yes"))/(COUNTA(Elements!$A$2:$A$862)-$C10),0) | P10: stamp + corner diagonals; 693-1971 x 450-1020 cm; circle stamp 'Radier' + thickness; diagonals from its corners to the stamp
A11: strip_footing | B11: strip_footing | C11: =COUNTIFS(Elements!$D$2:$D$862,$A11,Elements!$E$2:$E$862,$B11) | D11: =IFERROR(COUNTIFS(Elements!$D$2:$D$862,$A11,Elements!$E$2:$E$862,$B11,Elements!$U$2:$U$862,"yes")/$C11,0) | E11: =IFERROR(COUNTIFS(Elements!$D$2:$D$862,$A11,Elements!$E$2:$E$862,$B11,Elements!$V$2:$V$862,"yes")/$C11,0) | F11: =IFERROR(COUNTIFS(Elements!$D$2:$D$862,$A11,Elements!$E$2:$E$862,$B11,Elements!$W$2:$W$862,"yes")/$C11,0) | G11: =IFERROR(COUNTIFS(Elements!$D$2:$D$862,$A11,Elements!$E$2:$E$862,$B11,Elements!$X$2:$X$862,"yes")/$C11,0) | H11: =IFERROR(COUNTIFS(Elements!$D$2:$D$862,$A11,Elements!$E$2:$E$862,$B11,Elements!$Y$2:$Y$862,"yes")/$C11,0) | I11: =IFERROR(COUNTIFS(Elements!$D$2:$D$862,$A11,Elements!$E$2:$E$862,$B11,Elements!$Z$2:$Z$862,"yes")/$C11,0) | J11: =IFERROR((COUNTIFS(Elements!$U$2:$U$862,"yes")-COUNTIFS(Elements!$D$2:$D$862,$A11,Elements!$E$2:$E$862,$B11,Elements!$U$2:$U$862,"yes"))/(COUNTA(Elements!$A$2:$A$862)-$C11),0) | K11: =IFERROR((COUNTIFS(Elements!$V$2:$V$862,"yes")-COUNTIFS(Elements!$D$2:$D$862,$A11,Elements!$E$2:$E$862,$B11,Elements!$V$2:$V$862,"yes"))/(COUNTA(Elements!$A$2:$A$862)-$C11),0) | L11: =IFERROR((COUNTIFS(Elements!$W$2:$W$862,"yes")-COUNTIFS(Elements!$D$2:$D$862,$A11,Elements!$E$2:$E$862,$B11,Elements!$W$2:$W$862,"yes"))/(COUNTA(Elements!$A$2:$A$862)-$C11),0) | M11: =IFERROR((COUNTIFS(Elements!$X$2:$X$862,"yes")-COUNTIFS(Elements!$D$2:$D$862,$A11,Elements!$E$2:$E$862,$B11,Elements!$X$2:$X$862,"yes"))/(COUNTA(Elements!$A$2:$A$862)-$C11),0) | N11: =IFERROR((COUNTIFS(Elements!$Y$2:$Y$862,"yes")-COUNTIFS(Elements!$D$2:$D$862,$A11,Elements!$E$2:$E$862,$B11,Elements!$Y$2:$Y$862,"yes"))/(COUNTA(Elements!$A$2:$A$862)-$C11),0) | O11: =IFERROR((COUNTIFS(Elements!$Z$2:$Z$862,"yes")-COUNTIFS(Elements!$D$2:$D$862,$A11,Elements!$E$2:$E$862,$B11,Elements!$Z$2:$Z$862,"yes"))/(COUNTA(Elements!$A$2:$A$862)-$C11),0) | P11: parallel line pair; 75-5798 x 80-120 cm; width stated in its label
A12: sump_pit | B12: sump_pit | C12: =COUNTIFS(Elements!$D$2:$D$862,$A12,Elements!$E$2:$E$862,$B12) | D12: =IFERROR(COUNTIFS(Elements!$D$2:$D$862,$A12,Elements!$E$2:$E$862,$B12,Elements!$U$2:$U$862,"yes")/$C12,0) | E12: =IFERROR(COUNTIFS(Elements!$D$2:$D$862,$A12,Elements!$E$2:$E$862,$B12,Elements!$V$2:$V$862,"yes")/$C12,0) | F12: =IFERROR(COUNTIFS(Elements!$D$2:$D$862,$A12,Elements!$E$2:$E$862,$B12,Elements!$W$2:$W$862,"yes")/$C12,0) | G12: =IFERROR(COUNTIFS(Elements!$D$2:$D$862,$A12,Elements!$E$2:$E$862,$B12,Elements!$X$2:$X$862,"yes")/$C12,0) | H12: =IFERROR(COUNTIFS(Elements!$D$2:$D$862,$A12,Elements!$E$2:$E$862,$B12,Elements!$Y$2:$Y$862,"yes")/$C12,0) | I12: =IFERROR(COUNTIFS(Elements!$D$2:$D$862,$A12,Elements!$E$2:$E$862,$B12,Elements!$Z$2:$Z$862,"yes")/$C12,0) | J12: =IFERROR((COUNTIFS(Elements!$U$2:$U$862,"yes")-COUNTIFS(Elements!$D$2:$D$862,$A12,Elements!$E$2:$E$862,$B12,Elements!$U$2:$U$862,"yes"))/(COUNTA(Elements!$A$2:$A$862)-$C12),0) | K12: =IFERROR((COUNTIFS(Elements!$V$2:$V$862,"yes")-COUNTIFS(Elements!$D$2:$D$862,$A12,Elements!$E$2:$E$862,$B12,Elements!$V$2:$V$862,"yes"))/(COUNTA(Elements!$A$2:$A$862)-$C12),0) | L12: =IFERROR((COUNTIFS(Elements!$W$2:$W$862,"yes")-COUNTIFS(Elements!$D$2:$D$862,$A12,Elements!$E$2:$E$862,$B12,Elements!$W$2:$W$862,"yes"))/(COUNTA(Elements!$A$2:$A$862)-$C12),0) | M12: =IFERROR((COUNTIFS(Elements!$X$2:$X$862,"yes")-COUNTIFS(Elements!$D$2:$D$862,$A12,Elements!$E$2:$E$862,$B12,Elements!$X$2:$X$862,"yes"))/(COUNTA(Elements!$A$2:$A$862)-$C12),0) | N12: =IFERROR((COUNTIFS(Elements!$Y$2:$Y$862,"yes")-COUNTIFS(Elements!$D$2:$D$862,$A12,Elements!$E$2:$E$862,$B12,Elements!$Y$2:$Y$862,"yes"))/(COUNTA(Elements!$A$2:$A$862)-$C12),0) | O12: =IFERROR((COUNTIFS(Elements!$Z$2:$Z$862,"yes")-COUNTIFS(Elements!$D$2:$D$862,$A12,Elements!$E$2:$E$862,$B12,Elements!$Z$2:$Z$862,"yes"))/(COUNTA(Elements!$A$2:$A$862)-$C12),0) | P12: text; 200-200 x 150-150 cm; 'FOSSE DE RELEVAGE' text with LxWxH, 'RADIER 25' stamp
A13: wall | B13: core_wall_hatched | C13: =COUNTIFS(Elements!$D$2:$D$862,$A13,Elements!$E$2:$E$862,$B13) | D13: =IFERROR(COUNTIFS(Elements!$D$2:$D$862,$A13,Elements!$E$2:$E$862,$B13,Elements!$U$2:$U$862,"yes")/$C13,0) | E13: =IFERROR(COUNTIFS(Elements!$D$2:$D$862,$A13,Elements!$E$2:$E$862,$B13,Elements!$V$2:$V$862,"yes")/$C13,0) | F13: =IFERROR(COUNTIFS(Elements!$D$2:$D$862,$A13,Elements!$E$2:$E$862,$B13,Elements!$W$2:$W$862,"yes")/$C13,0) | G13: =IFERROR(COUNTIFS(Elements!$D$2:$D$862,$A13,Elements!$E$2:$E$862,$B13,Elements!$X$2:$X$862,"yes")/$C13,0) | H13: =IFERROR(COUNTIFS(Elements!$D$2:$D$862,$A13,Elements!$E$2:$E$862,$B13,Elements!$Y$2:$Y$862,"yes")/$C13,0) | I13: =IFERROR(COUNTIFS(Elements!$D$2:$D$862,$A13,Elements!$E$2:$E$862,$B13,Elements!$Z$2:$Z$862,"yes")/$C13,0) | J13: =IFERROR((COUNTIFS(Elements!$U$2:$U$862,"yes")-COUNTIFS(Elements!$D$2:$D$862,$A13,Elements!$E$2:$E$862,$B13,Elements!$U$2:$U$862,"yes"))/(COUNTA(Elements!$A$2:$A$862)-$C13),0) | K13: =IFERROR((COUNTIFS(Elements!$V$2:$V$862,"yes")-COUNTIFS(Elements!$D$2:$D$862,$A13,Elements!$E$2:$E$862,$B13,Elements!$V$2:$V$862,"yes"))/(COUNTA(Elements!$A$2:$A$862)-$C13),0) | L13: =IFERROR((COUNTIFS(Elements!$W$2:$W$862,"yes")-COUNTIFS(Elements!$D$2:$D$862,$A13,Elements!$E$2:$E$862,$B13,Elements!$W$2:$W$862,"yes"))/(COUNTA(Elements!$A$2:$A$862)-$C13),0) | M13: =IFERROR((COUNTIFS(Elements!$X$2:$X$862,"yes")-COUNTIFS(Elements!$D$2:$D$862,$A13,Elements!$E$2:$E$862,$B13,Elements!$X$2:$X$862,"yes"))/(COUNTA(Elements!$A$2:$A$862)-$C13),0) | N13: =IFERROR((COUNTIFS(Elements!$Y$2:$Y$862,"yes")-COUNTIFS(Elements!$D$2:$D$862,$A13,Elements!$E$2:$E$862,$B13,Elements!$Y$2:$Y$862,"yes"))/(COUNTA(Elements!$A$2:$A$862)-$C13),0) | O13: =IFERROR((COUNTIFS(Elements!$Z$2:$Z$862,"yes")-COUNTIFS(Elements!$D$2:$D$862,$A13,Elements!$E$2:$E$862,$B13,Elements!$Z$2:$Z$862,"yes"))/(COUNTA(Elements!$A$2:$A$862)-$C13),0) | P13: cross-hatch; 94-1044 x 20-25 cm; L/W 4.70-52.20; hatch strokes [0.24, 0.25, 0.28] m at +/-45 deg; thickness = local spread of stroke ends; on a raft 100%; no V label
... A16: wall | B16: shear_wall | C16: =COUNTIFS(Elements!$D$2:$D$862,$A16,Elements!$E$2:$E$862,$B16) | D16: =IFERROR(COUNTIFS(Elements!$D$2:$D$862,$A16,Elements!$E$2:$E$862,$B16,Elements!$U$2:$U$862,"yes")/$C16,0) | E16: =IFERROR(COUNTIFS(Elements!$D$2:$D$862,$A16,Elements!$E$2:$E$862,$B16,Elements!$V$2:$V$862,"yes")/$C16,0) | F16: =IFERROR(COUNTIFS(Elements!$D$2:$D$862,$A16,Elements!$E$2:$E$862,$B16,Elements!$W$2:$W$862,"yes")/$C16,0) | G16: =IFERROR(COUNTIFS(Elements!$D$2:$D$862,$A16,Elements!$E$2:$E$862,$B16,Elements!$X$2:$X$862,"yes")/$C16,0) | H16: =IFERROR(COUNTIFS(Elements!$D$2:$D$862,$A16,Elements!$E$2:$E$862,$B16,Elements!$Y$2:$Y$862,"yes")/$C16,0) | I16: =IFERROR(COUNTIFS(Elements!$D$2:$D$862,$A16,Elements!$E$2:$E$862,$B16,Elements!$Z$2:$Z$862,"yes")/$C16,0) | J16: =IFERROR((COUNTIFS(Elements!$U$2:$U$862,"yes")-COUNTIFS(Elements!$D$2:$D$862,$A16,Elements!$E$2:$E$862,$B16,Elements!$U$2:$U$862,"yes"))/(COUNTA(Elements!$A$2:$A$862)-$C16),0) | K16: =IFERROR((COUNTIFS(Elements!$V$2:$V$862,"yes")-COUNTIFS(Elements!$D$2:$D$862,$A16,Elements!$E$2:$E$862,$B16,Elements!$V$2:$V$862,"yes"))/(COUNTA(Elements!$A$2:$A$862)-$C16),0) | L16: =IFERROR((COUNTIFS(Elements!$W$2:$W$862,"yes")-COUNTIFS(Elements!$D$2:$D$862,$A16,Elements!$E$2:$E$862,$B16,Elements!$W$2:$W$862,"yes"))/(COUNTA(Elements!$A$2:$A$862)-$C16),0) | M16: =IFERROR((COUNTIFS(Elements!$X$2:$X$862,"yes")-COUNTIFS(Elements!$D$2:$D$862,$A16,Elements!$E$2:$E$862,$B16,Elements!$X$2:$X$862,"yes"))/(COUNTA(Elements!$A$2:$A$862)-$C16),0) | N16: =IFERROR((COUNTIFS(Elements!$Y$2:$Y$862,"yes")-COUNTIFS(Elements!$D$2:$D$862,$A16,Elements!$E$2:$E$862,$B16,Elements!$Y$2:$Y$862,"yes"))/(COUNTA(Elements!$A$2:$A$862)-$C16),0) | O16: =IFERROR((COUNTIFS(Elements!$Z$2:$Z$862,"yes")-COUNTIFS(Elements!$D$2:$D$862,$A16,Elements!$E$2:$E$862,$B16,Elements!$Z$2:$Z$862,"yes"))/(COUNTA(Elements!$A$2:$A$862)-$C16),0) | P16: solid fill; 87-1849 x 20-30 cm; L/W 4.17-92.45; inside a footing outline 72%; on a raft 10%; touching a hatched core wall 1%; in a strip-footing band 5%; at a grade-beam junction 51%

Sheet P vs V
A1: Column (P) vs wall (V) without colour: EN 1992-1-1 5.3.1(7) section test against the verified classes
A3: Column if length <= this x width | B3: 4
A5: Verified class (colour pipeline) vs EC2 test (colour-free)
A6: Verified subclass | B6: EC2 says column | C6: EC2 says wall | D6: Total
A7: column | B7: =COUNTIFS(Elements!$AJ$2:$AJ$862,$A7,Elements!$Q$2:$Q$862,"column") | C7: =COUNTIFS(Elements!$AJ$2:$AJ$862,$A7,Elements!$Q$2:$Q$862,"wall") | D7: =B7+C7
A8: shear_wall | B8: =COUNTIFS(Elements!$AJ$2:$AJ$862,$A8,Elements!$Q$2:$Q$862,"column") | C8: =COUNTIFS(Elements!$AJ$2:$AJ$862,$A8,Elements!$Q$2:$Q$862,"wall") | D8: =B8+C8
A9: retaining_wall | B9: =COUNTIFS(Elements!$AJ$2:$AJ$862,$A9,Elements!$Q$2:$Q$862,"column") | C9: =COUNTIFS(Elements!$AJ$2:$AJ$862,$A9,Elements!$Q$2:$Q$862,"wall") | D9: =B9+C9
A11: Agreement | B11: =(B7+C8+C9)/SUM(D7:D9)
A13: Section ratio L/W by verified class
A14: Verified subclass | B14: Min L/W | C14: Max L/W | D14: Min length (cm) | E14: Max length (cm)
A15: column | B15: =IFERROR(_xlfn.MINIFS(Elements!$K$2:$K$862,Elements!$AJ$2:$AJ$862,$A15),"") | C15: =IFERROR(_xlfn.MAXIFS(Elements!$K$2:$K$862,Elements!$AJ$2:$AJ$862,$A15),"") | D15: =IFERROR(_xlfn.MINIFS(Elements!$I$2:$I$862,Elements!$AJ$2:$AJ$862,$A15),"") | E15: =IFERROR(_xlfn.MAXIFS(Elements!$I$2:$I$862,Elements!$AJ$2:$AJ$862,$A15),"")
A16: shear_wall | B16: =IFERROR(_xlfn.MINIFS(Elements!$K$2:$K$862,Elements!$AJ$2:$AJ$862,$A16),"") | C16: =IFERROR(_xlfn.MAXIFS(Elements!$K$2:$K$862,Elements!$AJ$2:$AJ$862,$A16),"") | D16: =IFERROR(_xlfn.MINIFS(Elements!$I$2:$I$862,Elements!$AJ$2:$AJ$862,$A16),"") | E16: =IFERROR(_xlfn.MAXIFS(Elements!$I$2:$I$862,Elements!$AJ$2:$AJ$862,$A16),"")
A17: retaining_wall | B17: =IFERROR(_xlfn.MINIFS(Elements!$K$2:$K$862,Elements!$AJ$2:$AJ$862,$A17),"") | C17: =IFERROR(_xlfn.MAXIFS(Elements!$K$2:$K$862,Elements!$AJ$2:$AJ$862,$A17),"") | D17: =IFERROR(_xlfn.MINIFS(Elements!$I$2:$I$862,Elements!$AJ$2:$AJ$862,$A17),"") | E17: =IFERROR(_xlfn.MAXIFS(Elements!$I$2:$I$862,Elements!$AJ$2:$AJ$862,$A17),"")
A19: Gap between the stubbiest wall and the most elongated column | B19: =B16-C15
A21: Colour-free families of all filled rectangles (including walls the colour pipeline missed or left unsplit)
A22: Family | B22: Count | C22: of which verified | D22: new (not in verified set)
A23: column | B23: =COUNTIFS(Elements!$D$2:$D$862,$A23) | C23: =COUNTIFS(Elements!$D$2:$D$862,$A23,Elements!$AI$2:$AI$862,"yes") | D23: =COUNTIFS(Elements!$D$2:$D$862,$A23,Elements!$AI$2:$AI$862,"new")
A24: wall | B24: =COUNTIFS(Elements!$D$2:$D$862,$A24) | C24: =COUNTIFS(Elements!$D$2:$D$862,$A24,Elements!$AI$2:$AI$862,"yes") | D24: =COUNTIFS(Elements!$D$2:$D$862,$A24,Elements!$AI$2:$AI$862,"new")

Sheet LG junctions
A1: Junction | B1: Building | C1: What sits there | D1: Everything within 60 cm | E1: Wall type | F1: x (px) | G1: y (px) | H1: Nearest element | I1: Distance to it (m) | K1: Building | L1: wall | M1: footing carrying wall | N1: column | O1: footing carrying column | P1: core_wall | Q1: mass_concrete_pad | R1: footing carrying nothing | S1: raft | T1: nothing | U1: Total
A2: 1 | B2: 120 | C2: footing carrying wall | D2: footing | F2: 4547.3 | G2: 1098.1 | H2: wall | I2: 1.41 | K2: 120 | L2: =COUNTIFS($B$2:$B$163,$K2,$C$2:$C$163,L$1) | M2: =COUNTIFS($B$2:$B$163,$K2,$C$2:$C$163,M$1) | N2: =COUNTIFS($B$2:$B$163,$K2,$C$2:$C$163,N$1) | O2: =COUNTIFS($B$2:$B$163,$K2,$C$2:$C$163,O$1) | P2: =COUNTIFS($B$2:$B$163,$K2,$C$2:$C$163,P$1) | Q2: =COUNTIFS($B$2:$B$163,$K2,$C$2:$C$163,Q$1) | R2: =COUNTIFS($B$2:$B$163,$K2,$C$2:$C$163,R$1) | S2: =COUNTIFS($B$2:$B$163,$K2,$C$2:$C$163,S$1) | T2: =COUNTIFS($B$2:$B$163,$K2,$C$2:$C$163,T$1) | U2: =SUM(L2:T2)
A3: 2 | B3: 120 | C3: footing carrying wall | D3: footing | F3: 4546.5 | G3: 637.5 | H3: wall | I3: 1.49 | K3: 121 | L3: =COUNTIFS($B$2:$B$163,$K3,$C$2:$C$163,L$1) | M3: =COUNTIFS($B$2:$B$163,$K3,$C$2:$C$163,M$1) | N3: =COUNTIFS($B$2:$B$163,$K3,$C$2:$C$163,N$1) | O3: =COUNTIFS($B$2:$B$163,$K3,$C$2:$C$163,O$1) | P3: =COUNTIFS($B$2:$B$163,$K3,$C$2:$C$163,P$1) | Q3: =COUNTIFS($B$2:$B$163,$K3,$C$2:$C$163,Q$1) | R3: =COUNTIFS($B$2:$B$163,$K3,$C$2:$C$163,R$1) | S3: =COUNTIFS($B$2:$B$163,$K3,$C$2:$C$163,S$1) | T3: =COUNTIFS($B$2:$B$163,$K3,$C$2:$C$163,T$1) | U3: =SUM(L3:T3)
A4: 3 | B4: 120 | C4: footing carrying wall | D4: footing | F4: 4609.4 | G4: 1324.6 | H4: wall | I4: 1.09 | K4: 122 | L4: =COUNTIFS($B$2:$B$163,$K4,$C$2:$C$163,L$1) | M4: =COUNTIFS($B$2:$B$163,$K4,$C$2:$C$163,M$1) | N4: =COUNTIFS($B$2:$B$163,$K4,$C$2:$C$163,N$1) | O4: =COUNTIFS($B$2:$B$163,$K4,$C$2:$C$163,O$1) | P4: =COUNTIFS($B$2:$B$163,$K4,$C$2:$C$163,P$1) | Q4: =COUNTIFS($B$2:$B$163,$K4,$C$2:$C$163,Q$1) | R4: =COUNTIFS($B$2:$B$163,$K4,$C$2:$C$163,R$1) | S4: =COUNTIFS($B$2:$B$163,$K4,$C$2:$C$163,S$1) | T4: =COUNTIFS($B$2:$B$163,$K4,$C$2:$C$163,T$1) | U4: =SUM(L4:T4)
A5: 4 | B5: 120 | C5: mass_concrete_pad | D5: mass_concrete_pad | F5: 4299.7 | G5: 977.9 | H5: mass_concrete_pad | I5: 0 | K5: 123 | L5: =COUNTIFS($B$2:$B$163,$K5,$C$2:$C$163,L$1) | M5: =COUNTIFS($B$2:$B$163,$K5,$C$2:$C$163,M$1) | N5: =COUNTIFS($B$2:$B$163,$K5,$C$2:$C$163,N$1) | O5: =COUNTIFS($B$2:$B$163,$K5,$C$2:$C$163,O$1) | P5: =COUNTIFS($B$2:$B$163,$K5,$C$2:$C$163,P$1) | Q5: =COUNTIFS($B$2:$B$163,$K5,$C$2:$C$163,Q$1) | R5: =COUNTIFS($B$2:$B$163,$K5,$C$2:$C$163,R$1) | S5: =COUNTIFS($B$2:$B$163,$K5,$C$2:$C$163,S$1) | T5: =COUNTIFS($B$2:$B$163,$K5,$C$2:$C$163,T$1) | U5: =SUM(L5:T5)
A6: 5 | B6: 120 | C6: mass_concrete_pad | D6: mass_concrete_pad | F6: 4300 | G6: 521.5 | H6: mass_concrete_pad | I6: 0 | K6: 124 | L6: =COUNTIFS($B$2:$B$163,$K6,$C$2:$C$163,L$1) | M6: =COUNTIFS($B$2:$B$163,$K6,$C$2:$C$163,M$1) | N6: =COUNTIFS($B$2:$B$163,$K6,$C$2:$C$163,N$1) | O6: =COUNTIFS($B$2:$B$163,$K6,$C$2:$C$163,O$1) | P6: =COUNTIFS($B$2:$B$163,$K6,$C$2:$C$163,P$1) | Q6: =COUNTIFS($B$2:$B$163,$K6,$C$2:$C$163,Q$1) | R6: =COUNTIFS($B$2:$B$163,$K6,$C$2:$C$163,R$1) | S6: =COUNTIFS($B$2:$B$163,$K6,$C$2:$C$163,S$1) | T6: =COUNTIFS($B$2:$B$163,$K6,$C$2:$C$163,T$1) | U6: =SUM(L6:T6)
A7: 6 | B7: 120 | C7: nothing | F7: 4299.8 | G7: 830.3 | H7: wall | I7: 1.16 | K7: 125 | L7: =COUNTIFS($B$2:$B$163,$K7,$C$2:$C$163,L$1) | M7: =COUNTIFS($B$2:$B$163,$K7,$C$2:$C$163,M$1) | N7: =COUNTIFS($B$2:$B$163,$K7,$C$2:$C$163,N$1) | O7: =COUNTIFS($B$2:$B$163,$K7,$C$2:$C$163,O$1) | P7: =COUNTIFS($B$2:$B$163,$K7,$C$2:$C$163,P$1) | Q7: =COUNTIFS($B$2:$B$163,$K7,$C$2:$C$163,Q$1) | R7: =COUNTIFS($B$2:$B$163,$K7,$C$2:$C$163,R$1) | S7: =COUNTIFS($B$2:$B$163,$K7,$C$2:$C$163,S$1) | T7: =COUNTIFS($B$2:$B$163,$K7,$C$2:$C$163,T$1) | U7: =SUM(L7:T7)
A8: 7 | B8: 120 | C8: wall | D8: wall | E8: V3/120 | F8: 4299.4 | G8: 1324.6 | H8: wall | I8: 0.3 | K8: 126 | L8: =COUNTIFS($B$2:$B$163,$K8,$C$2:$C$163,L$1) | M8: =COUNTIFS($B$2:$B$163,$K8,$C$2:$C$163,M$1) | N8: =COUNTIFS($B$2:$B$163,$K8,$C$2:$C$163,N$1) | O8: =COUNTIFS($B$2:$B$163,$K8,$C$2:$C$163,O$1) | P8: =COUNTIFS($B$2:$B$163,$K8,$C$2:$C$163,P$1) | Q8: =COUNTIFS($B$2:$B$163,$K8,$C$2:$C$163,Q$1) | R8: =COUNTIFS($B$2:$B$163,$K8,$C$2:$C$163,R$1) | S8: =COUNTIFS($B$2:$B$163,$K8,$C$2:$C$163,S$1) | T8: =COUNTIFS($B$2:$B$163,$K8,$C$2:$C$163,T$1) | U8: =SUM(L8:T8)
A9: 8 | B9: 120 | C9: wall | D9: footing+wall | E9: V3/120 | F9: 4299.6 | G9: 1097.9 | H9: wall | I9: 0 | K9: 127 | L9: =COUNTIFS($B$2:$B$163,$K9,$C$2:$C$163,L$1) | M9: =COUNTIFS($B$2:$B$163,$K9,$C$2:$C$163,M$1) | N9: =COUNTIFS($B$2:$B$163,$K9,$C$2:$C$163,N$1) | O9: =COUNTIFS($B$2:$B$163,$K9,$C$2:$C$163,O$1) | P9: =COUNTIFS($B$2:$B$163,$K9,$C$2:$C$163,P$1) | Q9: =COUNTIFS($B$2:$B$163,$K9,$C$2:$C$163,Q$1) | R9: =COUNTIFS($B$2:$B$163,$K9,$C$2:$C$163,R$1) | S9: =COUNTIFS($B$2:$B$163,$K9,$C$2:$C$163,S$1) | T9: =COUNTIFS($B$2:$B$163,$K9,$C$2:$C$163,T$1) | U9: =SUM(L9:T9)
A10: 9 | B10: 120 | C10: wall | D10: footing+wall | E10: V3/120 | F10: 4299.9 | G10: 639.5 | H10: wall | I10: 0 | K10: 128 | L10: =COUNTIFS($B$2:$B$163,$K10,$C$2:$C$163,L$1) | M10: =COUNTIFS($B$2:$B$163,$K10,$C$2:$C$163,M$1) | N10: =COUNTIFS($B$2:$B$163,$K10,$C$2:$C$163,N$1) | O10: =COUNTIFS($B$2:$B$163,$K10,$C$2:$C$163,O$1) | P10: =COUNTIFS($B$2:$B$163,$K10,$C$2:$C$163,P$1) | Q10: =COUNTIFS($B$2:$B$163,$K10,$C$2:$C$163,Q$1) | R10: =COUNTIFS($B$2:$B$163,$K10,$C$2:$C$163,R$1) | S10: =COUNTIFS($B$2:$B$163,$K10,$C$2:$C$163,S$1) | T10: =COUNTIFS($B$2:$B$163,$K10,$C$2:$C$163,T$1) | U10: =SUM(L10:T10)
A11: 10 | B11: 120 | C11: wall | D11: footing+wall | E11: V3/120 | F11: 4299.7 | G11: 868.4 | H11: wall | I11: 0 | K11: 129 | L11: =COUNTIFS($B$2:$B$163,$K11,$C$2:$C$163,L$1) | M11: =COUNTIFS($B$2:$B$163,$K11,$C$2:$C$163,M$1) | N11: =COUNTIFS($B$2:$B$163,$K11,$C$2:$C$163,N$1) | O11: =COUNTIFS($B$2:$B$163,$K11,$C$2:$C$163,O$1) | P11: =COUNTIFS($B$2:$B$163,$K11,$C$2:$C$163,P$1) | Q11: =COUNTIFS($B$2:$B$163,$K11,$C$2:$C$163,Q$1) | R11: =COUNTIFS($B$2:$B$163,$K11,$C$2:$C$163,R$1) | S11: =COUNTIFS($B$2:$B$163,$K11,$C$2:$C$163,S$1) | T11: =COUNTIFS($B$2:$B$163,$K11,$C$2:$C$163,T$1) | U11: =SUM(L11:T11)
A12: 11 | B12: 120 | C12: wall | D12: wall | E12: V3/120 | F12: 4298.6 | G12: 1339.5 | H12: wall | I12: 0.27 | K12: 130 | L12: =COUNTIFS($B$2:$B$163,$K12,$C$2:$C$163,L$1) | M12: =COUNTIFS($B$2:$B$163,$K12,$C$2:$C$163,M$1) | N12: =COUNTIFS($B$2:$B$163,$K12,$C$2:$C$163,N$1) | O12: =COUNTIFS($B$2:$B$163,$K12,$C$2:$C$163,O$1) | P12: =COUNTIFS($B$2:$B$163,$K12,$C$2:$C$163,P$1) | Q12: =COUNTIFS($B$2:$B$163,$K12,$C$2:$C$163,Q$1) | R12: =COUNTIFS($B$2:$B$163,$K12,$C$2:$C$163,R$1) | S12: =COUNTIFS($B$2:$B$163,$K12,$C$2:$C$163,S$1) | T12: =COUNTIFS($B$2:$B$163,$K12,$C$2:$C$163,T$1) | U12: =SUM(L12:T12)
A13: 12 | B13: 120 | C13: wall | D13: footing+wall | E13: V1/121 | F13: 4547.7 | G13: 1324.6 | H13: wall | I13: 0 | K13: All | L13: =COUNTIFS($C$2:$C$163,L$1) | M13: =COUNTIFS($C$2:$C$163,M$1) | N13: =COUNTIFS($C$2:$C$163,N$1) | O13: =COUNTIFS($C$2:$C$163,O$1) | P13: =COUNTIFS($C$2:$C$163,P$1) | Q13: =COUNTIFS($C$2:$C$163,Q$1) | R13: =COUNTIFS($C$2:$C$163,R$1) | S13: =COUNTIFS($C$2:$C$163,S$1) | T13: =COUNTIFS($C$2:$C$163,T$1) | U13: =SUM(L13:T13)
A14: 13 | B14: 120 | C14: wall | D14: footing+wall | E14: V1/120 | F14: 4547.1 | G14: 978 | H14: wall | I14: 0 | K14: Share | L14: =IFERROR(L13/U13,0) | M14: =IFERROR(M13/U13,0) | N14: =IFERROR(N13/U13,0) | O14: =IFERROR(O13/U13,0) | P14: =IFERROR(P13/U13,0) | Q14: =IFERROR(Q13/U13,0) | R14: =IFERROR(R13/U13,0) | S14: =IFERROR(S13/U13,0) | T14: =IFERROR(T13/U13,0)
A15: 14 | B15: 120 | C15: wall | D15: wall | E15: V1/120 | F15: 4546.3 | G15: 521.1 | H15: wall | I15: 0
A16: 15 | B16: 120 | C16: wall | D16: wall | E16: V1/120 | F16: 4546.8 | G16: 830.5 | H16: wall | I16: 0 | K16: Junctions with no element within 60 cm, by distance to the nearest one
A17: 16 | B17: 120 | C17: wall | D17: footing+wall | E17: V1/120 | F17: 4546.6 | G17: 685 | H17: wall | I17: 0 | K17: 0.6-1.0 m | L17: =COUNTIFS($I$2:$I$163,">="&0.6,$I$2:$I$163,"<"&1.0)
A18: 17 | B18: 120 | C18: wall | D18: footing+wall | E18: V9/120 | F18: 4547.4 | G18: 1144.1 | H18: wall | I18: 0 | K18: 1.0-2.0 m | L18: =COUNTIFS($I$2:$I$163,">="&1.0,$I$2:$I$163,"<"&2.0)
A19: 18 | B19: 121 | C19: column | D19: column+footing | F19: 4609.3 | G19: 1529.5 | H19: column | I19: 0 | K19: 2.0-+ m | L19: =COUNTIFS($I$2:$I$163,">="&2.0,$I$2:$I$163,"<"&99.0)
A20: 19 | B20: 121 | C20: column | D20: column+footing | F20: 4609.2 | G20: 1616.6 | H20: column | I20: 0
A21: 20 | B21: 121 | C21: footing carrying wall | D21: footing | F21: 4546.1 | G21: 1616.8 | H21: wall | I21: 1.33
A22: 21 | B22: 121 | C22: footing carrying wall | D22: footing | F22: 4609.4 | G22: 1339.5 | H22: wall | I22: 1.04
A23: 22 | B23: 121 | C23: footing carrying wall | D23: footing | F23: 4609.1 | G23: 1776.2 | H23: wall | I23: 1.1
A24: 23 | B24: 121 | C24: mass_concrete_pad | D24: mass_concrete_pad | F24: 4298.9 | G24: 1659.5 | H24: mass_concrete_pad | I24: 0
A25: 24 | B25: 121 | C25: nothing | F25: 4546.2 | G25: 1564.8 | H25: column | I25: 1.95
A26: 25 | B26: 121 | C26: nothing | F26: 4546.2 | G26: 1529.6 | H26: column | I26: 1.64
A27: 26 | B27: 121 | C27: wall | D27: footing+wall | E27: V3/121 | F27: 4299 | G27: 1794.5 | H27: wall | I27: 0
A28: 27 | B28: 121 | C28: wall | D28: footing+wall | E28: V3/121 | F28: 4299.2 | G28: 2022.9 | H28: wall | I28: 0
A29: 28 | B29: 121 | C29: wall | D29: wall | E29: V3/121 | F29: 4298.8 | G29: 1564.6 | H29: wall | I29: 0
A30: 29 | B30: 121 | C30: wall | D30: footing+wall | E30: V6/122 | F30: 4299.3 | G30: 2132.6 | H30: wall | I30: 0
A31: 30 | B31: 121 | C31: wall | D31: footing+wall | E31: V1/121 | F31: 4546.3 | G31: 1339.5 | H31: wall | I31: 0
A32: 31 | B32: 121 | C32: wall | D32: footing+wall | E32: V1/121 | F32: 4546 | G32: 1794.7 | H32: wall | I32: 0.5
A33: 32 | B33: 121 | C33: wall | D33: wall | E33: VP20 | F33: 4545.8 | G33: 2023.1 | H33: wall | I33: 0.36
A34: 33 | B34: 121 | C34: wall | D34: footing+wall | E34: V1/121 | F34: 4546.1 | G34: 1659.6 | H34: wall | I34: 0
A35: 34 | B35: 121 | C35: wall | D35: footing+wall | E35: V8/121 | F35: 4545.9 | G35: 1944.3 | H35: wall | I35: 0
A36: 35 | B36: 121 | C36: wall | D36: footing+wall | E36: V1/121 | F36: 4546 | G36: 1776.1 | H36: wall | I36: 0
A37: 36 | B37: 121 | C37: wall | D37: wall | E37: VP20 | F37: 4169.6 | G37: 2132.9 | H37: wall | I37: 0.18
A38: 37 | B38: 121 | C38: wall | D38: footing+wall | E38: V6/122 | F38: 4322.2 | G38: 2143.3 | H38: wall | I38: 0
A39: 38 | B39: 121 | C39: wall | D39: wall | F39: 4776.1 | G39: 1897 | H39: wall | I39: 0.12
A40: 39 | B40: 121 | C40: wall | D40: wall | F40: 4776 | G40: 1818.7 | H40: wall | I40: 0.12
A41: 40 | B41: 121 | C41: wall | D41: wall | F41: 4712.6 | G41: 1897.1 | H41: wall | I41: 0.35
A42: 41 | B42: 121 | C42: wall | D42: wall | F42: 4712.5 | G42: 1818.8 | H42: wall | I42: 0.35
A43: 42 | B43: 122 | C43: column | D43: column+footing+wall | E43: V2/123 | F43: 4417.4 | G43: 3065.7 | H43: wall | I43: 0
A44: 43 | B44: 122 | C44: column | D44: column+footing | F44: 4306.3 | G44: 2894 | H44: column | I44: 0.07
A45: 44 | B45: 122 | C45: column | D45: column+footing | F45: 4588.4 | G45: 2701.1 | H45: column | I45: 0
A46: 45 | B46: 122 | C46: mass_concrete_pad | D46: mass_concrete_pad | F46: 4322 | G46: 2329 | H46: mass_concrete_pad | I46: 0
A47: 46 | B47: 122 | C47: mass_concrete_pad | D47: mass_concrete_pad | F47: 4321.7 | G47: 2615.3 | H47: mass_concrete_pad | I47: 0
A48: 47 | B48: 122 | C48: nothing | F48: 4547.8 | G48: 2720.1 | H48: column | I48: 1.25
A49: 48 | B49: 122 | C49: nothing | F49: 4547.8 | G49: 2701.1 | H49: column | I49: 1.17
A50: 49 | B50: 122 | C50: nothing | F50: 4772.7 | G50: 2816.3 | H50: wall | I50: 2.32
A51: 50 | B51: 122 | C51: wall | D51: footing+wall | E51: V2/122 | F51: 4548.1 | G51: 2329.2 | H51: wall | I51: 0
A52: 51 | B52: 122 | C52: wall | D52: footing+wall | E52: V3/122 | F52: 4547.9 | G52: 2498.9 | H52: wall | I52: 0
A53: 52 | B53: 122 | C53: wall | D53: footing+wall | E53: V4/122 | F53: 4547.9 | G53: 2615.4 | H53: wall | I53: 0
A54: 53 | B54: 122 | C54: wall | D54: footing+wall | E54: V2/122 | F54: 4547.7 | G54: 2816.2 | H54: wall | I54: 0
A55: 54 | B55: 122 | C55: wall | D55: footing+wall | E55: VP25 | F55: 4174.8 | G55: 2743.7 | H55: wall | I55: 0.13
A56: 55 | B56: 122 | C56: wall | D56: footing+wall | E56: VP25 | F56: 4169.1 | G56: 2719.9 | H56: wall | I56: 0.12
A57: 56 | B57: 122 | C57: wall | D57: wall | E57: VP25 | F57: 4169.5 | G57: 2259.7 | H57: wall | I57: 0.12
A58: 57 | B58: 122 | C58: wall | D58: wall | E58: VP25 | F58: 4169.3 | G58: 2490.1 | H58: wall | I58: 0.12
A59: 58 | B59: 122 | C59: wall | D59: footing+wall | E59: V6/122 | F59: 4321.8 | G59: 2498.8 | H59: wall | I59: 0.14
A60: 59 | B60: 122 | C60: wall | D60: footing+wall | E60: V6/122 | F60: 4321.6 | G60: 2720 | H60: wall | I60: 0
A61: 60 | B61: 122 | C61: wall | D61: footing+wall | E61: V6/122 | F61: 4322 | G61: 2259.8 | H61: wall | I61: 0
A62: 61 | B62: 122 | C62: wall | D62: footing+wall | E62: VP25 | F62: 4185.3 | G62: 2719.9 | H62: wall | I62: 0.26
... A65: 64 | B65: 122 | C65: wall | D65: footing+wall | E65: V2/122 | F65: 4588.3 | G65: 2816.2 | H65: wall | I65: 0
A66: 65 | B66: 123 | C66: footing carrying wall | D66: footing | F66: 4462.7 | G66: 3308 | H66: wall | I66: 0.76
A67: 66 | B67: 123 | C67: mass_concrete_pad | D67: mass_concrete_pad | F67: 4882.2 | G67: 3349 | H67: mass_concrete_pad | I67: 0
A68: 67 | B68: 123 | C68: wall | D68: footing+wall | E68: V2/123 | F68: 4712.1 | G68: 3459.6 | H68: wall | I68: 0
A69: 68 | B69: 123 | C69: wall | D69: wall | E69: V5/123 | F69: 5025.1 | G69: 3207.3 | H69: wall | I69: 0.13
A70: 69 | B70: 123 | C70: wall | D70: footing+wall | E70: V5/123 | F70: 5025.1 | G70: 3270.9 | H70: wall | I70: 0.13
A71: 70 | B71: 124 | C71: column | D71: column+footing+wall | E71: V3/124 | F71: 4256.2 | G71: 3096 | H71: wall | I71: 0
A72: 71 | B72: 124 | C72: column | D72: column+footing+wall | E72: V3/124 | F72: 4241.7 | G72: 3098.8 | H72: wall | I72: 0
A73: 72 | B73: 124 | C73: column | D73: column+footing | F73: 4074.3 | G73: 3206.2 | H73: column | I73: 0
A74: 73 | B74: 124 | C74: column | D74: column+footing | F74: 3990.2 | G74: 3222.1 | H74: column | I74: 0
A75: 74 | B75: 124 | C75: column | D75: column | F75: 4010.9 | G75: 3332.3 | H75: column | I75: 0
A76: 75 | B76: 124 | C76: footing carrying wall | D76: footing | F76: 4255.5 | G76: 3171.9 | H76: wall | I76: 0.77
A77: 76 | B77: 124 | C77: mass_concrete_pad | D77: mass_concrete_pad | F77: 3895.4 | G77: 2948.9 | H77: mass_concrete_pad | I77: 0
A78: 77 | B78: 124 | C78: nothing | F78: 3782.3 | G78: 3375.4 | H78: wall | I78: 1.77
A79: 78 | B79: 124 | C79: nothing | F79: 3706.2 | G79: 2971.8 | H79: wall | I79: 1.76
A80: 79 | B80: 124 | C80: raft | F80: 3968.5 | G80: 3340.3 | H80: column | I80: 1.27
A81: 80 | B81: 124 | C81: wall | D81: footing+wall | E81: V7/124 | F81: 3829.6 | G81: 3625.8 | H81: wall | I81: 0
A82: 81 | B82: 124 | C82: wall | D82: footing+wall | E82: V7/124 | F82: 3751.9 | G82: 3214 | H82: wall | I82: 0
A83: 82 | B83: 124 | C83: wall | D83: footing+wall | E83: V5/124 | F83: 3792.9 | G83: 3431.2 | H83: wall | I83: 0
A84: 83 | B84: 124 | C84: wall | D84: wall | E84: VP25 | F84: 3959.3 | G84: 2784 | H84: wall | I84: 0.13
A85: 84 | B85: 124 | C85: wall | D85: footing+wall | E85: V8/124 | F85: 3583.1 | G85: 3245.5 | H85: wall | I85: 0
A86: 85 | B86: 124 | C86: wall | D86: footing+wall | E86: V8/125 | F86: 3537.5 | G86: 3003.6 | H86: wall | I86: 0
A87: 86 | B87: 124 | C87: wall | D87: footing+wall | E87: V8/124 | F87: 3565.9 | G87: 3234 | H87: wall | I87: 0
A88: 87 | B88: 124 | C88: wall | D88: footing+wall | E88: V8/125 | F88: 3521.3 | G88: 2997.7 | H88: wall | I88: 0
A89: 88 | B89: 124 | C89: wall | D89: footing+wall | E89: V6/124 | F89: 3987.5 | G89: 2931.6 | H89: wall | I89: 0
A90: 89 | B90: 124 | C90: wall | D90: footing+wall | E90: V4/124 | F90: 3938.4 | G90: 3179.2 | H90: wall | I90: 0
A91: 90 | B91: 124 | C91: wall | D91: footing+wall | E91: V4/124 | F91: 3947.9 | G91: 3230.1 | H91: wall | I91: 0.56
A92: 91 | B92: 125 | C92: nothing | F92: 3341.8 | G92: 3031.1 | H92: wall | I92: 1.42
A93: 92 | B93: 125 | C93: nothing | F93: 3168 | G93: 3065.3 | H93: wall | I93: 3.58
A94: 93 | B94: 125 | C94: wall | D94: wall | E94: VP25 | F94: 3512 | G94: 2867.8 | H94: wall | I94: 0.13
A95: 94 | B95: 125 | C95: wall | D95: wall | E95: VP25 | F95: 3497.4 | G95: 2870.5 | H95: wall | I95: 0.18
A96: 95 | B96: 125 | C96: wall | D96: footing+wall | E96: V8/125 | F96: 3054.1 | G96: 3088 | H96: wall | I96: 0
A97: 96 | B97: 125 | C97: wall | D97: footing+wall | E97: V4/125 | F97: 2998 | G97: 3501 | H97: wall | I97: 0
A98: 97 | B98: 125 | C98: wall | D98: footing+wall | E98: V1/125 | F98: 3624 | G98: 3462.8 | H98: wall | I98: 0
A99: 98 | B99: 125 | C99: wall | D99: footing+wall | E99: V3/125 | F99: 3386 | G99: 3267.9 | H99: wall | I99: 0
A100: 99 | B100: 125 | C100: wall | D100: footing+wall | E100: V4/125 | F100: 3205 | G100: 3302 | H100: wall | I100: 0
A101: 100 | B101: 125 | C101: wall | D101: footing+wall | E101: V8/125 | F101: 3296.9 | G101: 3039.6 | H101: wall | I101: 0
A102: 101 | B102: 126 | C102: mass_concrete_pad | D102: mass_concrete_pad | F102: 2953.4 | G102: 3047.6 | H102: mass_concrete_pad | I102: 0
...

Sheet Validation
A1: Colour-free detection graded against the verified (colour-based) detections
A3: Family | B3: Verified elements | C3: Found colour-free | D3: Recall | E3: Found but as another family | F3: Colour-free total | G3: Not in verified set
A4: column | B4: 35 | C4: 35 | D4: =IFERROR(C4/B4,0) | E4: 0 | F4: 35 | G4: 0
A5: wall | B5: 93 | C5: 93 | D5: =IFERROR(C5/B5,0) | E5: 0 | F5: 311 | G5: 218
A6: footing | B6: 106 | C6: 106 | D6: =IFERROR(C6/B6,0) | E6: 0 | F6: 107 | G6: 1
A7: mass_concrete_pad | B7: 12 | C7: 12 | D7: =IFERROR(C7/B7,0) | E7: 0 | F7: 13 | G7: 1
A9: Numbers above are program output (counts), not spreadsheet calculations; 'Not in verified set' lists elements the colour pipeline missed or did not split (see the Note column on Elements).
A11: How band widths were read from the labels
A12: Label type | B12: Labels | C12: Width chosen (m) | D12: Labels with such a band within 1.5 m | E12: Share
A13: LG25x40 | B13: 10 | C13: 0.25 | D13: 8 | E13: =IFERROR(D13/B13,0)
A14: LG40x15 | B14: 200 | C14: 0.4 | D14: 199 | E14: =IFERROR(D14/B14,0)
A15: SF1 | B15: 74 | C15: 0.8 | D15: 64 | E15: =IFERROR(D15/B15,0)
A16: SF4 | B16: 3 | C16: 1.2 | D16: 2 | E16: =IFERROR(D16/B16,0)
A18: Band lines by CAD layer (validation only: the detector never reads layers)
A19: grade_beam: 170 runs, 1819.1 m, 312 lines | B19: DM-LG 227, DM-VOILE 22, DM-SEMELLES 19, 0 13
A20: strip_footing: 80 runs, 441.6 m, 135 lines | B20: DM-SEMELLES 90, DM-VOILE 27, DM-LG 5, DM-RADIER 5
A22: Other counts
A23: Filled rectangular objects (paint-order groups) | B23: 226
A24: Filled objects drawn twice (removed) | B24: 4
A25: Wall stretches cut from thin bent fills | B25: 120
A26: Cross-hatched regions (walls) | B26: 32
A27: Other hatch patterns (stairs, ramps; not walls) | B27: 9
A28: Grid axes found (dash chain + named bubble) | B28: 59
A29: VP labels next to a retaining wall of the stated thickness | B29: 50
A30: VP labels next to a retaining wall of another thickness | B30: 0
A31: VP labels with no retaining wall within 1.5 m | B31: 2
A32: Found outside the drawing area (no labelled element within 25 m; title block, legend): 8 grade_beam | B32: 8
A33: Dashed-line pieces ignored as element edges | B33: 5880
A34: Axis pen width learned from the dashed lines (pt); lines in this pen are not element edges | B34: 0.36
... A36: Labels with no element of their type nearby: V4/120/120, V4/120/120, V1/126/126, V1/126/126, V1/127/127, V1/127/127, V1/128/128, V1/128/128, V7/128/128, V7/128/128, S2-130130 | B36: 11
