Workbook

Sheet README
A1: Geometry-first classification
A3: How each element got its class
A4: 1. Objects were found from geometry only: solid fills (pieces grouped by the order they are drawn in), cross-hatched regions, closed outlines, bands (pairs of parallel lines; the widths come from the drawing itself) and circle stamps with corner rays. No colour, no layer, no text.
A5: 2. Objects of the same drawing kind were clustered on geometric features only: size, shape (including the EN 1992-1-1 5.3.1(7) section test, long side <= 4 x short side), and what they touch, contain or stand in. Deliberately more clusters than classes.
A6: 3. Every label was matched to one object by distance and text alignment, in one global assignment that ignores what the label says; a label may stay unmatched.
A7: 4. A cluster takes the class that most of its matched labels name (>= 5 votes for it, at least 1.5 x the runner-up, with labels on >= 10% of its members, or a small clear vote of 2 or more with labels on 30% of its members). A cluster without enough labels takes the name of the most similar named cluster of the same drawing kind (feature distance <= 1.6), else stays unnamed. Unlabelled members inherit their cluster's class - that is how unlabelled walls became walls.
A8: 5. Labels were matched again, now only to objects of the class they name (or unnamed ones, at a cost), penalising an object whose size differs from the size its type has where a label sits right on its element, or that lies between expansion joints of another building. That gives the type keys (P1/124, V3/120, S7...).
A9: 6. An unlabelled member of a class takes the type of its class (and building, where sizes vary per building) that has its size: '~P1/124' when one type fits, '~V2/123|V4/123' when several share the size (nearest first). When none fits, the type source says so: for a 'column' that is a sign it is not a column.
A10: 7. Buildings: the footprint is cut along the expansion joints (pairs of long lines a few cm apart); a region whose labels agree is one building. Elsewhere the nearest building-numbered labels within the region decide.
A12: What labels do and do not decide
A13: A single label never decides an object's class: it votes for its cluster, and its object keeps the cluster's class even if the label disagrees. Disagreeing labels are listed on 'Conflicts' - each is a wrong label, a wrongly placed label, or a geometry mistake worth a look.
A14: Clusters no label votes for (cross-hatched walls, small stippled squares, several band widths) keep a descriptive geometric name; naming them is an interpretation, not something the plan states.
... A24: Scale 1/200.0, from 222 dimension texts (median error 0.24 cm). Formulas recalculate on opening; they were checked with the Python 'formulas' engine.

Sheet Summary by building
A1: Building | B1: Class | C1: Type key | D1: Count | E1: Length min (cm) | F1: Length max (cm) | G1: Width min (cm) | H1: Width max (cm) | I1: Same section? | J1: Total length (m) | K1: Of which typed by inference
A2: 120 | B2: column | C2: (none) | D2: =COUNTIFS(Objects!$B$2:$B$1089,$A2,Objects!$F$2:$F$1089,$B2,Objects!$H$2:$H$1089,$C2) | E2: =_xlfn.MINIFS(Objects!$K$2:$K$1089,Objects!$B$2:$B$1089,$A2,Objects!$F$2:$F$1089,$B2,Objects!$H$2:$H$1089,$C2) | F2: =_xlfn.MAXIFS(Objects!$K$2:$K$1089,Objects!$B$2:$B$1089,$A2,Objects!$F$2:$F$1089,$B2,Objects!$H$2:$H$1089,$C2) | G2: =_xlfn.MINIFS(Objects!$L$2:$L$1089,Objects!$B$2:$B$1089,$A2,Objects!$F$2:$F$1089,$B2,Objects!$H$2:$H$1089,$C2) | H2: =_xlfn.MAXIFS(Objects!$L$2:$L$1089,Objects!$B$2:$B$1089,$A2,Objects!$F$2:$F$1089,$B2,Objects!$H$2:$H$1089,$C2) | I2: =IF(OR(C2="(none)",B2="raft",B2="sump_pit"),"n/a",IF(OR(B2="column",B2="shear_wall",B2="isolated_footing",B2="combined_footing"),IF(AND(F2-E2<=3,H2-G2<=3),"yes","no"),IF(H2-G2<=3,"yes (thickness)","no (thickness)"))) | J2: =SUMIFS(Objects!$K$2:$K$1089,Objects!$B$2:$B$1089,$A2,Objects!$F$2:$F$1089,$B2,Objects!$H$2:$H$1089,$C2)/100 | K2: =COUNTIFS(Objects!$B$2:$B$1089,$A2,Objects!$F$2:$F$1089,$B2,Objects!$H$2:$H$1089,$C2,Objects!$I$2:$I$1089,"inferred*")
A3: 120 | B3: column | C3: P1/120 | D3: =COUNTIFS(Objects!$B$2:$B$1089,$A3,Objects!$F$2:$F$1089,$B3,Objects!$H$2:$H$1089,$C3) | E3: =_xlfn.MINIFS(Objects!$K$2:$K$1089,Objects!$B$2:$B$1089,$A3,Objects!$F$2:$F$1089,$B3,Objects!$H$2:$H$1089,$C3) | F3: =_xlfn.MAXIFS(Objects!$K$2:$K$1089,Objects!$B$2:$B$1089,$A3,Objects!$F$2:$F$1089,$B3,Objects!$H$2:$H$1089,$C3) | G3: =_xlfn.MINIFS(Objects!$L$2:$L$1089,Objects!$B$2:$B$1089,$A3,Objects!$F$2:$F$1089,$B3,Objects!$H$2:$H$1089,$C3) | H3: =_xlfn.MAXIFS(Objects!$L$2:$L$1089,Objects!$B$2:$B$1089,$A3,Objects!$F$2:$F$1089,$B3,Objects!$H$2:$H$1089,$C3) | I3: =IF(OR(C3="(none)",B3="raft",B3="sump_pit"),"n/a",IF(OR(B3="column",B3="shear_wall",B3="isolated_footing",B3="combined_footing"),IF(AND(F3-E3<=3,H3-G3<=3),"yes","no"),IF(H3-G3<=3,"yes (thickness)","no (thickness)"))) | J3: =SUMIFS(Objects!$K$2:$K$1089,Objects!$B$2:$B$1089,$A3,Objects!$F$2:$F$1089,$B3,Objects!$H$2:$H$1089,$C3)/100 | K3: =COUNTIFS(Objects!$B$2:$B$1089,$A3,Objects!$F$2:$F$1089,$B3,Objects!$H$2:$H$1089,$C3,Objects!$I$2:$I$1089,"inferred*")
A4: 120 | B4: shear_wall | C4: (none) | D4: =COUNTIFS(Objects!$B$2:$B$1089,$A4,Objects!$F$2:$F$1089,$B4,Objects!$H$2:$H$1089,$C4) | E4: =_xlfn.MINIFS(Objects!$K$2:$K$1089,Objects!$B$2:$B$1089,$A4,Objects!$F$2:$F$1089,$B4,Objects!$H$2:$H$1089,$C4) | F4: =_xlfn.MAXIFS(Objects!$K$2:$K$1089,Objects!$B$2:$B$1089,$A4,Objects!$F$2:$F$1089,$B4,Objects!$H$2:$H$1089,$C4) | G4: =_xlfn.MINIFS(Objects!$L$2:$L$1089,Objects!$B$2:$B$1089,$A4,Objects!$F$2:$F$1089,$B4,Objects!$H$2:$H$1089,$C4) | H4: =_xlfn.MAXIFS(Objects!$L$2:$L$1089,Objects!$B$2:$B$1089,$A4,Objects!$F$2:$F$1089,$B4,Objects!$H$2:$H$1089,$C4) | I4: =IF(OR(C4="(none)",B4="raft",B4="sump_pit"),"n/a",IF(OR(B4="column",B4="shear_wall",B4="isolated_footing",B4="combined_footing"),IF(AND(F4-E4<=3,H4-G4<=3),"yes","no"),IF(H4-G4<=3,"yes (thickness)","no (thickness)"))) | J4: =SUMIFS(Objects!$K$2:$K$1089,Objects!$B$2:$B$1089,$A4,Objects!$F$2:$F$1089,$B4,Objects!$H$2:$H$1089,$C4)/100 | K4: =COUNTIFS(Objects!$B$2:$B$1089,$A4,Objects!$F$2:$F$1089,$B4,Objects!$H$2:$H$1089,$C4,Objects!$I$2:$I$1089,"inferred*")
A5: 120 | B5: shear_wall | C5: V1/120 | D5: =COUNTIFS(Objects!$B$2:$B$1089,$A5,Objects!$F$2:$F$1089,$B5,Objects!$H$2:$H$1089,$C5) | E5: =_xlfn.MINIFS(Objects!$K$2:$K$1089,Objects!$B$2:$B$1089,$A5,Objects!$F$2:$F$1089,$B5,Objects!$H$2:$H$1089,$C5) | F5: =_xlfn.MAXIFS(Objects!$K$2:$K$1089,Objects!$B$2:$B$1089,$A5,Objects!$F$2:$F$1089,$B5,Objects!$H$2:$H$1089,$C5) | G5: =_xlfn.MINIFS(Objects!$L$2:$L$1089,Objects!$B$2:$B$1089,$A5,Objects!$F$2:$F$1089,$B5,Objects!$H$2:$H$1089,$C5) | H5: =_xlfn.MAXIFS(Objects!$L$2:$L$1089,Objects!$B$2:$B$1089,$A5,Objects!$F$2:$F$1089,$B5,Objects!$H$2:$H$1089,$C5) | I5: =IF(OR(C5="(none)",B5="raft",B5="sump_pit"),"n/a",IF(OR(B5="column",B5="shear_wall",B5="isolated_footing",B5="combined_footing"),IF(AND(F5-E5<=3,H5-G5<=3),"yes","no"),IF(H5-G5<=3,"yes (thickness)","no (thickness)"))) | J5: =SUMIFS(Objects!$K$2:$K$1089,Objects!$B$2:$B$1089,$A5,Objects!$F$2:$F$1089,$B5,Objects!$H$2:$H$1089,$C5)/100 | K5: =COUNTIFS(Objects!$B$2:$B$1089,$A5,Objects!$F$2:$F$1089,$B5,Objects!$H$2:$H$1089,$C5,Objects!$I$2:$I$1089,"inferred*")
A6: 120 | B6: shear_wall | C6: V2/120 | D6: =COUNTIFS(Objects!$B$2:$B$1089,$A6,Objects!$F$2:$F$1089,$B6,Objects!$H$2:$H$1089,$C6) | E6: =_xlfn.MINIFS(Objects!$K$2:$K$1089,Objects!$B$2:$B$1089,$A6,Objects!$F$2:$F$1089,$B6,Objects!$H$2:$H$1089,$C6) | F6: =_xlfn.MAXIFS(Objects!$K$2:$K$1089,Objects!$B$2:$B$1089,$A6,Objects!$F$2:$F$1089,$B6,Objects!$H$2:$H$1089,$C6) | G6: =_xlfn.MINIFS(Objects!$L$2:$L$1089,Objects!$B$2:$B$1089,$A6,Objects!$F$2:$F$1089,$B6,Objects!$H$2:$H$1089,$C6) | H6: =_xlfn.MAXIFS(Objects!$L$2:$L$1089,Objects!$B$2:$B$1089,$A6,Objects!$F$2:$F$1089,$B6,Objects!$H$2:$H$1089,$C6) | I6: =IF(OR(C6="(none)",B6="raft",B6="sump_pit"),"n/a",IF(OR(B6="column",B6="shear_wall",B6="isolated_footing",B6="combined_footing"),IF(AND(F6-E6<=3,H6-G6<=3),"yes","no"),IF(H6-G6<=3,"yes (thickness)","no (thickness)"))) | J6: =SUMIFS(Objects!$K$2:$K$1089,Objects!$B$2:$B$1089,$A6,Objects!$F$2:$F$1089,$B6,Objects!$H$2:$H$1089,$C6)/100 | K6: =COUNTIFS(Objects!$B$2:$B$1089,$A6,Objects!$F$2:$F$1089,$B6,Objects!$H$2:$H$1089,$C6,Objects!$I$2:$I$1089,"inferred*")
A7: 120 | B7: shear_wall | C7: V3/120 | D7: =COUNTIFS(Objects!$B$2:$B$1089,$A7,Objects!$F$2:$F$1089,$B7,Objects!$H$2:$H$1089,$C7) | E7: =_xlfn.MINIFS(Objects!$K$2:$K$1089,Objects!$B$2:$B$1089,$A7,Objects!$F$2:$F$1089,$B7,Objects!$H$2:$H$1089,$C7) | F7: =_xlfn.MAXIFS(Objects!$K$2:$K$1089,Objects!$B$2:$B$1089,$A7,Objects!$F$2:$F$1089,$B7,Objects!$H$2:$H$1089,$C7) | G7: =_xlfn.MINIFS(Objects!$L$2:$L$1089,Objects!$B$2:$B$1089,$A7,Objects!$F$2:$F$1089,$B7,Objects!$H$2:$H$1089,$C7) | H7: =_xlfn.MAXIFS(Objects!$L$2:$L$1089,Objects!$B$2:$B$1089,$A7,Objects!$F$2:$F$1089,$B7,Objects!$H$2:$H$1089,$C7) | I7: =IF(OR(C7="(none)",B7="raft",B7="sump_pit"),"n/a",IF(OR(B7="column",B7="shear_wall",B7="isolated_footing",B7="combined_footing"),IF(AND(F7-E7<=3,H7-G7<=3),"yes","no"),IF(H7-G7<=3,"yes (thickness)","no (thickness)"))) | J7: =SUMIFS(Objects!$K$2:$K$1089,Objects!$B$2:$B$1089,$A7,Objects!$F$2:$F$1089,$B7,Objects!$H$2:$H$1089,$C7)/100 | K7: =COUNTIFS(Objects!$B$2:$B$1089,$A7,Objects!$F$2:$F$1089,$B7,Objects!$H$2:$H$1089,$C7,Objects!$I$2:$I$1089,"inferred*")
A8: 120 | B8: shear_wall | C8: V4/120 | D8: =COUNTIFS(Objects!$B$2:$B$1089,$A8,Objects!$F$2:$F$1089,$B8,Objects!$H$2:$H$1089,$C8) | E8: =_xlfn.MINIFS(Objects!$K$2:$K$1089,Objects!$B$2:$B$1089,$A8,Objects!$F$2:$F$1089,$B8,Objects!$H$2:$H$1089,$C8) | F8: =_xlfn.MAXIFS(Objects!$K$2:$K$1089,Objects!$B$2:$B$1089,$A8,Objects!$F$2:$F$1089,$B8,Objects!$H$2:$H$1089,$C8) | G8: =_xlfn.MINIFS(Objects!$L$2:$L$1089,Objects!$B$2:$B$1089,$A8,Objects!$F$2:$F$1089,$B8,Objects!$H$2:$H$1089,$C8) | H8: =_xlfn.MAXIFS(Objects!$L$2:$L$1089,Objects!$B$2:$B$1089,$A8,Objects!$F$2:$F$1089,$B8,Objects!$H$2:$H$1089,$C8) | I8: =IF(OR(C8="(none)",B8="raft",B8="sump_pit"),"n/a",IF(OR(B8="column",B8="shear_wall",B8="isolated_footing",B8="combined_footing"),IF(AND(F8-E8<=3,H8-G8<=3),"yes","no"),IF(H8-G8<=3,"yes (thickness)","no (thickness)"))) | J8: =SUMIFS(Objects!$K$2:$K$1089,Objects!$B$2:$B$1089,$A8,Objects!$F$2:$F$1089,$B8,Objects!$H$2:$H$1089,$C8)/100 | K8: =COUNTIFS(Objects!$B$2:$B$1089,$A8,Objects!$F$2:$F$1089,$B8,Objects!$H$2:$H$1089,$C8,Objects!$I$2:$I$1089,"inferred*")
A9: 120 | B9: shear_wall | C9: V5/120 | D9: =COUNTIFS(Objects!$B$2:$B$1089,$A9,Objects!$F$2:$F$1089,$B9,Objects!$H$2:$H$1089,$C9) | E9: =_xlfn.MINIFS(Objects!$K$2:$K$1089,Objects!$B$2:$B$1089,$A9,Objects!$F$2:$F$1089,$B9,Objects!$H$2:$H$1089,$C9) | F9: =_xlfn.MAXIFS(Objects!$K$2:$K$1089,Objects!$B$2:$B$1089,$A9,Objects!$F$2:$F$1089,$B9,Objects!$H$2:$H$1089,$C9) | G9: =_xlfn.MINIFS(Objects!$L$2:$L$1089,Objects!$B$2:$B$1089,$A9,Objects!$F$2:$F$1089,$B9,Objects!$H$2:$H$1089,$C9) | H9: =_xlfn.MAXIFS(Objects!$L$2:$L$1089,Objects!$B$2:$B$1089,$A9,Objects!$F$2:$F$1089,$B9,Objects!$H$2:$H$1089,$C9) | I9: =IF(OR(C9="(none)",B9="raft",B9="sump_pit"),"n/a",IF(OR(B9="column",B9="shear_wall",B9="isolated_footing",B9="combined_footing"),IF(AND(F9-E9<=3,H9-G9<=3),"yes","no"),IF(H9-G9<=3,"yes (thickness)","no (thickness)"))) | J9: =SUMIFS(Objects!$K$2:$K$1089,Objects!$B$2:$B$1089,$A9,Objects!$F$2:$F$1089,$B9,Objects!$H$2:$H$1089,$C9)/100 | K9: =COUNTIFS(Objects!$B$2:$B$1089,$A9,Objects!$F$2:$F$1089,$B9,Objects!$H$2:$H$1089,$C9,Objects!$I$2:$I$1089,"inferred*")
A10: 120 | B10: shear_wall | C10: V8/120 | D10: =COUNTIFS(Objects!$B$2:$B$1089,$A10,Objects!$F$2:$F$1089,$B10,Objects!$H$2:$H$1089,$C10) | E10: =_xlfn.MINIFS(Objects!$K$2:$K$1089,Objects!$B$2:$B$1089,$A10,Objects!$F$2:$F$1089,$B10,Objects!$H$2:$H$1089,$C10) | F10: =_xlfn.MAXIFS(Objects!$K$2:$K$1089,Objects!$B$2:$B$1089,$A10,Objects!$F$2:$F$1089,$B10,Objects!$H$2:$H$1089,$C10) | G10: =_xlfn.MINIFS(Objects!$L$2:$L$1089,Objects!$B$2:$B$1089,$A10,Objects!$F$2:$F$1089,$B10,Objects!$H$2:$H$1089,$C10) | H10: =_xlfn.MAXIFS(Objects!$L$2:$L$1089,Objects!$B$2:$B$1089,$A10,Objects!$F$2:$F$1089,$B10,Objects!$H$2:$H$1089,$C10) | I10: =IF(OR(C10="(none)",B10="raft",B10="sump_pit"),"n/a",IF(OR(B10="column",B10="shear_wall",B10="isolated_footing",B10="combined_footing"),IF(AND(F10-E10<=3,H10-G10<=3),"yes","no"),IF(H10-G10<=3,"yes (thickness)","no (thickness)"))) | J10: =SUMIFS(Objects!$K$2:$K$1089,Objects!$B$2:$B$1089,$A10,Objects!$F$2:$F$1089,$B10,Objects!$H$2:$H$1089,$C10)/100 | K10: =COUNTIFS(Objects!$B$2:$B$1089,$A10,Objects!$F$2:$F$1089,$B10,Objects!$H$2:$H$1089,$C10,Objects!$I$2:$I$1089,"inferred*")
A11: 120 | B11: shear_wall | C11: V9/120 | D11: =COUNTIFS(Objects!$B$2:$B$1089,$A11,Objects!$F$2:$F$1089,$B11,Objects!$H$2:$H$1089,$C11) | E11: =_xlfn.MINIFS(Objects!$K$2:$K$1089,Objects!$B$2:$B$1089,$A11,Objects!$F$2:$F$1089,$B11,Objects!$H$2:$H$1089,$C11) | F11: =_xlfn.MAXIFS(Objects!$K$2:$K$1089,Objects!$B$2:$B$1089,$A11,Objects!$F$2:$F$1089,$B11,Objects!$H$2:$H$1089,$C11) | G11: =_xlfn.MINIFS(Objects!$L$2:$L$1089,Objects!$B$2:$B$1089,$A11,Objects!$F$2:$F$1089,$B11,Objects!$H$2:$H$1089,$C11) | H11: =_xlfn.MAXIFS(Objects!$L$2:$L$1089,Objects!$B$2:$B$1089,$A11,Objects!$F$2:$F$1089,$B11,Objects!$H$2:$H$1089,$C11) | I11: =IF(OR(C11="(none)",B11="raft",B11="sump_pit"),"n/a",IF(OR(B11="column",B11="shear_wall",B11="isolated_footing",B11="combined_footing"),IF(AND(F11-E11<=3,H11-G11<=3),"yes","no"),IF(H11-G11<=3,"yes (thickness)","no (thickness)"))) | J11: =SUMIFS(Objects!$K$2:$K$1089,Objects!$B$2:$B$1089,$A11,Objects!$F$2:$F$1089,$B11,Objects!$H$2:$H$1089,$C11)/100 | K11: =COUNTIFS(Objects!$B$2:$B$1089,$A11,Objects!$F$2:$F$1089,$B11,Objects!$H$2:$H$1089,$C11,Objects!$I$2:$I$1089,"inferred*")
A12: 120 | B12: retaining_wall | C12: VP20 | D12: =COUNTIFS(Objects!$B$2:$B$1089,$A12,Objects!$F$2:$F$1089,$B12,Objects!$H$2:$H$1089,$C12) | E12: =_xlfn.MINIFS(Objects!$K$2:$K$1089,Objects!$B$2:$B$1089,$A12,Objects!$F$2:$F$1089,$B12,Objects!$H$2:$H$1089,$C12) | F12: =_xlfn.MAXIFS(Objects!$K$2:$K$1089,Objects!$B$2:$B$1089,$A12,Objects!$F$2:$F$1089,$B12,Objects!$H$2:$H$1089,$C12) | G12: =_xlfn.MINIFS(Objects!$L$2:$L$1089,Objects!$B$2:$B$1089,$A12,Objects!$F$2:$F$1089,$B12,Objects!$H$2:$H$1089,$C12) | H12: =_xlfn.MAXIFS(Objects!$L$2:$L$1089,Objects!$B$2:$B$1089,$A12,Objects!$F$2:$F$1089,$B12,Objects!$H$2:$H$1089,$C12) | I12: =IF(OR(C12="(none)",B12="raft",B12="sump_pit"),"n/a",IF(OR(B12="column",B12="shear_wall",B12="isolated_footing",B12="combined_footing"),IF(AND(F12-E12<=3,H12-G12<=3),"yes","no"),IF(H12-G12<=3,"yes (thickness)","no (thickness)"))) | J12: =SUMIFS(Objects!$K$2:$K$1089,Objects!$B$2:$B$1089,$A12,Objects!$F$2:$F$1089,$B12,Objects!$H$2:$H$1089,$C12)/100 | K12: =COUNTIFS(Objects!$B$2:$B$1089,$A12,Objects!$F$2:$F$1089,$B12,Objects!$H$2:$H$1089,$C12,Objects!$I$2:$I$1089,"inferred*")
A13: 120 | B13: isolated_footing | C13: S1 | D13: =COUNTIFS(Objects!$B$2:$B$1089,$A13,Objects!$F$2:$F$1089,$B13,Objects!$H$2:$H$1089,$C13) | E13: =_xlfn.MINIFS(Objects!$K$2:$K$1089,Objects!$B$2:$B$1089,$A13,Objects!$F$2:$F$1089,$B13,Objects!$H$2:$H$1089,$C13) | F13: =_xlfn.MAXIFS(Objects!$K$2:$K$1089,Objects!$B$2:$B$1089,$A13,Objects!$F$2:$F$1089,$B13,Objects!$H$2:$H$1089,$C13) | G13: =_xlfn.MINIFS(Objects!$L$2:$L$1089,Objects!$B$2:$B$1089,$A13,Objects!$F$2:$F$1089,$B13,Objects!$H$2:$H$1089,$C13) | H13: =_xlfn.MAXIFS(Objects!$L$2:$L$1089,Objects!$B$2:$B$1089,$A13,Objects!$F$2:$F$1089,$B13,Objects!$H$2:$H$1089,$C13) | I13: =IF(OR(C13="(none)",B13="raft",B13="sump_pit"),"n/a",IF(OR(B13="column",B13="shear_wall",B13="isolated_footing",B13="combined_footing"),IF(AND(F13-E13<=3,H13-G13<=3),"yes","no"),IF(H13-G13<=3,"yes (thickness)","no (thickness)"))) | J13: =SUMIFS(Objects!$K$2:$K$1089,Objects!$B$2:$B$1089,$A13,Objects!$F$2:$F$1089,$B13,Objects!$H$2:$H$1089,$C13)/100 | K13: =COUNTIFS(Objects!$B$2:$B$1089,$A13,Objects!$F$2:$F$1089,$B13,Objects!$H$2:$H$1089,$C13,Objects!$I$2:$I$1089,"inferred*")
... A244: 130 | B244: sump_pit | C244: Fosse | D244: =COUNTIFS(Objects!$B$2:$B$1089,$A244,Objects!$F$2:$F$1089,$B244,Objects!$H$2:$H$1089,$C244) | E244: =_xlfn.MINIFS(Objects!$K$2:$K$1089,Objects!$B$2:$B$1089,$A244,Objects!$F$2:$F$1089,$B244,Objects!$H$2:$H$1089,$C244) | F244: =_xlfn.MAXIFS(Objects!$K$2:$K$1089,Objects!$B$2:$B$1089,$A244,Objects!$F$2:$F$1089,$B244,Objects!$H$2:$H$1089,$C244) | G244: =_xlfn.MINIFS(Objects!$L$2:$L$1089,Objects!$B$2:$B$1089,$A244,Objects!$F$2:$F$1089,$B244,Objects!$H$2:$H$1089,$C244) | H244: =_xlfn.MAXIFS(Objects!$L$2:$L$1089,Objects!$B$2:$B$1089,$A244,Objects!$F$2:$F$1089,$B244,Objects!$H$2:$H$1089,$C244) | I244: =IF(OR(C244="(none)",B244="raft",B244="sump_pit"),"n/a",IF(OR(B244="column",B244="shear_wall",B244="isolated_footing",B244="combined_footing"),IF(AND(F244-E244<=3,H244-G244<=3),"yes","no"),IF(H244-G244<=3,"yes (thickness)","no (thickness)"))) | J244: =SUMIFS(Objects!$K$2:$K$1089,Objects!$B$2:$B$1089,$A244,Objects!$F$2:$F$1089,$B244,Objects!$H$2:$H$1089,$C244)/100 | K244: =COUNTIFS(Objects!$B$2:$B$1089,$A244,Objects!$F$2:$F$1089,$B244,Objects!$H$2:$H$1089,$C244,Objects!$I$2:$I$1089,"inferred*")
A246: All | D246: =SUM(D2:D244)
A247: Unnamed clusters are not listed here (see 'Clusters'). 'Same section?' allows 3 cm; columns, shear walls and footings compare length and width, walls and bands of varying length compare thickness only.

Sheet Clusters
A1: Cluster | B1: Drawing kind | C1: Members | D1: Length min (cm) | E1: Length max (cm) | F1: Width min (cm) | G1: Width max (cm) | H1: Touch solids | I1: Inside an outline | J1: In a strip band | K1: On a stamped region | L1: Votes: column | M1: Votes: footing:S | N1: Votes: footing:SC | O1: Votes: grade_beam | P1: Votes: pit | Q1: Votes: raft | R1: Votes: retaining_wall+strip_footing | S1: Votes: strip_footing | T1: Votes: wall | U1: Votes total | V1: Top share | W1: Class | X1: Named by | Y1: Silhouette
A2: 0 | B2: band 0.11 m | C2: =COUNTIFS(Objects!$E$2:$E$1089,$A2) | D2: =_xlfn.MINIFS(Objects!$K$2:$K$1089,Objects!$E$2:$E$1089,$A2) | E2: =_xlfn.MAXIFS(Objects!$K$2:$K$1089,Objects!$E$2:$E$1089,$A2) | F2: =_xlfn.MINIFS(Objects!$L$2:$L$1089,Objects!$E$2:$E$1089,$A2) | G2: =_xlfn.MAXIFS(Objects!$L$2:$L$1089,Objects!$E$2:$E$1089,$A2) | H2: =IFERROR(COUNTIFS(Objects!$E$2:$E$1089,$A2,Objects!$P$2:$P$1089,">0")/$C2,0) | I2: =IFERROR(COUNTIFS(Objects!$E$2:$E$1089,$A2,Objects!$Q$2:$Q$1089,1)/$C2,0) | J2: =IFERROR(COUNTIFS(Objects!$E$2:$E$1089,$A2,Objects!$R$2:$R$1089,1)/$C2,0) | K2: =IFERROR(COUNTIFS(Objects!$E$2:$E$1089,$A2,Objects!$S$2:$S$1089,1)/$C2,0) | L2: 0 | M2: 0 | N2: 0 | O2: 0 | P2: 0 | Q2: 0 | R2: 0 | S2: 0 | T2: 0 | U2: =SUM(L2:T2) | V2: =IFERROR(MAX(L2:T2)/U2,0) | W2: unnamed | X2: no label votes
A3: 1 | B3: band 0.20 m | C3: =COUNTIFS(Objects!$E$2:$E$1089,$A3) | D3: =_xlfn.MINIFS(Objects!$K$2:$K$1089,Objects!$E$2:$E$1089,$A3) | E3: =_xlfn.MAXIFS(Objects!$K$2:$K$1089,Objects!$E$2:$E$1089,$A3) | F3: =_xlfn.MINIFS(Objects!$L$2:$L$1089,Objects!$E$2:$E$1089,$A3) | G3: =_xlfn.MAXIFS(Objects!$L$2:$L$1089,Objects!$E$2:$E$1089,$A3) | H3: =IFERROR(COUNTIFS(Objects!$E$2:$E$1089,$A3,Objects!$P$2:$P$1089,">0")/$C3,0) | I3: =IFERROR(COUNTIFS(Objects!$E$2:$E$1089,$A3,Objects!$Q$2:$Q$1089,1)/$C3,0) | J3: =IFERROR(COUNTIFS(Objects!$E$2:$E$1089,$A3,Objects!$R$2:$R$1089,1)/$C3,0) | K3: =IFERROR(COUNTIFS(Objects!$E$2:$E$1089,$A3,Objects!$S$2:$S$1089,1)/$C3,0) | L3: 0 | M3: 0 | N3: 0 | O3: 0 | P3: 0 | Q3: 0 | R3: 0 | S3: 0 | T3: 0 | U3: =SUM(L3:T3) | V3: =IFERROR(MAX(L3:T3)/U3,0) | W3: unnamed | X3: no label votes
A4: 2 | B4: band 0.26 m | C4: =COUNTIFS(Objects!$E$2:$E$1089,$A4) | D4: =_xlfn.MINIFS(Objects!$K$2:$K$1089,Objects!$E$2:$E$1089,$A4) | E4: =_xlfn.MAXIFS(Objects!$K$2:$K$1089,Objects!$E$2:$E$1089,$A4) | F4: =_xlfn.MINIFS(Objects!$L$2:$L$1089,Objects!$E$2:$E$1089,$A4) | G4: =_xlfn.MAXIFS(Objects!$L$2:$L$1089,Objects!$E$2:$E$1089,$A4) | H4: =IFERROR(COUNTIFS(Objects!$E$2:$E$1089,$A4,Objects!$P$2:$P$1089,">0")/$C4,0) | I4: =IFERROR(COUNTIFS(Objects!$E$2:$E$1089,$A4,Objects!$Q$2:$Q$1089,1)/$C4,0) | J4: =IFERROR(COUNTIFS(Objects!$E$2:$E$1089,$A4,Objects!$R$2:$R$1089,1)/$C4,0) | K4: =IFERROR(COUNTIFS(Objects!$E$2:$E$1089,$A4,Objects!$S$2:$S$1089,1)/$C4,0) | L4: 0 | M4: 0 | N4: 0 | O4: 7 | P4: 0 | Q4: 0 | R4: 0 | S4: 0 | T4: 1 | U4: =SUM(L4:T4) | V4: =IFERROR(MAX(L4:T4)/U4,0) | W4: grade_beam | X4: label vote
A5: 3 | B5: band 0.31 m | C5: =COUNTIFS(Objects!$E$2:$E$1089,$A5) | D5: =_xlfn.MINIFS(Objects!$K$2:$K$1089,Objects!$E$2:$E$1089,$A5) | E5: =_xlfn.MAXIFS(Objects!$K$2:$K$1089,Objects!$E$2:$E$1089,$A5) | F5: =_xlfn.MINIFS(Objects!$L$2:$L$1089,Objects!$E$2:$E$1089,$A5) | G5: =_xlfn.MAXIFS(Objects!$L$2:$L$1089,Objects!$E$2:$E$1089,$A5) | H5: =IFERROR(COUNTIFS(Objects!$E$2:$E$1089,$A5,Objects!$P$2:$P$1089,">0")/$C5,0) | I5: =IFERROR(COUNTIFS(Objects!$E$2:$E$1089,$A5,Objects!$Q$2:$Q$1089,1)/$C5,0) | J5: =IFERROR(COUNTIFS(Objects!$E$2:$E$1089,$A5,Objects!$R$2:$R$1089,1)/$C5,0) | K5: =IFERROR(COUNTIFS(Objects!$E$2:$E$1089,$A5,Objects!$S$2:$S$1089,1)/$C5,0) | L5: 0 | M5: 0 | N5: 0 | O5: 0 | P5: 0 | Q5: 0 | R5: 0 | S5: 0 | T5: 4 | U5: =SUM(L5:T5) | V5: =IFERROR(MAX(L5:T5)/U5,0) | W5: unnamed | X5: no label votes
A6: 4 | B6: band 0.41 m | C6: =COUNTIFS(Objects!$E$2:$E$1089,$A6) | D6: =_xlfn.MINIFS(Objects!$K$2:$K$1089,Objects!$E$2:$E$1089,$A6) | E6: =_xlfn.MAXIFS(Objects!$K$2:$K$1089,Objects!$E$2:$E$1089,$A6) | F6: =_xlfn.MINIFS(Objects!$L$2:$L$1089,Objects!$E$2:$E$1089,$A6) | G6: =_xlfn.MAXIFS(Objects!$L$2:$L$1089,Objects!$E$2:$E$1089,$A6) | H6: =IFERROR(COUNTIFS(Objects!$E$2:$E$1089,$A6,Objects!$P$2:$P$1089,">0")/$C6,0) | I6: =IFERROR(COUNTIFS(Objects!$E$2:$E$1089,$A6,Objects!$Q$2:$Q$1089,1)/$C6,0) | J6: =IFERROR(COUNTIFS(Objects!$E$2:$E$1089,$A6,Objects!$R$2:$R$1089,1)/$C6,0) | K6: =IFERROR(COUNTIFS(Objects!$E$2:$E$1089,$A6,Objects!$S$2:$S$1089,1)/$C6,0) | L6: 4 | M6: 5 | N6: 2 | O6: 184 | P6: 0 | Q6: 0 | R6: 0 | S6: 0 | T6: 45 | U6: =SUM(L6:T6) | V6: =IFERROR(MAX(L6:T6)/U6,0) | W6: grade_beam | X6: label vote
A7: 5 | B7: band 0.49 m | C7: =COUNTIFS(Objects!$E$2:$E$1089,$A7) | D7: =_xlfn.MINIFS(Objects!$K$2:$K$1089,Objects!$E$2:$E$1089,$A7) | E7: =_xlfn.MAXIFS(Objects!$K$2:$K$1089,Objects!$E$2:$E$1089,$A7) | F7: =_xlfn.MINIFS(Objects!$L$2:$L$1089,Objects!$E$2:$E$1089,$A7) | G7: =_xlfn.MAXIFS(Objects!$L$2:$L$1089,Objects!$E$2:$E$1089,$A7) | H7: =IFERROR(COUNTIFS(Objects!$E$2:$E$1089,$A7,Objects!$P$2:$P$1089,">0")/$C7,0) | I7: =IFERROR(COUNTIFS(Objects!$E$2:$E$1089,$A7,Objects!$Q$2:$Q$1089,1)/$C7,0) | J7: =IFERROR(COUNTIFS(Objects!$E$2:$E$1089,$A7,Objects!$R$2:$R$1089,1)/$C7,0) | K7: =IFERROR(COUNTIFS(Objects!$E$2:$E$1089,$A7,Objects!$S$2:$S$1089,1)/$C7,0) | L7: 0 | M7: 0 | N7: 1 | O7: 0 | P7: 0 | Q7: 0 | R7: 0 | S7: 0 | T7: 1 | U7: =SUM(L7:T7) | V7: =IFERROR(MAX(L7:T7)/U7,0) | W7: unnamed | X7: no label votes
A8: 6 | B8: band 0.80 m | C8: =COUNTIFS(Objects!$E$2:$E$1089,$A8) | D8: =_xlfn.MINIFS(Objects!$K$2:$K$1089,Objects!$E$2:$E$1089,$A8) | E8: =_xlfn.MAXIFS(Objects!$K$2:$K$1089,Objects!$E$2:$E$1089,$A8) | F8: =_xlfn.MINIFS(Objects!$L$2:$L$1089,Objects!$E$2:$E$1089,$A8) | G8: =_xlfn.MAXIFS(Objects!$L$2:$L$1089,Objects!$E$2:$E$1089,$A8) | H8: =IFERROR(COUNTIFS(Objects!$E$2:$E$1089,$A8,Objects!$P$2:$P$1089,">0")/$C8,0) | I8: =IFERROR(COUNTIFS(Objects!$E$2:$E$1089,$A8,Objects!$Q$2:$Q$1089,1)/$C8,0) | J8: =IFERROR(COUNTIFS(Objects!$E$2:$E$1089,$A8,Objects!$R$2:$R$1089,1)/$C8,0) | K8: =IFERROR(COUNTIFS(Objects!$E$2:$E$1089,$A8,Objects!$S$2:$S$1089,1)/$C8,0) | L8: 1 | M8: 1 | N8: 0 | O8: 0 | P8: 0 | Q8: 0 | R8: 0 | S8: 60 | T8: 2 | U8: =SUM(L8:T8) | V8: =IFERROR(MAX(L8:T8)/U8,0) | W8: strip_footing | X8: label vote
A9: 7 | B9: band 0.84 m | C9: =COUNTIFS(Objects!$E$2:$E$1089,$A9) | D9: =_xlfn.MINIFS(Objects!$K$2:$K$1089,Objects!$E$2:$E$1089,$A9) | E9: =_xlfn.MAXIFS(Objects!$K$2:$K$1089,Objects!$E$2:$E$1089,$A9) | F9: =_xlfn.MINIFS(Objects!$L$2:$L$1089,Objects!$E$2:$E$1089,$A9) | G9: =_xlfn.MAXIFS(Objects!$L$2:$L$1089,Objects!$E$2:$E$1089,$A9) | H9: =IFERROR(COUNTIFS(Objects!$E$2:$E$1089,$A9,Objects!$P$2:$P$1089,">0")/$C9,0) | I9: =IFERROR(COUNTIFS(Objects!$E$2:$E$1089,$A9,Objects!$Q$2:$Q$1089,1)/$C9,0) | J9: =IFERROR(COUNTIFS(Objects!$E$2:$E$1089,$A9,Objects!$R$2:$R$1089,1)/$C9,0) | K9: =IFERROR(COUNTIFS(Objects!$E$2:$E$1089,$A9,Objects!$S$2:$S$1089,1)/$C9,0) | L9: 0 | M9: 1 | N9: 0 | O9: 0 | P9: 0 | Q9: 0 | R9: 0 | S9: 0 | T9: 1 | U9: =SUM(L9:T9) | V9: =IFERROR(MAX(L9:T9)/U9,0) | W9: unnamed | X9: no label votes
A10: 8 | B10: band 0.94 m | C10: =COUNTIFS(Objects!$E$2:$E$1089,$A10) | D10: =_xlfn.MINIFS(Objects!$K$2:$K$1089,Objects!$E$2:$E$1089,$A10) | E10: =_xlfn.MAXIFS(Objects!$K$2:$K$1089,Objects!$E$2:$E$1089,$A10) | F10: =_xlfn.MINIFS(Objects!$L$2:$L$1089,Objects!$E$2:$E$1089,$A10) | G10: =_xlfn.MAXIFS(Objects!$L$2:$L$1089,Objects!$E$2:$E$1089,$A10) | H10: =IFERROR(COUNTIFS(Objects!$E$2:$E$1089,$A10,Objects!$P$2:$P$1089,">0")/$C10,0) | I10: =IFERROR(COUNTIFS(Objects!$E$2:$E$1089,$A10,Objects!$Q$2:$Q$1089,1)/$C10,0) | J10: =IFERROR(COUNTIFS(Objects!$E$2:$E$1089,$A10,Objects!$R$2:$R$1089,1)/$C10,0) | K10: =IFERROR(COUNTIFS(Objects!$E$2:$E$1089,$A10,Objects!$S$2:$S$1089,1)/$C10,0) | L10: 0 | M10: 1 | N10: 0 | O10: 0 | P10: 0 | Q10: 1 | R10: 0 | S10: 0 | T10: 2 | U10: =SUM(L10:T10) | V10: =IFERROR(MAX(L10:T10)/U10,0) | W10: unnamed | X10: no label votes
A11: 9 | B11: band 0.99 m | C11: =COUNTIFS(Objects!$E$2:$E$1089,$A11) | D11: =_xlfn.MINIFS(Objects!$K$2:$K$1089,Objects!$E$2:$E$1089,$A11) | E11: =_xlfn.MAXIFS(Objects!$K$2:$K$1089,Objects!$E$2:$E$1089,$A11) | F11: =_xlfn.MINIFS(Objects!$L$2:$L$1089,Objects!$E$2:$E$1089,$A11) | G11: =_xlfn.MAXIFS(Objects!$L$2:$L$1089,Objects!$E$2:$E$1089,$A11) | H11: =IFERROR(COUNTIFS(Objects!$E$2:$E$1089,$A11,Objects!$P$2:$P$1089,">0")/$C11,0) | I11: =IFERROR(COUNTIFS(Objects!$E$2:$E$1089,$A11,Objects!$Q$2:$Q$1089,1)/$C11,0) | J11: =IFERROR(COUNTIFS(Objects!$E$2:$E$1089,$A11,Objects!$R$2:$R$1089,1)/$C11,0) | K11: =IFERROR(COUNTIFS(Objects!$E$2:$E$1089,$A11,Objects!$S$2:$S$1089,1)/$C11,0) | L11: 0 | M11: 0 | N11: 0 | O11: 0 | P11: 0 | Q11: 1 | R11: 0 | S11: 0 | T11: 0 | U11: =SUM(L11:T11) | V11: =IFERROR(MAX(L11:T11)/U11,0) | W11: unnamed | X11: no label votes
A12: 10 | B12: band 1.21 m | C12: =COUNTIFS(Objects!$E$2:$E$1089,$A12) | D12: =_xlfn.MINIFS(Objects!$K$2:$K$1089,Objects!$E$2:$E$1089,$A12) | E12: =_xlfn.MAXIFS(Objects!$K$2:$K$1089,Objects!$E$2:$E$1089,$A12) | F12: =_xlfn.MINIFS(Objects!$L$2:$L$1089,Objects!$E$2:$E$1089,$A12) | G12: =_xlfn.MAXIFS(Objects!$L$2:$L$1089,Objects!$E$2:$E$1089,$A12) | H12: =IFERROR(COUNTIFS(Objects!$E$2:$E$1089,$A12,Objects!$P$2:$P$1089,">0")/$C12,0) | I12: =IFERROR(COUNTIFS(Objects!$E$2:$E$1089,$A12,Objects!$Q$2:$Q$1089,1)/$C12,0) | J12: =IFERROR(COUNTIFS(Objects!$E$2:$E$1089,$A12,Objects!$R$2:$R$1089,1)/$C12,0) | K12: =IFERROR(COUNTIFS(Objects!$E$2:$E$1089,$A12,Objects!$S$2:$S$1089,1)/$C12,0) | L12: 0 | M12: 0 | N12: 0 | O12: 0 | P12: 0 | Q12: 0 | R12: 0 | S12: 1 | T12: 1 | U12: =SUM(L12:T12) | V12: =IFERROR(MAX(L12:T12)/U12,0) | W12: unnamed | X12: no label votes
A13: 11 | B13: band 1.34 m | C13: =COUNTIFS(Objects!$E$2:$E$1089,$A13) | D13: =_xlfn.MINIFS(Objects!$K$2:$K$1089,Objects!$E$2:$E$1089,$A13) | E13: =_xlfn.MAXIFS(Objects!$K$2:$K$1089,Objects!$E$2:$E$1089,$A13) | F13: =_xlfn.MINIFS(Objects!$L$2:$L$1089,Objects!$E$2:$E$1089,$A13) | G13: =_xlfn.MAXIFS(Objects!$L$2:$L$1089,Objects!$E$2:$E$1089,$A13) | H13: =IFERROR(COUNTIFS(Objects!$E$2:$E$1089,$A13,Objects!$P$2:$P$1089,">0")/$C13,0) | I13: =IFERROR(COUNTIFS(Objects!$E$2:$E$1089,$A13,Objects!$Q$2:$Q$1089,1)/$C13,0) | J13: =IFERROR(COUNTIFS(Objects!$E$2:$E$1089,$A13,Objects!$R$2:$R$1089,1)/$C13,0) | K13: =IFERROR(COUNTIFS(Objects!$E$2:$E$1089,$A13,Objects!$S$2:$S$1089,1)/$C13,0) | L13: 1 | M13: 0 | N13: 0 | O13: 0 | P13: 0 | Q13: 0 | R13: 0 | S13: 0 | T13: 1 | U13: =SUM(L13:T13) | V13: =IFERROR(MAX(L13:T13)/U13,0) | W13: unnamed | X13: no label votes
... A16: 14 | B16: cross_hatch | C16: =COUNTIFS(Objects!$E$2:$E$1089,$A16) | D16: =_xlfn.MINIFS(Objects!$K$2:$K$1089,Objects!$E$2:$E$1089,$A16) | E16: =_xlfn.MAXIFS(Objects!$K$2:$K$1089,Objects!$E$2:$E$1089,$A16) | F16: =_xlfn.MINIFS(Objects!$L$2:$L$1089,Objects!$E$2:$E$1089,$A16) | G16: =_xlfn.MAXIFS(Objects!$L$2:$L$1089,Objects!$E$2:$E$1089,$A16) | H16: =IFERROR(COUNTIFS(Objects!$E$2:$E$1089,$A16,Objects!$P$2:$P$1089,">0")/$C16,0) | I16: =IFERROR(COUNTIFS(Objects!$E$2:$E$1089,$A16,Objects!$Q$2:$Q$1089,1)/$C16,0) | J16: =IFERROR(COUNTIFS(Objects!$E$2:$E$1089,$A16,Objects!$R$2:$R$1089,1)/$C16,0) | K16: =IFERROR(COUNTIFS(Objects!$E$2:$E$1089,$A16,Objects!$S$2:$S$1089,1)/$C16,0) | L16: 1 | M16: 0 | N16: 0 | O16: 0 | P16: 0 | Q16: 0 | R16: 0 | S16: 0 | T16: 0 | U16: =SUM(L16:T16) | V16: =IFERROR(MAX(L16:T16)/U16,0) | W16: unnamed | X16: no label votes
A17: 15 | B17: outline | C17: =COUNTIFS(Objects!$E$2:$E$1089,$A17) | D17: =_xlfn.MINIFS(Objects!$K$2:$K$1089,Objects!$E$2:$E$1089,$A17) | E17: =_xlfn.MAXIFS(Objects!$K$2:$K$1089,Objects!$E$2:$E$1089,$A17) | F17: =_xlfn.MINIFS(Objects!$L$2:$L$1089,Objects!$E$2:$E$1089,$A17) | G17: =_xlfn.MAXIFS(Objects!$L$2:$L$1089,Objects!$E$2:$E$1089,$A17) | H17: =IFERROR(COUNTIFS(Objects!$E$2:$E$1089,$A17,Objects!$P$2:$P$1089,">0")/$C17,0) | I17: =IFERROR(COUNTIFS(Objects!$E$2:$E$1089,$A17,Objects!$Q$2:$Q$1089,1)/$C17,0) | J17: =IFERROR(COUNTIFS(Objects!$E$2:$E$1089,$A17,Objects!$R$2:$R$1089,1)/$C17,0) | K17: =IFERROR(COUNTIFS(Objects!$E$2:$E$1089,$A17,Objects!$S$2:$S$1089,1)/$C17,0) | L17: 0 | M17: 1 | N17: 22 | O17: 1 | P17: 0 | Q17: 0 | R17: 0 | S17: 0 | T17: 0 | U17: =SUM(L17:T17) | V17: =IFERROR(MAX(L17:T17)/U17,0) | W17: combined_footing | X17: label vote | Y17: 0.634
A18: 16 | B18: outline | C18: =COUNTIFS(Objects!$E$2:$E$1089,$A18) | D18: =_xlfn.MINIFS(Objects!$K$2:$K$1089,Objects!$E$2:$E$1089,$A18) | E18: =_xlfn.MAXIFS(Objects!$K$2:$K$1089,Objects!$E$2:$E$1089,$A18) | F18: =_xlfn.MINIFS(Objects!$L$2:$L$1089,Objects!$E$2:$E$1089,$A18) | G18: =_xlfn.MAXIFS(Objects!$L$2:$L$1089,Objects!$E$2:$E$1089,$A18) | H18: =IFERROR(COUNTIFS(Objects!$E$2:$E$1089,$A18,Objects!$P$2:$P$1089,">0")/$C18,0) | I18: =IFERROR(COUNTIFS(Objects!$E$2:$E$1089,$A18,Objects!$Q$2:$Q$1089,1)/$C18,0) | J18: =IFERROR(COUNTIFS(Objects!$E$2:$E$1089,$A18,Objects!$R$2:$R$1089,1)/$C18,0) | K18: =IFERROR(COUNTIFS(Objects!$E$2:$E$1089,$A18,Objects!$S$2:$S$1089,1)/$C18,0) | L18: 0 | M18: 40 | N18: 0 | O18: 1 | P18: 0 | Q18: 0 | R18: 0 | S18: 0 | T18: 2 | U18: =SUM(L18:T18) | V18: =IFERROR(MAX(L18:T18)/U18,0) | W18: isolated_footing | X18: label vote | Y18: 0.634
A19: 17 | B19: outline | C19: =COUNTIFS(Objects!$E$2:$E$1089,$A19) | D19: =_xlfn.MINIFS(Objects!$K$2:$K$1089,Objects!$E$2:$E$1089,$A19) | E19: =_xlfn.MAXIFS(Objects!$K$2:$K$1089,Objects!$E$2:$E$1089,$A19) | F19: =_xlfn.MINIFS(Objects!$L$2:$L$1089,Objects!$E$2:$E$1089,$A19) | G19: =_xlfn.MAXIFS(Objects!$L$2:$L$1089,Objects!$E$2:$E$1089,$A19) | H19: =IFERROR(COUNTIFS(Objects!$E$2:$E$1089,$A19,Objects!$P$2:$P$1089,">0")/$C19,0) | I19: =IFERROR(COUNTIFS(Objects!$E$2:$E$1089,$A19,Objects!$Q$2:$Q$1089,1)/$C19,0) | J19: =IFERROR(COUNTIFS(Objects!$E$2:$E$1089,$A19,Objects!$R$2:$R$1089,1)/$C19,0) | K19: =IFERROR(COUNTIFS(Objects!$E$2:$E$1089,$A19,Objects!$S$2:$S$1089,1)/$C19,0) | L19: 1 | M19: 22 | N19: 0 | O19: 0 | P19: 0 | Q19: 0 | R19: 0 | S19: 0 | T19: 6 | U19: =SUM(L19:T19) | V19: =IFERROR(MAX(L19:T19)/U19,0) | W19: isolated_footing | X19: label vote | Y19: 0.634
A20: 18 | B20: outline | C20: =COUNTIFS(Objects!$E$2:$E$1089,$A20) | D20: =_xlfn.MINIFS(Objects!$K$2:$K$1089,Objects!$E$2:$E$1089,$A20) | E20: =_xlfn.MAXIFS(Objects!$K$2:$K$1089,Objects!$E$2:$E$1089,$A20) | F20: =_xlfn.MINIFS(Objects!$L$2:$L$1089,Objects!$E$2:$E$1089,$A20) | G20: =_xlfn.MAXIFS(Objects!$L$2:$L$1089,Objects!$E$2:$E$1089,$A20) | H20: =IFERROR(COUNTIFS(Objects!$E$2:$E$1089,$A20,Objects!$P$2:$P$1089,">0")/$C20,0) | I20: =IFERROR(COUNTIFS(Objects!$E$2:$E$1089,$A20,Objects!$Q$2:$Q$1089,1)/$C20,0) | J20: =IFERROR(COUNTIFS(Objects!$E$2:$E$1089,$A20,Objects!$R$2:$R$1089,1)/$C20,0) | K20: =IFERROR(COUNTIFS(Objects!$E$2:$E$1089,$A20,Objects!$S$2:$S$1089,1)/$C20,0) | L20: 0 | M20: 4 | N20: 0 | O20: 0 | P20: 2 | Q20: 2 | R20: 0 | S20: 0 | T20: 0 | U20: =SUM(L20:T20) | V20: =IFERROR(MAX(L20:T20)/U20,0) | W20: isolated_footing | X20: label vote | Y20: 0.634
A21: 19 | B21: outline | C21: =COUNTIFS(Objects!$E$2:$E$1089,$A21) | D21: =_xlfn.MINIFS(Objects!$K$2:$K$1089,Objects!$E$2:$E$1089,$A21) | E21: =_xlfn.MAXIFS(Objects!$K$2:$K$1089,Objects!$E$2:$E$1089,$A21) | F21: =_xlfn.MINIFS(Objects!$L$2:$L$1089,Objects!$E$2:$E$1089,$A21) | G21: =_xlfn.MAXIFS(Objects!$L$2:$L$1089,Objects!$E$2:$E$1089,$A21) | H21: =IFERROR(COUNTIFS(Objects!$E$2:$E$1089,$A21,Objects!$P$2:$P$1089,">0")/$C21,0) | I21: =IFERROR(COUNTIFS(Objects!$E$2:$E$1089,$A21,Objects!$Q$2:$Q$1089,1)/$C21,0) | J21: =IFERROR(COUNTIFS(Objects!$E$2:$E$1089,$A21,Objects!$R$2:$R$1089,1)/$C21,0) | K21: =IFERROR(COUNTIFS(Objects!$E$2:$E$1089,$A21,Objects!$S$2:$S$1089,1)/$C21,0) | L21: 0 | M21: 0 | N21: 0 | O21: 0 | P21: 0 | Q21: 0 | R21: 0 | S21: 0 | T21: 0 | U21: =SUM(L21:T21) | V21: =IFERROR(MAX(L21:T21)/U21,0) | W21: unnamed | X21: no label votes | Y21: 0.634
A22: 20 | B22: outline | C22: =COUNTIFS(Objects!$E$2:$E$1089,$A22) | D22: =_xlfn.MINIFS(Objects!$K$2:$K$1089,Objects!$E$2:$E$1089,$A22) | E22: =_xlfn.MAXIFS(Objects!$K$2:$K$1089,Objects!$E$2:$E$1089,$A22) | F22: =_xlfn.MINIFS(Objects!$L$2:$L$1089,Objects!$E$2:$E$1089,$A22) | G22: =_xlfn.MAXIFS(Objects!$L$2:$L$1089,Objects!$E$2:$E$1089,$A22) | H22: =IFERROR(COUNTIFS(Objects!$E$2:$E$1089,$A22,Objects!$P$2:$P$1089,">0")/$C22,0) | I22: =IFERROR(COUNTIFS(Objects!$E$2:$E$1089,$A22,Objects!$Q$2:$Q$1089,1)/$C22,0) | J22: =IFERROR(COUNTIFS(Objects!$E$2:$E$1089,$A22,Objects!$R$2:$R$1089,1)/$C22,0) | K22: =IFERROR(COUNTIFS(Objects!$E$2:$E$1089,$A22,Objects!$S$2:$S$1089,1)/$C22,0) | L22: 0 | M22: 0 | N22: 0 | O22: 0 | P22: 2 | Q22: 0 | R22: 0 | S22: 1 | T22: 0 | U22: =SUM(L22:T22) | V22: =IFERROR(MAX(L22:T22)/U22,0) | W22: sump_pit | X22: label vote | Y22: 0.634
A23: 21 | B23: outline | C23: =COUNTIFS(Objects!$E$2:$E$1089,$A23) | D23: =_xlfn.MINIFS(Objects!$K$2:$K$1089,Objects!$E$2:$E$1089,$A23) | E23: =_xlfn.MAXIFS(Objects!$K$2:$K$1089,Objects!$E$2:$E$1089,$A23) | F23: =_xlfn.MINIFS(Objects!$L$2:$L$1089,Objects!$E$2:$E$1089,$A23) | G23: =_xlfn.MAXIFS(Objects!$L$2:$L$1089,Objects!$E$2:$E$1089,$A23) | H23: =IFERROR(COUNTIFS(Objects!$E$2:$E$1089,$A23,Objects!$P$2:$P$1089,">0")/$C23,0) | I23: =IFERROR(COUNTIFS(Objects!$E$2:$E$1089,$A23,Objects!$Q$2:$Q$1089,1)/$C23,0) | J23: =IFERROR(COUNTIFS(Objects!$E$2:$E$1089,$A23,Objects!$R$2:$R$1089,1)/$C23,0) | K23: =IFERROR(COUNTIFS(Objects!$E$2:$E$1089,$A23,Objects!$S$2:$S$1089,1)/$C23,0) | L23: 0 | M23: 0 | N23: 0 | O23: 0 | P23: 0 | Q23: 0 | R23: 0 | S23: 0 | T23: 0 | U23: =SUM(L23:T23) | V23: =IFERROR(MAX(L23:T23)/U23,0) | W23: unnamed | X23: no label votes | Y23: 0.634
A24: 22 | B24: outline | C24: =COUNTIFS(Objects!$E$2:$E$1089,$A24) | D24: =_xlfn.MINIFS(Objects!$K$2:$K$1089,Objects!$E$2:$E$1089,$A24) | E24: =_xlfn.MAXIFS(Objects!$K$2:$K$1089,Objects!$E$2:$E$1089,$A24) | F24: =_xlfn.MINIFS(Objects!$L$2:$L$1089,Objects!$E$2:$E$1089,$A24) | G24: =_xlfn.MAXIFS(Objects!$L$2:$L$1089,Objects!$E$2:$E$1089,$A24) | H24: =IFERROR(COUNTIFS(Objects!$E$2:$E$1089,$A24,Objects!$P$2:$P$1089,">0")/$C24,0) | I24: =IFERROR(COUNTIFS(Objects!$E$2:$E$1089,$A24,Objects!$Q$2:$Q$1089,1)/$C24,0) | J24: =IFERROR(COUNTIFS(Objects!$E$2:$E$1089,$A24,Objects!$R$2:$R$1089,1)/$C24,0) | K24: =IFERROR(COUNTIFS(Objects!$E$2:$E$1089,$A24,Objects!$S$2:$S$1089,1)/$C24,0) | L24: 0 | M24: 0 | N24: 0 | O24: 0 | P24: 0 | Q24: 0 | R24: 0 | S24: 0 | T24: 0 | U24: =SUM(L24:T24) | V24: =IFERROR(MAX(L24:T24)/U24,0) | W24: unnamed | X24: no label votes | Y24: 0.634
A25: 23 | B25: outline | C25: =COUNTIFS(Objects!$E$2:$E$1089,$A25) | D25: =_xlfn.MINIFS(Objects!$K$2:$K$1089,Objects!$E$2:$E$1089,$A25) | E25: =_xlfn.MAXIFS(Objects!$K$2:$K$1089,Objects!$E$2:$E$1089,$A25) | F25: =_xlfn.MINIFS(Objects!$L$2:$L$1089,Objects!$E$2:$E$1089,$A25) | G25: =_xlfn.MAXIFS(Objects!$L$2:$L$1089,Objects!$E$2:$E$1089,$A25) | H25: =IFERROR(COUNTIFS(Objects!$E$2:$E$1089,$A25,Objects!$P$2:$P$1089,">0")/$C25,0) | I25: =IFERROR(COUNTIFS(Objects!$E$2:$E$1089,$A25,Objects!$Q$2:$Q$1089,1)/$C25,0) | J25: =IFERROR(COUNTIFS(Objects!$E$2:$E$1089,$A25,Objects!$R$2:$R$1089,1)/$C25,0) | K25: =IFERROR(COUNTIFS(Objects!$E$2:$E$1089,$A25,Objects!$S$2:$S$1089,1)/$C25,0) | L25: 0 | M25: 0 | N25: 3 | O25: 0 | P25: 0 | Q25: 0 | R25: 0 | S25: 0 | T25: 3 | U25: =SUM(L25:T25) | V25: =IFERROR(MAX(L25:T25)/U25,0) | W25: combined_footing | X25: similar to cluster 15 (distance 0.87) | Y25: 0.634
A26: 24 | B26: outline | C26: =COUNTIFS(Objects!$E$2:$E$1089,$A26) | D26: =_xlfn.MINIFS(Objects!$K$2:$K$1089,Objects!$E$2:$E$1089,$A26) | E26: =_xlfn.MAXIFS(Objects!$K$2:$K$1089,Objects!$E$2:$E$1089,$A26) | F26: =_xlfn.MINIFS(Objects!$L$2:$L$1089,Objects!$E$2:$E$1089,$A26) | G26: =_xlfn.MAXIFS(Objects!$L$2:$L$1089,Objects!$E$2:$E$1089,$A26) | H26: =IFERROR(COUNTIFS(Objects!$E$2:$E$1089,$A26,Objects!$P$2:$P$1089,">0")/$C26,0) | I26: =IFERROR(COUNTIFS(Objects!$E$2:$E$1089,$A26,Objects!$Q$2:$Q$1089,1)/$C26,0) | J26: =IFERROR(COUNTIFS(Objects!$E$2:$E$1089,$A26,Objects!$R$2:$R$1089,1)/$C26,0) | K26: =IFERROR(COUNTIFS(Objects!$E$2:$E$1089,$A26,Objects!$S$2:$S$1089,1)/$C26,0) | L26: 0 | M26: 0 | N26: 0 | O26: 1 | P26: 0 | Q26: 0 | R26: 0 | S26: 0 | T26: 0 | U26: =SUM(L26:T26) | V26: =IFERROR(MAX(L26:T26)/U26,0) | W26: unnamed | X26: no label votes | Y26: 0.634
A27: 25 | B27: outline | C27: =COUNTIFS(Objects!$E$2:$E$1089,$A27) | D27: =_xlfn.MINIFS(Objects!$K$2:$K$1089,Objects!$E$2:$E$1089,$A27) | E27: =_xlfn.MAXIFS(Objects!$K$2:$K$1089,Objects!$E$2:$E$1089,$A27) | F27: =_xlfn.MINIFS(Objects!$L$2:$L$1089,Objects!$E$2:$E$1089,$A27) | G27: =_xlfn.MAXIFS(Objects!$L$2:$L$1089,Objects!$E$2:$E$1089,$A27) | H27: =IFERROR(COUNTIFS(Objects!$E$2:$E$1089,$A27,Objects!$P$2:$P$1089,">0")/$C27,0) | I27: =IFERROR(COUNTIFS(Objects!$E$2:$E$1089,$A27,Objects!$Q$2:$Q$1089,1)/$C27,0) | J27: =IFERROR(COUNTIFS(Objects!$E$2:$E$1089,$A27,Objects!$R$2:$R$1089,1)/$C27,0) | K27: =IFERROR(COUNTIFS(Objects!$E$2:$E$1089,$A27,Objects!$S$2:$S$1089,1)/$C27,0) | L27: 0 | M27: 0 | N27: 0 | O27: 1 | P27: 0 | Q27: 0 | R27: 0 | S27: 0 | T27: 0 | U27: =SUM(L27:T27) | V27: =IFERROR(MAX(L27:T27)/U27,0) | W27: isolated_footing | X27: similar to cluster 16 (distance 1.19) | Y27: 0.634
A28: 26 | B28: outline | C28: =COUNTIFS(Objects!$E$2:$E$1089,$A28) | D28: =_xlfn.MINIFS(Objects!$K$2:$K$1089,Objects!$E$2:$E$1089,$A28) | E28: =_xlfn.MAXIFS(Objects!$K$2:$K$1089,Objects!$E$2:$E$1089,$A28) | F28: =_xlfn.MINIFS(Objects!$L$2:$L$1089,Objects!$E$2:$E$1089,$A28) | G28: =_xlfn.MAXIFS(Objects!$L$2:$L$1089,Objects!$E$2:$E$1089,$A28) | H28: =IFERROR(COUNTIFS(Objects!$E$2:$E$1089,$A28,Objects!$P$2:$P$1089,">0")/$C28,0) | I28: =IFERROR(COUNTIFS(Objects!$E$2:$E$1089,$A28,Objects!$Q$2:$Q$1089,1)/$C28,0) | J28: =IFERROR(COUNTIFS(Objects!$E$2:$E$1089,$A28,Objects!$R$2:$R$1089,1)/$C28,0) | K28: =IFERROR(COUNTIFS(Objects!$E$2:$E$1089,$A28,Objects!$S$2:$S$1089,1)/$C28,0) | L28: 0 | M28: 1 | N28: 0 | O28: 1 | P28: 0 | Q28: 0 | R28: 0 | S28: 0 | T28: 0 | U28: =SUM(L28:T28) | V28: =IFERROR(MAX(L28:T28)/U28,0) | W28: isolated_footing | X28: similar to cluster 18 (distance 1.25) | Y28: 0.634
A29: 27 | B29: single_hatch | C29: =COUNTIFS(Objects!$E$2:$E$1089,$A29) | D29: =_xlfn.MINIFS(Objects!$K$2:$K$1089,Objects!$E$2:$E$1089,$A29) | E29: =_xlfn.MAXIFS(Objects!$K$2:$K$1089,Objects!$E$2:$E$1089,$A29) | F29: =_xlfn.MINIFS(Objects!$L$2:$L$1089,Objects!$E$2:$E$1089,$A29) | G29: =_xlfn.MAXIFS(Objects!$L$2:$L$1089,Objects!$E$2:$E$1089,$A29) | H29: =IFERROR(COUNTIFS(Objects!$E$2:$E$1089,$A29,Objects!$P$2:$P$1089,">0")/$C29,0) | I29: =IFERROR(COUNTIFS(Objects!$E$2:$E$1089,$A29,Objects!$Q$2:$Q$1089,1)/$C29,0) | J29: =IFERROR(COUNTIFS(Objects!$E$2:$E$1089,$A29,Objects!$R$2:$R$1089,1)/$C29,0) | K29: =IFERROR(COUNTIFS(Objects!$E$2:$E$1089,$A29,Objects!$S$2:$S$1089,1)/$C29,0) | L29: 0 | M29: 0 | N29: 0 | O29: 0 | P29: 0 | Q29: 0 | R29: 0 | S29: 0 | T29: 0 | U29: =SUM(L29:T29) | V29: =IFERROR(MAX(L29:T29)/U29,0) | W29: unnamed | X29: no label votes
A30: 28 | B30: solid | C30: =COUNTIFS(Objects!$E$2:$E$1089,$A30) | D30: =_xlfn.MINIFS(Objects!$K$2:$K$1089,Objects!$E$2:$E$1089,$A30) | E30: =_xlfn.MAXIFS(Objects!$K$2:$K$1089,Objects!$E$2:$E$1089,$A30) | F30: =_xlfn.MINIFS(Objects!$L$2:$L$1089,Objects!$E$2:$E$1089,$A30) | G30: =_xlfn.MAXIFS(Objects!$L$2:$L$1089,Objects!$E$2:$E$1089,$A30) | H30: =IFERROR(COUNTIFS(Objects!$E$2:$E$1089,$A30,Objects!$P$2:$P$1089,">0")/$C30,0) | I30: =IFERROR(COUNTIFS(Objects!$E$2:$E$1089,$A30,Objects!$Q$2:$Q$1089,1)/$C30,0) | J30: =IFERROR(COUNTIFS(Objects!$E$2:$E$1089,$A30,Objects!$R$2:$R$1089,1)/$C30,0) | K30: =IFERROR(COUNTIFS(Objects!$E$2:$E$1089,$A30,Objects!$S$2:$S$1089,1)/$C30,0) | L30: 1 | M30: 0 | N30: 0 | O30: 0 | P30: 0 | Q30: 1 | R30: 0 | S30: 1 | T30: 4 | U30: =SUM(L30:T30) | V30: =IFERROR(MAX(L30:T30)/U30,0) | W30: retaining_wall | X30: label vote | Y30: 0.433
A31: 29 | B31: solid | C31: =COUNTIFS(Objects!$E$2:$E$1089,$A31) | D31: =_xlfn.MINIFS(Objects!$K$2:$K$1089,Objects!$E$2:$E$1089,$A31) | E31: =_xlfn.MAXIFS(Objects!$K$2:$K$1089,Objects!$E$2:$E$1089,$A31) | F31: =_xlfn.MINIFS(Objects!$L$2:$L$1089,Objects!$E$2:$E$1089,$A31) | G31: =_xlfn.MAXIFS(Objects!$L$2:$L$1089,Objects!$E$2:$E$1089,$A31) | H31: =IFERROR(COUNTIFS(Objects!$E$2:$E$1089,$A31,Objects!$P$2:$P$1089,">0")/$C31,0) | I31: =IFERROR(COUNTIFS(Objects!$E$2:$E$1089,$A31,Objects!$Q$2:$Q$1089,1)/$C31,0) | J31: =IFERROR(COUNTIFS(Objects!$E$2:$E$1089,$A31,Objects!$R$2:$R$1089,1)/$C31,0) | K31: =IFERROR(COUNTIFS(Objects!$E$2:$E$1089,$A31,Objects!$S$2:$S$1089,1)/$C31,0) | L31: 10 | M31: 0 | N31: 0 | O31: 1 | P31: 0 | Q31: 0 | R31: 0 | S31: 0 | T31: 1 | U31: =SUM(L31:T31) | V31: =IFERROR(MAX(L31:T31)/U31,0) | W31: column | X31: label vote | Y31: 0.433
A32: 30 | B32: solid | C32: =COUNTIFS(Objects!$E$2:$E$1089,$A32) | D32: =_xlfn.MINIFS(Objects!$K$2:$K$1089,Objects!$E$2:$E$1089,$A32) | E32: =_xlfn.MAXIFS(Objects!$K$2:$K$1089,Objects!$E$2:$E$1089,$A32) | F32: =_xlfn.MINIFS(Objects!$L$2:$L$1089,Objects!$E$2:$E$1089,$A32) | G32: =_xlfn.MAXIFS(Objects!$L$2:$L$1089,Objects!$E$2:$E$1089,$A32) | H32: =IFERROR(COUNTIFS(Objects!$E$2:$E$1089,$A32,Objects!$P$2:$P$1089,">0")/$C32,0) | I32: =IFERROR(COUNTIFS(Objects!$E$2:$E$1089,$A32,Objects!$Q$2:$Q$1089,1)/$C32,0) | J32: =IFERROR(COUNTIFS(Objects!$E$2:$E$1089,$A32,Objects!$R$2:$R$1089,1)/$C32,0) | K32: =IFERROR(COUNTIFS(Objects!$E$2:$E$1089,$A32,Objects!$S$2:$S$1089,1)/$C32,0) | L32: 0 | M32: 0 | N32: 0 | O32: 0 | P32: 0 | Q32: 0 | R32: 0 | S32: 0 | T32: 5 | U32: =SUM(L32:T32) | V32: =IFERROR(MAX(L32:T32)/U32,0) | W32: shear_wall | X32: label vote | Y32: 0.433
A33: 31 | B33: solid | C33: =COUNTIFS(Objects!$E$2:$E$1089,$A33) | D33: =_xlfn.MINIFS(Objects!$K$2:$K$1089,Objects!$E$2:$E$1089,$A33) | E33: =_xlfn.MAXIFS(Objects!$K$2:$K$1089,Objects!$E$2:$E$1089,$A33) | F33: =_xlfn.MINIFS(Objects!$L$2:$L$1089,Objects!$E$2:$E$1089,$A33) | G33: =_xlfn.MAXIFS(Objects!$L$2:$L$1089,Objects!$E$2:$E$1089,$A33) | H33: =IFERROR(COUNTIFS(Objects!$E$2:$E$1089,$A33,Objects!$P$2:$P$1089,">0")/$C33,0) | I33: =IFERROR(COUNTIFS(Objects!$E$2:$E$1089,$A33,Objects!$Q$2:$Q$1089,1)/$C33,0) | J33: =IFERROR(COUNTIFS(Objects!$E$2:$E$1089,$A33,Objects!$R$2:$R$1089,1)/$C33,0) | K33: =IFERROR(COUNTIFS(Objects!$E$2:$E$1089,$A33,Objects!$S$2:$S$1089,1)/$C33,0) | L33: 14 | M33: 1 | N33: 0 | O33: 0 | P33: 0 | Q33: 0 | R33: 0 | S33: 0 | T33: 0 | U33: =SUM(L33:T33) | V33: =IFERROR(MAX(L33:T33)/U33,0) | W33: column | X33: label vote | Y33: 0.433
A34: 32 | B34: solid | C34: =COUNTIFS(Objects!$E$2:$E$1089,$A34) | D34: =_xlfn.MINIFS(Objects!$K$2:$K$1089,Objects!$E$2:$E$1089,$A34) | E34: =_xlfn.MAXIFS(Objects!$K$2:$K$1089,Objects!$E$2:$E$1089,$A34) | F34: =_xlfn.MINIFS(Objects!$L$2:$L$1089,Objects!$E$2:$E$1089,$A34) | G34: =_xlfn.MAXIFS(Objects!$L$2:$L$1089,Objects!$E$2:$E$1089,$A34) | H34: =IFERROR(COUNTIFS(Objects!$E$2:$E$1089,$A34,Objects!$P$2:$P$1089,">0")/$C34,0) | I34: =IFERROR(COUNTIFS(Objects!$E$2:$E$1089,$A34,Objects!$Q$2:$Q$1089,1)/$C34,0) | J34: =IFERROR(COUNTIFS(Objects!$E$2:$E$1089,$A34,Objects!$R$2:$R$1089,1)/$C34,0) | K34: =IFERROR(COUNTIFS(Objects!$E$2:$E$1089,$A34,Objects!$S$2:$S$1089,1)/$C34,0) | L34: 0 | M34: 1 | N34: 0 | O34: 0 | P34: 0 | Q34: 0 | R34: 0 | S34: 0 | T34: 11 | U34: =SUM(L34:T34) | V34: =IFERROR(MAX(L34:T34)/U34,0) | W34: shear_wall | X34: label vote | Y34: 0.433
A35: 33 | B35: solid | C35: =COUNTIFS(Objects!$E$2:$E$1089,$A35) | D35: =_xlfn.MINIFS(Objects!$K$2:$K$1089,Objects!$E$2:$E$1089,$A35) | E35: =_xlfn.MAXIFS(Objects!$K$2:$K$1089,Objects!$E$2:$E$1089,$A35) | F35: =_xlfn.MINIFS(Objects!$L$2:$L$1089,Objects!$E$2:$E$1089,$A35) | G35: =_xlfn.MAXIFS(Objects!$L$2:$L$1089,Objects!$E$2:$E$1089,$A35) | H35: =IFERROR(COUNTIFS(Objects!$E$2:$E$1089,$A35,Objects!$P$2:$P$1089,">0")/$C35,0) | I35: =IFERROR(COUNTIFS(Objects!$E$2:$E$1089,$A35,Objects!$Q$2:$Q$1089,1)/$C35,0) | J35: =IFERROR(COUNTIFS(Objects!$E$2:$E$1089,$A35,Objects!$R$2:$R$1089,1)/$C35,0) | K35: =IFERROR(COUNTIFS(Objects!$E$2:$E$1089,$A35,Objects!$S$2:$S$1089,1)/$C35,0) | L35: 0 | M35: 0 | N35: 0 | O35: 0 | P35: 0 | Q35: 0 | R35: 0 | S35: 0 | T35: 0 | U35: =SUM(L35:T35) | V35: =IFERROR(MAX(L35:T35)/U35,0) | W35: retaining_wall | X35: label vote | Y35: 0.433
A36: 34 | B36: solid | C36: =COUNTIFS(Objects!$E$2:$E$1089,$A36) | D36: =_xlfn.MINIFS(Objects!$K$2:$K$1089,Objects!$E$2:$E$1089,$A36) | E36: =_xlfn.MAXIFS(Objects!$K$2:$K$1089,Objects!$E$2:$E$1089,$A36) | F36: =_xlfn.MINIFS(Objects!$L$2:$L$1089,Objects!$E$2:$E$1089,$A36) | G36: =_xlfn.MAXIFS(Objects!$L$2:$L$1089,Objects!$E$2:$E$1089,$A36) | H36: =IFERROR(COUNTIFS(Objects!$E$2:$E$1089,$A36,Objects!$P$2:$P$1089,">0")/$C36,0) | I36: =IFERROR(COUNTIFS(Objects!$E$2:$E$1089,$A36,Objects!$Q$2:$Q$1089,1)/$C36,0) | J36: =IFERROR(COUNTIFS(Objects!$E$2:$E$1089,$A36,Objects!$R$2:$R$1089,1)/$C36,0) | K36: =IFERROR(COUNTIFS(Objects!$E$2:$E$1089,$A36,Objects!$S$2:$S$1089,1)/$C36,0) | L36: 0 | M36: 0 | N36: 0 | O36: 0 | P36: 0 | Q36: 1 | R36: 0 | S36: 0 | T36: 1 | U36: =SUM(L36:T36) | V36: =IFERROR(MAX(L36:T36)/U36,0) | W36: unnamed | X36: no label votes | Y36: 0.433
A37: 35 | B37: solid | C37: =COUNTIFS(Objects!$E$2:$E$1089,$A37) | D37: =_xlfn.MINIFS(Objects!$K$2:$K$1089,Objects!$E$2:$E$1089,$A37) | E37: =_xlfn.MAXIFS(Objects!$K$2:$K$1089,Objects!$E$2:$E$1089,$A37) | F37: =_xlfn.MINIFS(Objects!$L$2:$L$1089,Objects!$E$2:$E$1089,$A37) | G37: =_xlfn.MAXIFS(Objects!$L$2:$L$1089,Objects!$E$2:$E$1089,$A37) | H37: =IFERROR(COUNTIFS(Objects!$E$2:$E$1089,$A37,Objects!$P$2:$P$1089,">0")/$C37,0) | I37: =IFERROR(COUNTIFS(Objects!$E$2:$E$1089,$A37,Objects!$Q$2:$Q$1089,1)/$C37,0) | J37: =IFERROR(COUNTIFS(Objects!$E$2:$E$1089,$A37,Objects!$R$2:$R$1089,1)/$C37,0) | K37: =IFERROR(COUNTIFS(Objects!$E$2:$E$1089,$A37,Objects!$S$2:$S$1089,1)/$C37,0) | L37: 0 | M37: 0 | N37: 0 | O37: 0 | P37: 0 | Q37: 0 | R37: 0 | S37: 0 | T37: 11 | U37: =SUM(L37:T37) | V37: =IFERROR(MAX(L37:T37)/U37,0) | W37: shear_wall | X37: label vote | Y37: 0.433
A38: 36 | B38: solid | C38: =COUNTIFS(Objects!$E$2:$E$1089,$A38) | D38: =_xlfn.MINIFS(Objects!$K$2:$K$1089,Objects!$E$2:$E$1089,$A38) | E38: =_xlfn.MAXIFS(Objects!$K$2:$K$1089,Objects!$E$2:$E$1089,$A38) | F38: =_xlfn.MINIFS(Objects!$L$2:$L$1089,Objects!$E$2:$E$1089,$A38) | G38: =_xlfn.MAXIFS(Objects!$L$2:$L$1089,Objects!$E$2:$E$1089,$A38) | H38: =IFERROR(COUNTIFS(Objects!$E$2:$E$1089,$A38,Objects!$P$2:$P$1089,">0")/$C38,0) | I38: =IFERROR(COUNTIFS(Objects!$E$2:$E$1089,$A38,Objects!$Q$2:$Q$1089,1)/$C38,0) | J38: =IFERROR(COUNTIFS(Objects!$E$2:$E$1089,$A38,Objects!$R$2:$R$1089,1)/$C38,0) | K38: =IFERROR(COUNTIFS(Objects!$E$2:$E$1089,$A38,Objects!$S$2:$S$1089,1)/$C38,0) | L38: 0 | M38: 0 | N38: 0 | O38: 0 | P38: 0 | Q38: 0 | R38: 0 | S38: 0 | T38: 21 | U38: =SUM(L38:T38) | V38: =IFERROR(MAX(L38:T38)/U38,0) | W38: shear_wall | X38: label vote | Y38: 0.433
A39: 37 | B39: solid | C39: =COUNTIFS(Objects!$E$2:$E$1089,$A39) | D39: =_xlfn.MINIFS(Objects!$K$2:$K$1089,Objects!$E$2:$E$1089,$A39) | E39: =_xlfn.MAXIFS(Objects!$K$2:$K$1089,Objects!$E$2:$E$1089,$A39) | F39: =_xlfn.MINIFS(Objects!$L$2:$L$1089,Objects!$E$2:$E$1089,$A39) | G39: =_xlfn.MAXIFS(Objects!$L$2:$L$1089,Objects!$E$2:$E$1089,$A39) | H39: =IFERROR(COUNTIFS(Objects!$E$2:$E$1089,$A39,Objects!$P$2:$P$1089,">0")/$C39,0) | I39: =IFERROR(COUNTIFS(Objects!$E$2:$E$1089,$A39,Objects!$Q$2:$Q$1089,1)/$C39,0) | J39: =IFERROR(COUNTIFS(Objects!$E$2:$E$1089,$A39,Objects!$R$2:$R$1089,1)/$C39,0) | K39: =IFERROR(COUNTIFS(Objects!$E$2:$E$1089,$A39,Objects!$S$2:$S$1089,1)/$C39,0) | L39: 0 | M39: 0 | N39: 0 | O39: 0 | P39: 0 | Q39: 0 | R39: 0 | S39: 0 | T39: 14 | U39: =SUM(L39:T39) | V39: =IFERROR(MAX(L39:T39)/U39,0) | W39: shear_wall | X39: label vote | Y39: 0.433
A40: 38 | B40: solid | C40: =COUNTIFS(Objects!$E$2:$E$1089,$A40) | D40: =_xlfn.MINIFS(Objects!$K$2:$K$1089,Objects!$E$2:$E$1089,$A40) | E40: =_xlfn.MAXIFS(Objects!$K$2:$K$1089,Objects!$E$2:$E$1089,$A40) | F40: =_xlfn.MINIFS(Objects!$L$2:$L$1089,Objects!$E$2:$E$1089,$A40) | G40: =_xlfn.MAXIFS(Objects!$L$2:$L$1089,Objects!$E$2:$E$1089,$A40) | H40: =IFERROR(COUNTIFS(Objects!$E$2:$E$1089,$A40,Objects!$P$2:$P$1089,">0")/$C40,0) | I40: =IFERROR(COUNTIFS(Objects!$E$2:$E$1089,$A40,Objects!$Q$2:$Q$1089,1)/$C40,0) | J40: =IFERROR(COUNTIFS(Objects!$E$2:$E$1089,$A40,Objects!$R$2:$R$1089,1)/$C40,0) | K40: =IFERROR(COUNTIFS(Objects!$E$2:$E$1089,$A40,Objects!$S$2:$S$1089,1)/$C40,0) | L40: 0 | M40: 0 | N40: 0 | O40: 0 | P40: 1 | Q40: 0 | R40: 0 | S40: 0 | T40: 0 | U40: =SUM(L40:T40) | V40: =IFERROR(MAX(L40:T40)/U40,0) | W40: unnamed | X40: no label votes | Y40: 0.433
A41: 39 | B41: stamped_region | C41: =COUNTIFS(Objects!$E$2:$E$1089,$A41) | D41: =_xlfn.MINIFS(Objects!$K$2:$K$1089,Objects!$E$2:$E$1089,$A41) | E41: =_xlfn.MAXIFS(Objects!$K$2:$K$1089,Objects!$E$2:$E$1089,$A41) | F41: =_xlfn.MINIFS(Objects!$L$2:$L$1089,Objects!$E$2:$E$1089,$A41) | G41: =_xlfn.MAXIFS(Objects!$L$2:$L$1089,Objects!$E$2:$E$1089,$A41) | H41: =IFERROR(COUNTIFS(Objects!$E$2:$E$1089,$A41,Objects!$P$2:$P$1089,">0")/$C41,0) | I41: =IFERROR(COUNTIFS(Objects!$E$2:$E$1089,$A41,Objects!$Q$2:$Q$1089,1)/$C41,0) | J41: =IFERROR(COUNTIFS(Objects!$E$2:$E$1089,$A41,Objects!$R$2:$R$1089,1)/$C41,0) | K41: =IFERROR(COUNTIFS(Objects!$E$2:$E$1089,$A41,Objects!$S$2:$S$1089,1)/$C41,0) | L41: 0 | M41: 0 | N41: 0 | O41: 0 | P41: 0 | Q41: 13 | R41: 0 | S41: 0 | T41: 0 | U41: =SUM(L41:T41) | V41: =IFERROR(MAX(L41:T41)/U41,0) | W41: raft | X41: label vote
A43: Votes are the first, neutral pass (program output). A 'VP..-SF..' label votes for the strip it sits on and for the wall standing in that strip.

Sheet Objects
A1: ID | B1: Building | C1: Building from | D1: Drawing kind | E1: Cluster | F1: Class | G1: Class named by | H1: Type key | I1: Type source | J1: Label text | K1: Length (cm) | L1: Width (cm) | M1: L/W | N1: Area (m²) | O1: Angle (°) | P1: Touches solids | Q1: Inside an outline | R1: In a strip band | S1: On a stamped region | T1: Solids inside | U1: Dots inside | V1: Beams touching | W1: Net length (m) | X1: Extent | Y1: bbox x0 (px) | Z1: bbox y0 (px) | AA1: bbox x1 (px) | AB1: bbox y1 (px) | AC1: (validation) verified class | AD1: (validation) agrees
A2: 1 | B2: 120 | C2: nearest labels in its region | D2: solid | E2: 31 | F2: column | G2: label vote | H2: (none) | I2: no column type in its building has this size | K2: 47 | L2: 26 | M2: =IF(AND(ISNUMBER(K2),L2>0),K2/L2,"") | N2: 0.122 | O2: 89.9 | P2: 1 | Q2: 0 | R2: 0 | S2: 1 | T2: 0 | U2: 0 | V2: 0 | Y2: 4870.7 | Z2: 760.3 | AA2: 4878.3 | AB2: 774.3 | AD2: =IF(AC2="","",IF(OR(AC2=F2,AND(AC2="crane_footing",F2="isolated_footing")),"yes","no"))
A3: 2 | B3: 120 | C3: own label | D3: solid | E3: 31 | F3: column | G3: label vote | H3: P1/120 | I3: printed label | J3: P1/120/120 | K3: 80 | L3: 25 | M3: =IF(AND(ISNUMBER(K3),L3>0),K3/L3,"") | N3: 0.2 | O3: 0 | P3: 0 | Q3: 0 | R3: 0 | S3: 1 | T3: 0 | U3: 0 | V3: 3 | Y3: 4596.9 | Z3: 792 | AA3: 4620.6 | AB3: 799.4 | AC3: column | AD3: =IF(AC3="","",IF(OR(AC3=F3,AND(AC3="crane_footing",F3="isolated_footing")),"yes","no"))
A4: 3 | B4: 120 | C4: own label | D4: solid | E4: 31 | F4: column | G4: label vote | H4: P1/120 | I4: printed label | J4: P1/120/120 | K4: 80 | L4: 25 | M4: =IF(AND(ISNUMBER(K4),L4>0),K4/L4,"") | N4: 0.2 | O4: 0 | P4: 0 | Q4: 0 | R4: 0 | S4: 1 | T4: 0 | U4: 0 | V4: 5 | Y4: 4704.8 | Z4: 861.4 | AA4: 4728.4 | AB4: 868.8 | AC4: column | AD4: =IF(AC4="","",IF(OR(AC4=F4,AND(AC4="crane_footing",F4="isolated_footing")),"yes","no"))
A5: 4 | B5: 120 | C5: own label | D5: solid | E5: 31 | F5: column | G5: label vote | H5: P1/120 | I5: printed label | J5: P1/120/120 | K5: 80 | L5: 25 | M5: =IF(AND(ISNUMBER(K5),L5>0),K5/L5,"") | N5: 0.2 | O5: 0 | P5: 0 | Q5: 0 | R5: 0 | S5: 1 | T5: 0 | U5: 0 | V5: 3 | Y5: 4596.9 | Z5: 861.4 | AA5: 4620.6 | AB5: 868.8 | AC5: column | AD5: =IF(AC5="","",IF(OR(AC5=F5,AND(AC5="crane_footing",F5="isolated_footing")),"yes","no"))
A6: 5 | B6: 120 | C6: own label | D6: solid | E6: 31 | F6: column | G6: label vote | H6: P1/120 | I6: printed label | J6: P1/120/120 | K6: 80 | L6: 25 | M6: =IF(AND(ISNUMBER(K6),L6>0),K6/L6,"") | N6: 0.2 | O6: 0 | P6: 0 | Q6: 0 | R6: 0 | S6: 1 | T6: 0 | U6: 0 | V6: 4 | Y6: 4704.8 | Z6: 792 | AA6: 4728.4 | AB6: 799.4 | AC6: column | AD6: =IF(AC6="","",IF(OR(AC6=F6,AND(AC6="crane_footing",F6="isolated_footing")),"yes","no"))
A7: 6 | B7: 120 | C7: nearest labels in its region | D7: solid | E7: 32 | F7: shear_wall | G7: label vote | H7: (none) | I7: no shear_wall type in its building has this size | K7: 474 | L7: 25 | M7: =IF(AND(ISNUMBER(K7),L7>0),K7/L7,"") | N7: 1.188 | O7: 180 | P7: 1 | Q7: 0 | R7: 0 | S7: 1 | T7: 0 | U7: 4 | V7: 4 | Y7: 4870.8 | Z7: 861.3 | AA7: 5010.9 | AB7: 868.7 | AD7: =IF(AC7="","",IF(OR(AC7=F7,AND(AC7="crane_footing",F7="isolated_footing")),"yes","no"))
A8: 7 | B8: 120 | C8: nearest labels in its region | D8: solid | E8: 32 | F8: shear_wall | G8: label vote | H8: (none) | I8: no shear_wall type in its building has this size | K8: 270 | L8: 25 | M8: =IF(AND(ISNUMBER(K8),L8>0),K8/L8,"") | N8: 0.684 | O8: 90 | P8: 1 | Q8: 0 | R8: 0 | S8: 1 | T8: 0 | U8: 6 | V8: 2 | Y8: 5011 | Z8: 781.6 | AA8: 5018.5 | AB8: 861.3 | AD8: =IF(AC8="","",IF(OR(AC8=F8,AND(AC8="crane_footing",F8="isolated_footing")),"yes","no"))
A9: 8 | B9: 120 | C9: nearest labels in its region | D9: solid | E9: 30 | F9: shear_wall | G9: label vote | H9: (none) | I9: no shear_wall type in its building has this size | K9: 424 | L9: 25 | M9: =IF(AND(ISNUMBER(K9),L9>0),K9/L9,"") | N9: 1.062 | O9: 180 | P9: 2 | Q9: 0 | R9: 0 | S9: 1 | T9: 0 | U9: 4 | V9: 0 | Y9: 4878.4 | Z9: 774.2 | AA9: 5003.8 | AB9: 781.7 | AD9: =IF(AC9="","",IF(OR(AC9=F9,AND(AC9="crane_footing",F9="isolated_footing")),"yes","no"))
A10: 9 | B10: 120 | C10: nearest labels in its region | D10: solid | E10: 30 | F10: shear_wall | G10: label vote | H10: (none) | I10: no shear_wall type in its building has this size | K10: 287 | L10: 25 | M10: =IF(AND(ISNUMBER(K10),L10>0),K10/L10,"") | N10: 0.722 | O10: 180 | P10: 2 | Q10: 0 | R10: 0 | S10: 1 | T10: 0 | U10: 4 | V10: 0 | Y10: 4771.3 | Z10: 749.2 | AA10: 4856.1 | AB10: 756.6 | AD10: =IF(AC10="","",IF(OR(AC10=F10,AND(AC10="crane_footing",F10="isolated_footing")),"yes","no"))
A11: 10 | B11: 120 | C11: nearest labels in its region | D11: solid | E11: 32 | F11: shear_wall | G11: label vote | H11: (none) | I11: no shear_wall type in its building has this size | K11: 175 | L11: 25 | M11: =IF(AND(ISNUMBER(K11),L11>0),K11/L11,"") | N11: 0.441 | O11: 89.9 | P11: 1 | Q11: 0 | R11: 0 | S11: 1 | T11: 0 | U11: 1 | V11: 2 | Y11: 4763.8 | Z11: 756.6 | AA11: 4771.3 | AB11: 808.2 | AD11: =IF(AC11="","",IF(OR(AC11=F11,AND(AC11="crane_footing",F11="isolated_footing")),"yes","no"))
A12: 11 | B12: 120 | C12: nearest labels in its region | D12: solid | E12: 32 | F12: shear_wall | G12: label vote | H12: (none) | I12: no shear_wall type in its building has this size | K12: 158 | L12: 25 | M12: =IF(AND(ISNUMBER(K12),L12>0),K12/L12,"") | N12: 0.402 | O12: 89.9 | P12: 1 | Q12: 0 | R12: 0 | S12: 1 | T12: 0 | U12: 1 | V12: 2 | Y12: 4870.7 | Z12: 781.7 | AA12: 4878.3 | AB12: 828.2 | AD12: =IF(AC12="","",IF(OR(AC12=F12,AND(AC12="crane_footing",F12="isolated_footing")),"yes","no"))
A13: 12 | B13: 120 | C13: own label | D13: solid | E13: 36 | F13: shear_wall | G13: label vote | H13: V1/120 | I13: printed label | J13: V1/120/120 | K13: 200 | L13: 25 | M13: =IF(AND(ISNUMBER(K13),L13>0),K13/L13,"") | N13: 0.502 | O13: 0 | P13: 0 | Q13: 0 | R13: 0 | S13: 1 | T13: 0 | U13: 2 | V13: 3 | Y13: 4521.3 | Z13: 517.4 | AA13: 4580.3 | AB13: 524.9 | AC13: shear_wall | AD13: =IF(AC13="","",IF(OR(AC13=F13,AND(AC13="crane_footing",F13="isolated_footing")),"yes","no"))
A14: 13 | B14: 120 | C14: own label | D14: solid | E14: 36 | F14: shear_wall | G14: label vote | H14: V1/120 | I14: printed label | J14: V1/120/120 | K14: 200 | L14: 25 | M14: =IF(AND(ISNUMBER(K14),L14>0),K14/L14,"") | N14: 0.5 | O14: 0 | P14: 0 | Q14: 0 | R14: 0 | S14: 1 | T14: 0 | U14: 2 | V14: 2 | Y14: 4516.5 | Z14: 826.7 | AA14: 4575.6 | AB14: 834.2 | AC14: shear_wall | AD14: =IF(AC14="","",IF(OR(AC14=F14,AND(AC14="crane_footing",F14="isolated_footing")),"yes","no"))
A15: 14 | B15: 120 | C15: own label | D15: solid | E15: 36 | F15: shear_wall | G15: label vote | H15: V1/120 | I15: printed label | J15: V1/120/120 | K15: 200 | L15: 25 | M15: =IF(AND(ISNUMBER(K15),L15>0),K15/L15,"") | N15: 0.5 | O15: 0 | P15: 0 | Q15: 1 | R15: 0 | S15: 0 | T15: 0 | U15: 2 | V15: 2 | Y15: 4519.4 | Z15: 681.4 | AA15: 4578.4 | AB15: 688.7 | AC15: shear_wall | AD15: =IF(AC15="","",IF(OR(AC15=F15,AND(AC15="crane_footing",F15="isolated_footing")),"yes","no"))
A16: 15 | B16: 120 | C16: own label | D16: solid | E16: 36 | F16: shear_wall | G16: label vote | H16: V1/120 | I16: printed label | J16: V1/120/120 | K16: 200 | L16: 25 | M16: =IF(AND(ISNUMBER(K16),L16>0),K16/L16,"") | N16: 0.499 | O16: 0 | P16: 0 | Q16: 1 | R16: 0 | S16: 0 | T16: 0 | U16: 2 | V16: 2 | Y16: 4519.5 | Z16: 972.2 | AA16: 4578.5 | AB16: 979.5 | AC16: shear_wall | AD16: =IF(AC16="","",IF(OR(AC16=F16,AND(AC16="crane_footing",F16="isolated_footing")),"yes","no"))
A17: 16 | B17: 120 | C17: own label | D17: solid | E17: 36 | F17: shear_wall | G17: label vote | H17: V2/120 | I17: printed label | J17: V2/120/120 | K17: 125 | L17: 25 | M17: =IF(AND(ISNUMBER(K17),L17>0),K17/L17,"") | N17: 0.313 | O17: 179.7 | P17: 0 | Q17: 1 | R17: 0 | S17: 0 | T17: 0 | U17: 2 | V17: 2 | Y17: 4516.6 | Z17: 1323 | AA17: 4553.6 | AB17: 1330.6 | AC17: shear_wall | AD17: =IF(AC17="","",IF(OR(AC17=F17,AND(AC17="crane_footing",F17="isolated_footing")),"yes","no"))
A18: 17 | B18: 120 | C18: own label (region says 121) | D18: solid | E18: 32 | F18: shear_wall | G18: label vote | H18: V2/120 | I18: printed label | J18: V2/120/120 | K18: 125 | L18: 25 | M18: =IF(AND(ISNUMBER(K18),L18>0),K18/L18,"") | N18: 0.312 | O18: 0 | P18: 1 | Q18: 1 | R18: 0 | S18: 0 | T18: 0 | U18: 0 | V18: 2 | Y18: 4749.1 | Z18: 1323.2 | AA18: 4786.1 | AB18: 1330.5 | AD18: =IF(AC18="","",IF(OR(AC18=F18,AND(AC18="crane_footing",F18="isolated_footing")),"yes","no"))
A19: 18 | B19: 120 | C19: own label | D19: solid | E19: 36 | F19: shear_wall | G19: label vote | H19: V3/120 | I19: printed label | J19: V3/120/120 | K19: 125 | L19: 25 | M19: =IF(AND(ISNUMBER(K19),L19>0),K19/L19,"") | N19: 0.314 | O19: 0 | P19: 0 | Q19: 1 | R19: 0 | S19: 0 | T19: 0 | U19: 2 | V19: 2 | Y19: 4285 | Z19: 864.7 | AA19: 4321.9 | AB19: 872.1 | AC19: shear_wall | AD19: =IF(AC19="","",IF(OR(AC19=F19,AND(AC19="crane_footing",F19="isolated_footing")),"yes","no"))
A20: 19 | B20: 120 | C20: own label | D20: solid | E20: 36 | F20: shear_wall | G20: label vote | H20: V3/120 | I20: printed label | J20: V3/120/120 | K20: 125 | L20: 25 | M20: =IF(AND(ISNUMBER(K20),L20>0),K20/L20,"") | N20: 0.313 | O20: 0.1 | P20: 0 | Q20: 0 | R20: 0 | S20: 1 | T20: 0 | U20: 2 | V20: 2 | Y20: 4253.5 | Z20: 1323.1 | AA20: 4290.5 | AB20: 1330.5 | AC20: shear_wall | AD20: =IF(AC20="","",IF(OR(AC20=F20,AND(AC20="crane_footing",F20="isolated_footing")),"yes","no"))
A21: 20 | B21: 120 | C21: own label | D21: solid | E21: 36 | F21: shear_wall | G21: label vote | H21: V3/120 | I21: printed label | J21: V3/120/120 | K21: 125 | L21: 25 | M21: =IF(AND(ISNUMBER(K21),L21>0),K21/L21,"") | N21: 0.313 | O21: 0.1 | P21: 0 | Q21: 1 | R21: 0 | S21: 0 | T21: 0 | U21: 0 | V21: 2 | Y21: 4284.8 | Z21: 1094.2 | AA21: 4321.7 | AB21: 1101.6 | AC21: shear_wall | AD21: =IF(AC21="","",IF(OR(AC21=F21,AND(AC21="crane_footing",F21="isolated_footing")),"yes","no"))
A22: 21 | B22: 120 | C22: own label | D22: solid | E22: 36 | F22: shear_wall | G22: label vote | H22: V3/120 | I22: printed label | J22: V3/120120 | K22: 125 | L22: 25 | M22: =IF(AND(ISNUMBER(K22),L22>0),K22/L22,"") | N22: 0.313 | O22: 0.1 | P22: 0 | Q22: 1 | R22: 0 | S22: 0 | T22: 0 | U22: 3 | V22: 2 | Y22: 4285.2 | Z22: 635.6 | AA22: 4322.1 | AB22: 643 | AC22: shear_wall | AD22: =IF(AC22="","",IF(OR(AC22=F22,AND(AC22="crane_footing",F22="isolated_footing")),"yes","no"))
A23: 22 | B23: 120 | C23: own label | D23: solid | E23: 32 | F23: shear_wall | G23: label vote | H23: V4/120 | I23: printed label | J23: V4/120/120 | K23: 200 | L23: 25 | M23: =IF(AND(ISNUMBER(K23),L23>0),K23/L23,"") | N23: 0.5 | O23: 90.1 | P23: 1 | Q23: 1 | R23: 0 | S23: 0 | T23: 0 | U23: 1 | V23: 0 | Y23: 4763.6 | Z23: 416.7 | AA23: 4771.1 | AB23: 475.8 | AD23: =IF(AC23="","",IF(OR(AC23=F23,AND(AC23="crane_footing",F23="isolated_footing")),"yes","no"))
A24: 23 | B24: 120 | C24: own label | D24: solid | E24: 36 | F24: shear_wall | G24: label vote | H24: V4/120 | I24: printed label | J24: V4/120/120 | K24: 200 | L24: 25 | M24: =IF(AND(ISNUMBER(K24),L24>0),K24/L24,"") | N24: 0.5 | O24: 90 | P24: 0 | Q24: 0 | R24: 0 | S24: 1 | T24: 0 | U24: 2 | V24: 0 | Y24: 4644.1 | Z24: 425.8 | AA24: 4651.4 | AB24: 484.9 | AC24: shear_wall | AD24: =IF(AC24="","",IF(OR(AC24=F24,AND(AC24="crane_footing",F24="isolated_footing")),"yes","no"))
A25: 24 | B25: 120 | C25: own label | D25: solid | E25: 32 | F25: shear_wall | G25: label vote | H25: V5/120 | I25: printed label | J25: V5/120/120 | K25: 300 | L25: 25 | M25: =IF(AND(ISNUMBER(K25),L25>0),K25/L25,"") | N25: 0.752 | O25: 90 | P25: 1 | Q25: 1 | R25: 0 | S25: 0 | T25: 0 | U25: 2 | V25: 0 | Y25: 4763.8 | Z25: 1046.6 | AA25: 4771.2 | AB25: 1135.2 | AD25: =IF(AC25="","",IF(OR(AC25=F25,AND(AC25="crane_footing",F25="isolated_footing")),"yes","no"))
A26: 25 | B26: 120 | C26: own label | D26: solid | E26: 32 | F26: shear_wall | G26: label vote | H26: V8/120 | I26: printed label | J26: V8/120/120 | K26: 250 | L26: 25 | M26: =IF(AND(ISNUMBER(K26),L26>0),K26/L26,"") | N26: 0.625 | O26: 90.1 | P26: 1 | Q26: 1 | R26: 0 | S26: 0 | T26: 0 | U26: 1 | V26: 0 | Y26: 4763.7 | Z26: 561.5 | AA26: 4771.2 | AB26: 635.3 | AD26: =IF(AC26="","",IF(OR(AC26=F26,AND(AC26="crane_footing",F26="isolated_footing")),"yes","no"))
A27: 26 | B27: 120 | C27: own label | D27: solid | E27: 35 | F27: shear_wall | G27: label vote | H27: V9/120 | I27: printed label | J27: V9/120/120 | K27: 200 | L27: 30 | M27: =IF(AND(ISNUMBER(K27),L27>0),K27/L27,"") | N27: 0.601 | O27: 0 | P27: 0 | Q27: 1 | R27: 0 | S27: 0 | T27: 0 | U27: 2 | V27: 2 | Y27: 4516.6 | Z27: 1139.7 | AA27: 4575.6 | AB27: 1148.6 | AC27: shear_wall | AD27: =IF(AC27="","",IF(OR(AC27=F27,AND(AC27="crane_footing",F27="isolated_footing")),"yes","no"))
A28: 27 | B28: 120 | C28: nearest labels in its region | D28: solid | E28: 33 | F28: retaining_wall | G28: label vote | H28: VP20 | I28: inferred: the only retaining_wall type with this size | K28: 2869 | L28: 20 | M28: =IF(AND(ISNUMBER(K28),L28>0),K28/L28,"") | N28: 5.7 | O28: 90 | P28: 1 | Q28: 0 | R28: 1 | S28: 0 | T28: 0 | U28: 48 | V28: 5 | Y28: 4159.1 | Z28: 483.6 | AA28: 4165.5 | AB28: 1330.7 | AD28: =IF(AC28="","",IF(OR(AC28=F28,AND(AC28="crane_footing",F28="isolated_footing")),"yes","no"))
A29: 28 | B29: 120 | C29: nearest labels in its region | D29: solid | E29: 33 | F29: retaining_wall | G29: label vote | H29: VP20 | I29: inferred: the only retaining_wall type with this size | K29: 2055 | L29: 20 | M29: =IF(AND(ISNUMBER(K29),L29>0),K29/L29,"") | N29: 4.06 | O29: 172.6 | P29: 1 | Q29: 0 | R29: 1 | S29: 0 | T29: 0 | U29: 2 | V29: 1 | Y29: 4159.6 | Z29: 404.5 | AA29: 4761.8 | AB29: 486.5 | AD29: =IF(AC29="","",IF(OR(AC29=F29,AND(AC29="crane_footing",F29="isolated_footing")),"yes","no"))
A30: 29 | B30: 120 | C30: nearest labels in its region | D30: solid | E30: 28 | F30: retaining_wall | G30: label vote | H30: VP20 | I30: inferred: the only retaining_wall type with this size | K30: 1129 | L30: 20 | M30: =IF(AND(ISNUMBER(K30),L30>0),K30/L30,"") | N30: 2.246 | O30: 90 | P30: 3 | Q30: 0 | R30: 0 | S30: 0 | T30: 2 | U30: 26 | V30: 3 | Y30: 4765.2 | Z30: 415.9 | AA30: 4771.1 | AB30: 749.2 | AD30: =IF(AC30="","",IF(OR(AC30=F30,AND(AC30="crane_footing",F30="isolated_footing")),"yes","no"))
A31: 30 | B31: 120 | C31: nearest labels in its region | D31: solid | E31: 28 | F31: retaining_wall | G31: label vote | H31: VP20 | I31: inferred: the only retaining_wall type with this size | K31: 1849 | L31: 20 | M31: =IF(AND(ISNUMBER(K31),L31>0),K31/L31,"") | N31: 3.705 | O31: 90 | P31: 3 | Q31: 0 | R31: 0 | S31: 0 | T31: 1 | U31: 37 | V31: 5 | Y31: 4765.5 | Z31: 976.5 | AA31: 4771.5 | AB31: 1522.5 | AD31: =IF(AC31="","",IF(OR(AC31=F31,AND(AC31="crane_footing",F31="isolated_footing")),"yes","no"))
A32: 31 | B32: 120 | C32: own label | D32: outline | E32: 17 | F32: isolated_footing | G32: label vote | H32: S1 | I32: printed label | J32: S1-120120 | K32: 280 | L32: 280 | M32: =IF(AND(ISNUMBER(K32),L32>0),K32/L32,"") | N32: 7.843 | O32: 90 | P32: 3 | Q32: 0 | R32: 0 | S32: 0 | T32: 1 | U32: 34 | V32: 0 | Y32: 4726 | Z32: 404.9 | AA32: 4808.7 | AB32: 487.6 | AC32: isolated_footing | AD32: =IF(AC32="","",IF(OR(AC32=F32,AND(AC32="crane_footing",F32="isolated_footing")),"yes","no"))
A33: 32 | B33: 120 | C33: own label | D33: outline | E33: 17 | F33: isolated_footing | G33: label vote | H33: S2 | I33: printed label | J33: S2-120120 | K33: 350 | L33: 200 | M33: =IF(AND(ISNUMBER(K33),L33>0),K33/L33,"") | N33: 7.001 | O33: 0 | P33: 1 | Q33: 0 | R33: 0 | S33: 0 | T33: 1 | U33: 40 | V33: 2 | Y33: 4248.2 | Z33: 610.5 | AA33: 4351.6 | AB33: 669.6 | AC33: isolated_footing | AD33: =IF(AC33="","",IF(OR(AC33=F33,AND(AC33="crane_footing",F33="isolated_footing")),"yes","no"))
A34: 33 | B34: 120 | C34: own label | D34: outline | E34: 17 | F34: isolated_footing | G34: label vote | H34: S2 | I34: printed label | J34: S2-120120 | K34: 350 | L34: 200 | M34: =IF(AND(ISNUMBER(K34),L34>0),K34/L34,"") | N34: 7.001 | O34: 0 | P34: 1 | Q34: 0 | R34: 0 | S34: 0 | T34: 1 | U34: 36 | V34: 3 | Y34: 4248.1 | Z34: 835.2 | AA34: 4351.5 | AB34: 894.4 | AC34: isolated_footing | AD34: =IF(AC34="","",IF(OR(AC34=F34,AND(AC34="crane_footing",F34="isolated_footing")),"yes","no"))
A35: 34 | B35: 120 | C35: own label | D35: outline | E35: 17 | F35: isolated_footing | G35: label vote | H35: S2 | I35: printed label | J35: S2-120120 | K35: 350 | L35: 200 | M35: =IF(AND(ISNUMBER(K35),L35>0),K35/L35,"") | N35: 7.001 | O35: 0 | P35: 1 | Q35: 0 | R35: 0 | S35: 0 | T35: 1 | U35: 55 | V35: 2 | Y35: 4247.9 | Z35: 1067.9 | AA35: 4351.3 | AB35: 1127 | AC35: isolated_footing | AD35: =IF(AC35="","",IF(OR(AC35=F35,AND(AC35="crane_footing",F35="isolated_footing")),"yes","no"))
A36: 35 | B36: 120 | C36: own label | D36: outline | E36: 17 | F36: isolated_footing | G36: label vote | H36: S3 | I36: printed label | J36: S3-120120 | K36: 320 | L36: 320 | M36: =IF(AND(ISNUMBER(K36),L36>0),K36/L36,"") | N36: 10.244 | O36: 0 | P36: 2 | Q36: 0 | R36: 0 | S36: 0 | T36: 1 | U36: 11 | V36: 1 | Y36: 4720.2 | Z36: 551.1 | AA36: 4814.7 | AB36: 645.7 | AC36: isolated_footing | AD36: =IF(AC36="","",IF(OR(AC36=F36,AND(AC36="crane_footing",F36="isolated_footing")),"yes","no"))
A37: 36 | B37: 120 | C37: own label | D37: outline | E37: 16 | F37: isolated_footing | G37: label vote | H37: S5 | I37: printed label | J37: S5-120120 | K37: 450 | L37: 400 | M37: =IF(AND(ISNUMBER(K37),L37>0),K37/L37,"") | N37: 18.004 | O37: 0.1 | P37: 1 | Q37: 0 | R37: 0 | S37: 0 | T37: 1 | U37: 54 | V37: 3 | Y37: 4479.6 | Z37: 1085 | AA37: 4612.6 | AB37: 1203.4 | AC37: isolated_footing | AD37: =IF(AC37="","",IF(OR(AC37=F37,AND(AC37="crane_footing",F37="isolated_footing")),"yes","no"))
A38: 37 | B38: 120 | C38: own label (region says 121) | D38: outline | E38: 16 | F38: isolated_footing | G38: label vote | H38: S6 | I38: printed label | J38: S6-120120 | K38: 500 | L38: 450 | M38: =IF(AND(ISNUMBER(K38),L38>0),K38/L38,"") | N38: 22.506 | O38: 0.2 | P38: 1 | Q38: 0 | R38: 0 | S38: 0 | T38: 1 | U38: 32 | V38: 1 | Y38: 4481.1 | Z38: 1877.9 | AA38: 4629.1 | AB38: 2011.2 | AC38: isolated_footing | AD38: =IF(AC38="","",IF(OR(AC38=F38,AND(AC38="crane_footing",F38="isolated_footing")),"yes","no"))
A39: 38 | B39: 120 | C39: own label | D39: outline | E39: 16 | F39: isolated_footing | G39: label vote | H39: S6 | I39: printed label | J39: S6-120120 | K39: 500 | L39: 450 | M39: =IF(AND(ISNUMBER(K39),L39>0),K39/L39,"") | N39: 22.481 | O39: 90 | P39: 2 | Q39: 0 | R39: 0 | S39: 0 | T39: 1 | U39: 66 | V39: 1 | Y39: 4701.1 | Z39: 1016.7 | AA39: 4834.1 | AB39: 1164.3 | AC39: isolated_footing | AD39: =IF(AC39="","",IF(OR(AC39=F39,AND(AC39="crane_footing",F39="isolated_footing")),"yes","no"))
A40: 39 | B40: 120 | C40: own label | D40: outline | E40: 16 | F40: isolated_footing | G40: label vote | H40: S7 | I40: printed label | J40: S7-120120 | K40: 450 | L40: 350 | M40: =IF(AND(ISNUMBER(K40),L40>0),K40/L40,"") | N40: 15.756 | O40: 0.1 | P40: 1 | Q40: 0 | R40: 0 | S40: 0 | T40: 1 | U40: 31 | V40: 3 | Y40: 4482.4 | Z40: 633.2 | AA40: 4615.4 | AB40: 736.9 | AC40: isolated_footing | AD40: =IF(AC40="","",IF(OR(AC40=F40,AND(AC40="crane_footing",F40="isolated_footing")),"yes","no"))
A41: 40 | B41: 120 | C41: own label | D41: outline | E41: 16 | F41: isolated_footing | G41: label vote | H41: S7 | I41: printed label | J41: S7-120120 | K41: 450 | L41: 350 | M41: =IF(AND(ISNUMBER(K41),L41>0),K41/L41,"") | N41: 15.756 | O41: 0.1 | P41: 1 | Q41: 0 | R41: 0 | S41: 0 | T41: 1 | U41: 23 | V41: 3 | Y41: 4482.4 | Z41: 924 | AA41: 4615.6 | AB41: 1027.7 | AC41: isolated_footing | AD41: =IF(AC41="","",IF(OR(AC41=F41,AND(AC41="crane_footing",F41="isolated_footing")),"yes","no"))
A42: 41 | B42: 120 | C42: nearest labels | D42: outline | E42: 15 | F42: combined_footing | G42: label vote | H42: SC3 | I42: printed label | J42: SC3- | K42: 500 | L42: 450 | M42: =IF(AND(ISNUMBER(K42),L42>0),K42/L42,"") | N42: 22.501 | O42: 179.9 | P42: 2 | Q42: 0 | R42: 0 | S42: 0 | T42: 2 | U42: 45 | V42: 5 | Y42: 4463.4 | Z42: 1264 | AA42: 4611.3 | AB42: 1397.2 | AC42: combined_footing | AD42: =IF(AC42="","",IF(OR(AC42=F42,AND(AC42="crane_footing",F42="isolated_footing")),"yes","no"))
A43: 42 | B43: 120 | C43: nearest labels in its region | D43: band | E43: 6 | F43: strip_footing | G43: label vote | H43: (none) | K43: 215 | L43: 80 | M43: =IF(AND(ISNUMBER(K43),L43>0),K43/L43,"") | N43: 1.72 | O43: 90.1 | P43: 1 | Q43: 0 | R43: 0 | S43: 0 | T43: 0 | U43: 16 | V43: 2 | W43: 2.15 | Y43: 4756.4 | Z43: 487.6 | AA43: 4780.1 | AB43: 551.1 | AD43: =IF(AC43="","",IF(OR(AC43=F43,AND(AC43="crane_footing",F43="isolated_footing")),"yes","no"))
A44: 43 | B44: 120 | C44: nearest labels in its region | D44: band | E44: 6 | F44: strip_footing | G44: label vote | H44: (none) | K44: 126 | L44: 80 | M44: =IF(AND(ISNUMBER(K44),L44>0),K44/L44,"") | N44: 1.009 | O44: 172.7 | P44: 1 | Q44: 0 | R44: 0 | S44: 0 | T44: 0 | U44: 2 | V44: 0 | W44: 1.26 | Y44: 4686.1 | Z44: 399.6 | AA44: 4726 | AB44: 427.7 | AD44: =IF(AC44="","",IF(OR(AC44=F44,AND(AC44="crane_footing",F44="isolated_footing")),"yes","no"))
A45: 44 | B45: 120 | C45: nearest labels in its region | D45: band | E45: 6 | F45: strip_footing | G45: label vote | H45: (none) | K45: 99 | L45: 80 | M45: =IF(AND(ISNUMBER(K45),L45>0),K45/L45,"") | N45: 0.793 | O45: 179.9 | P45: 0 | Q45: 0 | R45: 0 | S45: 0 | T45: 0 | U45: 2 | V45: 0 | W45: 0.99 | Y45: 4780.2 | Z45: 964.7 | AA45: 4809.5 | AB45: 988.4 | AD45: =IF(AC45="","",IF(OR(AC45=F45,AND(AC45="crane_footing",F45="isolated_footing")),"yes","no"))
A46: 45 | B46: 120 | C46: nearest labels in its region | D46: band | E46: 6 | F46: strip_footing | G46: label vote | H46: (none) | K46: 96 | L46: 80 | M46: =IF(AND(ISNUMBER(K46),L46>0),K46/L46,"") | N46: 0.769 | O46: 90 | P46: 1 | Q46: 0 | R46: 0 | S46: 0 | T46: 0 | U46: 1 | V46: 0 | W46: 0.96 | Y46: 4756.6 | Z46: 988.4 | AA46: 4780.2 | AB46: 1016.7 | AD46: =IF(AC46="","",IF(OR(AC46=F46,AND(AC46="crane_footing",F46="isolated_footing")),"yes","no"))
A47: 46 | B47: 120 | C47: nearest labels in its region | D47: band | E47: 6 | F47: strip_footing | G47: label vote | H47: SF1 | I47: printed label | J47: SF1-80x25 | K47: 2764 | L47: 80 | M47: =IF(AND(ISNUMBER(K47),L47>0),K47/L47,"") | N47: 22.109 | O47: 90 | P47: 1 | Q47: 0 | R47: 0 | S47: 0 | T47: 1 | U47: 45 | V47: 3 | W47: 27.64 | Y47: 4150.2 | Z47: 494.3 | AA47: 4174.4 | AB47: 1310.4 | AD47: =IF(AC47="","",IF(OR(AC47=F47,AND(AC47="crane_footing",F47="isolated_footing")),"yes","no"))
A48: 47 | B48: 120 | C48: nearest labels in its region | D48: band | E48: 6 | F48: strip_footing | G48: label vote | H48: SF1 | I48: printed label | J48: SF1 80x25 | K48: 1476 | L48: 80 | M48: =IF(AND(ISNUMBER(K48),L48>0),K48/L48,"") | N48: 11.805 | O48: 172.6 | P48: 1 | Q48: 0 | R48: 0 | S48: 0 | T48: 1 | U48: 5 | V48: 1 | W48: 14.76 | Y48: 4171.3 | Z48: 414.9 | AA48: 4606.4 | AB48: 494.4 | AD48: =IF(AC48="","",IF(OR(AC48=F48,AND(AC48="crane_footing",F48="isolated_footing")),"yes","no"))
A49: 48 | B49: 120 | C49: nearest labels in its region | D49: band | E49: 6 | F49: strip_footing | G49: label vote | H49: SF1 | I49: printed label | J49: SF1 80x25 | K49: 388 | L49: 80 | M49: =IF(AND(ISNUMBER(K49),L49>0),K49/L49,"") | N49: 3.105 | O49: 90 | P49: 1 | Q49: 0 | R49: 0 | S49: 0 | T49: 0 | U49: 2 | V49: 0 | W49: 3.88 | Y49: 4756.7 | Z49: 1164.2 | AA49: 4780.3 | AB49: 1278.9 | AD49: =IF(AC49="","",IF(OR(AC49=F49,AND(AC49="crane_footing",F49="isolated_footing")),"yes","no"))
A50: 49 | B50: 120 | C50: nearest labels in its region | D50: band | E50: 6 | F50: strip_footing | G50: label vote | H50: SF1 | I50: printed label | J50: SF1 80x25 | K50: 296 | L50: 80 | M50: =IF(AND(ISNUMBER(K50),L50>0),K50/L50,"") | N50: 2.366 | O50: 90 | P50: 1 | Q50: 0 | R50: 0 | S50: 0 | T50: 0 | U50: 17 | V50: 1 | W50: 2.96 | Y50: 4756.3 | Z50: 645.6 | AA50: 4780 | AB50: 732.9 | AD50: =IF(AC50="","",IF(OR(AC50=F50,AND(AC50="crane_footing",F50="isolated_footing")),"yes","no"))
A51: 50 | B51: 120 | C51: nearest labels in its region | D51: band | E51: 6 | F51: strip_footing | G51: label vote | H51: SF1 | I51: printed label | J51: SF1 80x25 | K51: 225 | L51: 80 | M51: =IF(AND(ISNUMBER(K51),L51>0),K51/L51,"") | N51: 1.798 | O51: 90 | P51: 2 | Q51: 0 | R51: 0 | S51: 0 | T51: 1 | U51: 3 | V51: 2 | W51: 2.25 | Y51: 4809.5 | Z51: 898.4 | AA51: 4833.2 | AB51: 964.7 | AD51: =IF(AC51="","",IF(OR(AC51=F51,AND(AC51="crane_footing",F51="isolated_footing")),"yes","no"))
A52: 51 | B52: 120 | C52: nearest labels in its region | D52: band | E52: 4 | F52: grade_beam | G52: label vote | H52: LG40x15 | I52: printed label | J52: LG-40x15 | K52: 2875 | L52: 41 | M52: =IF(AND(ISNUMBER(K52),L52>0),K52/L52,"") | N52: 11.787 | O52: 90 | P52: 4 | Q52: 0 | R52: 0 | S52: 0 | T52: 0 | U52: 127 | V52: 9 | W52: 21.55 | Y52: 4293.4 | Z52: 469.9 | AA52: 4306.1 | AB52: 1318.7 | AD52: =IF(AC52="","",IF(OR(AC52=F52,AND(AC52="crane_footing",F52="isolated_footing")),"yes","no"))
A53: 52 | B53: 120 | C53: nearest labels in its region | D53: band | E53: 4 | F53: grade_beam | G53: label vote | H53: LG40x15 | I53: printed label | J53: LG-40x15 | K53: 2689 | L53: 41 | M53: =IF(AND(ISNUMBER(K53),L53>0),K53/L53,"") | N53: 11.024 | O53: 89.9 | P53: 5 | Q53: 0 | R53: 0 | S53: 0 | T53: 0 | U53: 9 | V53: 12 | W53: 14.04 | Y53: 4540.2 | Z53: 524.8 | AA53: 4553.7 | AB53: 1318.7 | AD53: =IF(AC53="","",IF(OR(AC53=F53,AND(AC53="crane_footing",F53="isolated_footing")),"yes","no"))
A54: 53 | B54: 120 | C54: nearest labels in its region | D54: band | E54: 4 | F54: grade_beam | G54: label vote | H54: LG40x15 | I54: printed label | J54: LG-40x15 | K54: 2034 | L54: 41 | M54: =IF(AND(ISNUMBER(K54),L54>0),K54/L54,"") | N54: 8.34 | O54: 0 | P54: 5 | Q54: 0 | R54: 0 | S54: 0 | T54: 2 | U54: 48 | V54: 3 | W54: 12.91 | Y54: 4164.9 | Z54: 1318.6 | AA54: 4765.6 | AB54: 1330.7 | AD54: =IF(AC54="","",IF(OR(AC54=F54,AND(AC54="crane_footing",F54="isolated_footing")),"yes","no"))
A55: 54 | B55: 120 | C55: nearest labels in its region | D55: band | E55: 4 | F55: grade_beam | G55: label vote | H55: LG40x15 | I55: printed label | J55: LG-40x15 | K55: 1558 | L55: 41 | M55: =IF(AND(ISNUMBER(K55),L55>0),K55/L55,"") | N55: 6.386 | O55: 0 | P55: 2 | Q55: 0 | R55: 0 | S55: 0 | T55: 1 | U55: 25 | V55: 4 | W55: 10.98 | Y55: 4305.6 | Z55: 971.8 | AA55: 4765.5 | AB55: 984.2 | AD55: =IF(AC55="","",IF(OR(AC55=F55,AND(AC55="crane_footing",F55="isolated_footing")),"yes","no"))
A56: 55 | B56: 120 | C56: nearest labels in its region | D56: band | E56: 4 | F56: grade_beam | G56: label vote | H56: LG40x15 | I56: printed label | J56: LG-40x15 | K56: 1556 | L56: 41 | M56: =IF(AND(ISNUMBER(K56),L56>0),K56/L56,"") | N56: 6.379 | O56: 179.9 | P56: 2 | Q56: 0 | R56: 0 | S56: 1 | T56: 1 | U56: 25 | V56: 6 | W56: 15.46 | Y56: 4305.9 | Z56: 514.7 | AA56: 4765.3 | AB56: 527.6 | AD56: =IF(AC56="","",IF(OR(AC56=F56,AND(AC56="crane_footing",F56="isolated_footing")),"yes","no"))
A57: 56 | B57: 120 | C57: nearest labels in its region | D57: band | E57: 4 | F57: grade_beam | G57: label vote | H57: LG40x15 | I57: printed label | J57: LG-40x15 | K57: 1274 | L57: 41 | M57: =IF(AND(ISNUMBER(K57),L57>0),K57/L57,"") | N57: 5.225 | O57: 0 | P57: 2 | Q57: 0 | R57: 0 | S57: 0 | T57: 1 | U57: 28 | V57: 2 | W57: 7.16 | Y57: 4165.1 | Z57: 1091.8 | AA57: 4541.4 | AB57: 1104.1 | AD57: =IF(AC57="","",IF(OR(AC57=F57,AND(AC57="crane_footing",F57="isolated_footing")),"yes","no"))
A58: 57 | B58: 120 | C58: nearest labels in its region | D58: band | E58: 4 | F58: grade_beam | G58: label vote | H58: LG40x15 | I58: printed label | J58: LG-40x15 | K58: 1270 | L58: 41 | M58: =IF(AND(ISNUMBER(K58),L58>0),K58/L58,"") | N58: 5.209 | O58: 179.5 | P58: 2 | Q58: 0 | R58: 0 | S58: 0 | T58: 1 | U58: 31 | V58: 2 | W58: 7.24 | Y58: 4165.4 | Z58: 631.5 | AA58: 4540.6 | AB58: 646.7 | AD58: =IF(AC58="","",IF(OR(AC58=F58,AND(AC58="crane_footing",F58="isolated_footing")),"yes","no"))
... A62: 61 | B62: 120 | C62: nearest labels in its region | D62: band | E62: 4 | F62: grade_beam | G62: label vote | H62: LG40x15 | I62: printed label | J62: LG-40x15 | K62: 451 | L62: 41 | M62: =IF(AND(ISNUMBER(K62),L62>0),K62/L62,"") | N62: 1.849 | O62: 0 | P62: 2 | Q62: 0 | R62: 0 | S62: 0 | T62: 0 | U62: 6 | V62: 1 | W62: 2.96 | Y62: 4160.7 | Z62: 862.3 | AA62: 4293.9 | AB62: 874.4 | AD62: =IF(AC62="","",IF(OR(AC62=F62,AND(AC62="crane_footing",F62="isolated_footing")),"yes","no"))
A63: 62 | B63: 120 | C63: nearest labels in its region | D63: stamped_region | E63: 39 | F63: raft | G63: label vote | H63: Radier 110 | I63: printed label | J63: Radier | K63: 692 | L63: 525 | M63: =IF(AND(ISNUMBER(K63),L63>0),K63/L63,"") | N63: 29.116 | O63: 0 | P63: 3 | Q63: 0 | R63: 0 | S63: 0 | T63: 2 | U63: 69 | V63: 5 | X63: traced outline | Y63: 4484.3 | Z63: 413.4 | AA63: 4688.7 | AB63: 568.4 | AD63: =IF(AC63="","",IF(OR(AC63=F63,AND(AC63="crane_footing",F63="isolated_footing")),"yes","no"))
A64: 63 | B64: 120 | C64: nearest labels in its region | D64: stamped_region | E64: 39 | F64: raft | G64: label vote | H64: Radier 90 | I64: printed label | J64: Radier | K64: 1902 | L64: 560 | M64: =IF(AND(ISNUMBER(K64),L64>0),K64/L64,"") | N64: 98.07 | O64: 0 | P64: 14 | Q64: 0 | R64: 0 | S64: 0 | T64: 13 | U64: 229 | V64: 15 | X64: traced outline | Y64: 4486.5 | Z64: 733 | AA64: 5048.2 | AB64: 898.3 | AD64: =IF(AC64="","",IF(OR(AC64=F64,AND(AC64="crane_footing",F64="isolated_footing")),"yes","no"))
A65: 64 | B65: 120 | C65: nearest labels in its region | D65: solid | E65: 34 | F65: unnamed | G65: no label votes | H65: (none) | K65: 110 | L65: 20 | M65: =IF(AND(ISNUMBER(K65),L65>0),K65/L65,"") | N65: 0.209 | O65: 90 | P65: 1 | Q65: 0 | R65: 0 | S65: 1 | T65: 0 | U65: 2 | V65: 3 | Y65: 4818.4 | Z65: 868.7 | AA65: 4824.2 | AB65: 901.3 | AD65: =IF(AC65="","",IF(OR(AC65=F65,AND(AC65="crane_footing",F65="isolated_footing")),"yes","no"))
A66: 65 | B66: 120 | C66: nearest labels in its region | D66: solid | E66: 34 | F66: unnamed | G66: no label votes | H66: (none) | K66: 245 | L66: 20 | M66: =IF(AND(ISNUMBER(K66),L66>0),K66/L66,"") | N66: 0.489 | O66: 90 | P66: 1 | Q66: 0 | R66: 1 | S66: 0 | T66: 0 | U66: 2 | V66: 0 | Y66: 4818.3 | Z66: 901.3 | AA66: 4824.3 | AB66: 973.5 | AD66: =IF(AC66="","",IF(OR(AC66=F66,AND(AC66="crane_footing",F66="isolated_footing")),"yes","no"))
A67: 66 | B67: 120 | C67: nearest labels in its region | D67: cross_hatch | E67: 14 | F67: unnamed | G67: no label votes | H67: (none) | K67: 272 | L67: 20 | M67: =IF(AND(ISNUMBER(K67),L67>0),K67/L67,"") | N67: 0.54 | O67: 0 | P67: 0 | Q67: 0 | R67: 0 | S67: 1 | T67: 0 | U67: 2 | V67: 2 | Y67: 4645.5 | Z67: 790.3 | AA67: 4702.8 | AB67: 799.7 | AD67: =IF(AC67="","",IF(OR(AC67=F67,AND(AC67="crane_footing",F67="isolated_footing")),"yes","no"))
A68: 67 | B68: 120 | C68: nearest labels in its region | D68: cross_hatch | E68: 14 | F68: unnamed | G68: no label votes | H68: (none) | K68: 114 | L68: 20 | M68: =IF(AND(ISNUMBER(K68),L68>0),K68/L68,"") | N68: 0.229 | O68: 90 | P68: 1 | Q68: 0 | R68: 0 | S68: 1 | T68: 0 | U68: 0 | V68: 1 | Y68: 4596.9 | Z68: 799.5 | AA68: 4602.9 | AB68: 850.7 | AD68: =IF(AC68="","",IF(OR(AC68=F68,AND(AC68="crane_footing",F68="isolated_footing")),"yes","no"))
A69: 68 | B69: 120 | C69: nearest labels in its region | D69: cross_hatch | E69: 14 | F69: unnamed | G69: no label votes | H69: (none) | K69: 241 | L69: 20 | M69: =IF(AND(ISNUMBER(K69),L69>0),K69/L69,"") | N69: 0.48 | O69: 0 | P69: 0 | Q69: 0 | R69: 0 | S69: 1 | T69: 0 | U69: 2 | V69: 2 | Y69: 4648 | Z69: 861.1 | AA69: 4698.9 | AB69: 870.6 | AD69: =IF(AC69="","",IF(OR(AC69=F69,AND(AC69="crane_footing",F69="isolated_footing")),"yes","no"))
A70: 69 | B70: 120 | C70: nearest labels in its region | D70: cross_hatch | E70: 14 | F70: unnamed | G70: no label votes | H70: (none) | K70: 408 | L70: 20 | M70: =IF(AND(ISNUMBER(K70),L70>0),K70/L70,"") | N70: 0.821 | O70: 180 | P70: 3 | Q70: 0 | R70: 0 | S70: 1 | T70: 1 | U70: 8 | V70: 3 | Y70: 4745.3 | Z70: 862.9 | AA70: 4870.3 | AB70: 901.3 | AD70: =IF(AC70="","",IF(OR(AC70=F70,AND(AC70="crane_footing",F70="isolated_footing")),"yes","no"))
A71: 70 | B71: 120 | C71: nearest labels in its region | D71: single_hatch | E71: 27 | F71: unnamed | G71: no label votes | H71: (none) | K71: 79 | L71: 20 | M71: =IF(AND(ISNUMBER(K71),L71>0),K71/L71,"") | N71: 0.092 | O71: 0 | P71: 1 | Q71: 0 | R71: 0 | S71: 0 | T71: 0 | U71: 1 | V71: 0 | Y71: 4768.8 | Z71: 973.6 | AA71: 4792 | AB71: 979.5 | AD71: =IF(AC71="","",IF(OR(AC71=F71,AND(AC71="crane_footing",F71="isolated_footing")),"yes","no"))
A72: 71 | B72: 120 | C72: nearest labels in its region | D72: cross_hatch | E72: 14 | F72: unnamed | G72: no label votes | H72: (none) | K72: 163 | L72: 20 | M72: =IF(AND(ISNUMBER(K72),L72>0),K72/L72,"") | N72: 0.324 | O72: 0 | P72: 0 | Q72: 0 | R72: 0 | S72: 1 | T72: 0 | U72: 0 | V72: 1 | Y72: 4800 | Z72: 802.4 | AA72: 4869.3 | AB72: 808.2 | AD72: =IF(AC72="","",IF(OR(AC72=F72,AND(AC72="crane_footing",F72="isolated_footing")),"yes","no"))
A73: 72 | B73: 120 | C73: nearest labels in its region | D73: outline | E73: 21 | F73: unnamed | G73: no label votes | H73: (none) | K73: 210 | L73: 20 | M73: =IF(AND(ISNUMBER(K73),L73>0),K73/L73,"") | N73: 0.42 | O73: 90.1 | P73: 2 | Q73: 0 | R73: 0 | S73: 1 | T73: 0 | U73: 3 | V73: 3 | Y73: 4722.4 | Z73: 799.4 | AA73: 4728.4 | AB73: 861.4 | AD73: =IF(AC73="","",IF(OR(AC73=F73,AND(AC73="crane_footing",F73="isolated_footing")),"yes","no"))
A74: 73 | B74: 120 | C74: nearest labels in its region | D74: outline | E74: 24 | F74: unnamed | G74: no label votes | H74: (none) | K74: 60 | L74: 60 | M74: =IF(AND(ISNUMBER(K74),L74>0),K74/L74,"") | N74: 0.359 | O74: 90 | P74: 0 | Q74: 0 | R74: 0 | S74: 0 | T74: 0 | U74: 53 | V74: 3 | Y74: 4291.2 | Z74: 508.2 | AA74: 4308.9 | AB74: 525.9 | AC74: mass_concrete_pad | AD74: =IF(AC74="","",IF(OR(AC74=F74,AND(AC74="crane_footing",F74="isolated_footing")),"yes","no"))
A75: 74 | B75: 120 | C75: nearest labels in its region | D75: outline | E75: 24 | F75: unnamed | G75: no label votes | H75: (none) | K75: 60 | L75: 60 | M75: =IF(AND(ISNUMBER(K75),L75>0),K75/L75,"") | N75: 0.359 | O75: 90 | P75: 0 | Q75: 0 | R75: 0 | S75: 0 | T75: 0 | U75: 54 | V75: 3 | Y75: 4290.9 | Z75: 966.5 | AA75: 4308.6 | AB75: 984.2 | AC75: mass_concrete_pad | AD75: =IF(AC75="","",IF(OR(AC75=F75,AND(AC75="crane_footing",F75="isolated_footing")),"yes","no"))
A76: 75 | B76: 120 | C76: nearest labels in its region | D76: outline | E76: 22 | F76: unnamed | G76: no label votes | H76: (none) | K76: 120 | L76: 20 | M76: =IF(AND(ISNUMBER(K76),L76>0),K76/L76,"") | N76: 0.239 | O76: 0.1 | P76: 2 | Q76: 0 | R76: 0 | S76: 1 | T76: 0 | U76: 5 | V76: 2 | Y76: 4728.3 | Z76: 792 | AA76: 4763.7 | AB76: 798 | AD76: =IF(AC76="","",IF(OR(AC76=F76,AND(AC76="crane_footing",F76="isolated_footing")),"yes","no"))
A77: 76 | B77: 120 | C77: nearest labels in its region | D77: outline | E77: 22 | F77: unnamed | G77: no label votes | H77: (none) | K77: 112 | L77: 20 | M77: =IF(AND(ISNUMBER(K77),L77>0),K77/L77,"") | N77: 0.225 | O77: 90 | P77: 2 | Q77: 0 | R77: 0 | S77: 1 | T77: 0 | U77: 3 | V77: 2 | Y77: 4870.8 | Z77: 828.2 | AA77: 4876.7 | AB77: 861.4 | AD77: =IF(AC77="","",IF(OR(AC77=F77,AND(AC77="crane_footing",F77="isolated_footing")),"yes","no"))
A78: 77 | B78: 120 | C78: nearest labels | D78: band | E78: 0 | F78: unnamed | G78: no label votes | H78: (none) | K78: 2121 | L78: 11 | M78: =IF(AND(ISNUMBER(K78),L78>0),K78/L78,"") | N78: 2.333 | O78: 180 | P78: 9 | Q78: 0 | R78: 0 | S78: 0 | T78: 0 | U78: 9 | V78: 4 | W78: 13.58 | Y78: 4145.2 | Z78: 1330.4 | AA78: 4771.5 | AB78: 1333.8 | AD78: =IF(AC78="","",IF(OR(AC78=F78,AND(AC78="crane_footing",F78="isolated_footing")),"yes","no"))
A79: 78 | B79: 120 | C79: nearest labels in its region | D79: band | E79: 0 | F79: unnamed | G79: no label votes | H79: (none) | K79: 60 | L79: 11 | M79: =IF(AND(ISNUMBER(K79),L79>0),K79/L79,"") | N79: 0.066 | O79: 90 | P79: 0 | Q79: 1 | R79: 0 | S79: 0 | T79: 0 | U79: 9 | V79: 2 | W79: 0 | Y79: 4305.4 | Z79: 966.5 | AA79: 4308.7 | AB79: 984.2 | AD79: =IF(AC79="","",IF(OR(AC79=F79,AND(AC79="crane_footing",F79="isolated_footing")),"yes","no"))
A80: 79 | B80: 120 | C80: nearest labels in its region | D80: band | E80: 0 | F80: unnamed | G80: no label votes | H80: (none) | K80: 60 | L80: 11 | M80: =IF(AND(ISNUMBER(K80),L80>0),K80/L80,"") | N80: 0.066 | O80: 90 | P80: 0 | Q80: 1 | R80: 0 | S80: 0 | T80: 0 | U80: 9 | V80: 2 | W80: 0 | Y80: 4305.8 | Z80: 508.2 | AA80: 4309 | AB80: 525.9 | AD80: =IF(AC80="","",IF(OR(AC80=F80,AND(AC80="crane_footing",F80="isolated_footing")),"yes","no"))
A81: 80 | B81: 120 | C81: nearest labels in its region | D81: band | E81: 1 | F81: unnamed | G81: no label votes | H81: (none) | K81: 482 | L81: 20 | M81: =IF(AND(ISNUMBER(K81),L81>0),K81/L81,"") | N81: 0.965 | O81: 180 | P81: 3 | Q81: 0 | R81: 0 | S81: 1 | T81: 0 | U81: 8 | V81: 3 | W81: 4.82 | Y81: 4728.4 | Z81: 862.8 | AA81: 4870.8 | AB81: 868.8 | AD81: =IF(AC81="","",IF(OR(AC81=F81,AND(AC81="crane_footing",F81="isolated_footing")),"yes","no"))
A82: 81 | B82: 120 | C82: nearest labels in its region | D82: band | E82: 1 | F82: unnamed | G82: no label votes | H82: (none) | K82: 337 | L82: 20 | M82: =IF(AND(ISNUMBER(K82),L82>0),K82/L82,"") | N82: 0.675 | O82: 0 | P82: 2 | Q82: 0 | R82: 0 | S82: 1 | T82: 0 | U82: 3 | V82: 0 | W82: 3.37 | Y82: 4771.2 | Z82: 802.3 | AA82: 4870.8 | AB82: 808.2 | AD82: =IF(AC82="","",IF(OR(AC82=F82,AND(AC82="crane_footing",F82="isolated_footing")),"yes","no"))
A83: 82 | B83: 120 | C83: nearest labels in its region | D83: band | E83: 1 | F83: unnamed | G83: no label votes | H83: (none) | K83: 285 | L83: 20 | M83: =IF(AND(ISNUMBER(K83),L83>0),K83/L83,"") | N83: 0.57 | O83: 0 | P83: 2 | Q83: 0 | R83: 0 | S83: 1 | T83: 0 | U83: 6 | V83: 1 | W83: 2.85 | Y83: 4620.6 | Z83: 862.9 | AA83: 4704.8 | AB83: 868.8 | AD83: =IF(AC83="","",IF(OR(AC83=F83,AND(AC83="crane_footing",F83="isolated_footing")),"yes","no"))
A84: 83 | B84: 120 | C84: nearest labels in its region | D84: band | E84: 1 | F84: unnamed | G84: no label votes | H84: (none) | K84: 285 | L84: 20 | M84: =IF(AND(ISNUMBER(K84),L84>0),K84/L84,"") | N84: 0.57 | O84: 0 | P84: 2 | Q84: 0 | R84: 0 | S84: 1 | T84: 0 | U84: 6 | V84: 1 | W84: 2.85 | Y84: 4620.6 | Z84: 792 | AA84: 4704.7 | AB84: 797.9 | AD84: =IF(AC84="","",IF(OR(AC84=F84,AND(AC84="crane_footing",F84="isolated_footing")),"yes","no"))
A85: 84 | B85: 120 | C85: nearest labels in its region | D85: band | E85: 1 | F85: unnamed | G85: no label votes | H85: (none) | K85: 210 | L85: 20 | M85: =IF(AND(ISNUMBER(K85),L85>0),K85/L85,"") | N85: 0.42 | O85: 90 | P85: 2 | Q85: 0 | R85: 0 | S85: 1 | T85: 0 | U85: 3 | V85: 0 | W85: 2.1 | Y85: 4597 | Z85: 799.4 | AA85: 4602.9 | AB85: 861.4 | AD85: =IF(AC85="","",IF(OR(AC85=F85,AND(AC85="crane_footing",F85="isolated_footing")),"yes","no"))
A86: 85 | B86: 120 | C86: nearest labels in its region | D86: band | E86: 1 | F86: unnamed | G86: no label votes | H86: (none) | K86: 210 | L86: 20 | M86: =IF(AND(ISNUMBER(K86),L86>0),K86/L86,"") | N86: 0.42 | O86: 90.1 | P86: 2 | Q86: 1 | R86: 0 | S86: 1 | T86: 0 | U86: 3 | V86: 2 | W86: 0 | Y86: 4722.4 | Z86: 799.4 | AA86: 4728.3 | AB86: 861.4 | AD86: =IF(AC86="","",IF(OR(AC86=F86,AND(AC86="crane_footing",F86="isolated_footing")),"yes","no"))
A87: 86 | B87: 120 | C87: nearest labels in its region | D87: band | E87: 1 | F87: unnamed | G87: no label votes | H87: (none) | K87: 120 | L87: 20 | M87: =IF(AND(ISNUMBER(K87),L87>0),K87/L87,"") | N87: 0.24 | O87: 0.1 | P87: 2 | Q87: 1 | R87: 0 | S87: 1 | T87: 0 | U87: 5 | V87: 1 | W87: 0 | Y87: 4728.3 | Z87: 792 | AA87: 4763.7 | AB87: 798 | AD87: =IF(AC87="","",IF(OR(AC87=F87,AND(AC87="crane_footing",F87="isolated_footing")),"yes","no"))
A88: 87 | B88: 120 | C88: nearest labels in its region | D88: band | E88: 3 | F88: unnamed | G88: no label votes | H88: (none) | K88: 127 | L88: 31 | M88: =IF(AND(ISNUMBER(K88),L88>0),K88/L88,"") | N88: 0.394 | O88: 0.1 | P88: 1 | Q88: 0 | R88: 0 | S88: 1 | T88: 0 | U88: 0 | V88: 0 | W88: 1.27 | Y88: 4878.2 | Z88: 816.9 | AA88: 4915.7 | AB88: 826.1 | AD88: =IF(AC88="","",IF(OR(AC88=F88,AND(AC88="crane_footing",F88="isolated_footing")),"yes","no"))
A89: 88 | B89: 120 | C89: nearest labels in its region | D89: band | E89: 3 | F89: unnamed | G89: no label votes | H89: (none) | K89: 123 | L89: 31 | M89: =IF(AND(ISNUMBER(K89),L89>0),K89/L89,"") | N89: 0.38 | O89: 0 | P89: 0 | Q89: 1 | R89: 0 | S89: 0 | T89: 0 | U89: 1 | V89: 2 | W89: 0 | Y89: 4540 | Z89: 984 | AA89: 4576.2 | AB89: 993.2 | AD89: =IF(AC89="","",IF(OR(AC89=F89,AND(AC89="crane_footing",F89="isolated_footing")),"yes","no"))
... A99: 98 | B99: 120 | C99: nearest labels in its region | D99: band | E99: 12 | F99: unnamed | G99: no label votes | H99: (none) | K99: 693 | L99: 140 | M99: =IF(AND(ISNUMBER(K99),L99>0),K99/L99,"") | N99: 9.702 | O99: 179.9 | P99: 0 | Q99: 0 | R99: 0 | S99: 1 | T99: 0 | U99: 18 | V99: 4 | W99: 6.93 | Y99: 4484.2 | Z99: 527 | AA99: 4688.9 | AB99: 568.7 | AD99: =IF(AC99="","",IF(OR(AC99=F99,AND(AC99="crane_footing",F99="isolated_footing")),"yes","no"))
A100: 99 | B100: 121 | C100: own label | D100: solid | E100: 31 | F100: column | G100: label vote | H100: P2/121 | I100: printed label | J100: P2/121/121 | K100: 100 | L100: 25 | M100: =IF(AND(ISNUMBER(K100),L100>0),K100/L100,"") | N100: 0.251 | O100: 179.8 | P100: 0 | Q100: 1 | R100: 0 | S100: 0 | T100: 0 | U100: 0 | V100: 2 | Y100: 4594.7 | Z100: 1612.9 | AA100: 4624.2 | AB100: 1620.4 | AC100: column | AD100: =IF(AC100="","",IF(OR(AC100=F100,AND(AC100="crane_footing",F100="isolated_footing")),"yes","no"))
A101: 100 | B101: 121 | C101: own label | D101: solid | E101: 31 | F101: column | G101: label vote | H101: P2/121 | I101: printed label | J101: P2/121/121 | K101: 100 | L101: 25 | M101: =IF(AND(ISNUMBER(K101),L101>0),K101/L101,"") | N101: 0.25 | O101: 179.9 | P101: 0 | Q101: 1 | R101: 0 | S101: 0 | T101: 0 | U101: 0 | V101: 2 | Y101: 4594.5 | Z101: 1525.8 | AA101: 4624.1 | AB101: 1533.2 | AC101: column | AD101: =IF(AC101="","",IF(OR(AC101=F101,AND(AC101="crane_footing",F101="isolated_footing")),"yes","no"))
A102: 101 | B102: 121 | C102: own label | D102: solid | E102: 31 | F102: column | G102: label vote | H102: P2/121 | I102: printed label | J102: P2/121/121 | K102: 100 | L102: 25 | M102: =IF(AND(ISNUMBER(K102),L102>0),K102/L102,"") | N102: 0.25 | O102: 179.9 | P102: 0 | Q102: 0 | R102: 0 | S102: 1 | T102: 0 | U102: 0 | V102: 2 | Y102: 4699.5 | Z102: 1612.7 | AA102: 4729.1 | AB102: 1620.1 | AC102: column | AD102: =IF(AC102="","",IF(OR(AC102=F102,AND(AC102="crane_footing",F102="isolated_footing")),"yes","no"))
A103: 102 | B103: 121 | C103: own label | D103: solid | E103: 31 | F103: column | G103: label vote | H103: P2/121 | I103: printed label | J103: P2/121/121 | K103: 100 | L103: 25 | M103: =IF(AND(ISNUMBER(K103),L103>0),K103/L103,"") | N103: 0.25 | O103: 179.9 | P103: 0 | Q103: 0 | R103: 0 | S103: 1 | T103: 0 | U103: 0 | V103: 2 | Y103: 4699.3 | Z103: 1525.6 | AA103: 4728.9 | AB103: 1533 | AC103: column | AD103: =IF(AC103="","",IF(OR(AC103=F103,AND(AC103="crane_footing",F103="isolated_footing")),"yes","no"))
A104: 103 | B104: 121 | C104: nearest labels in its region | D104: solid | E104: 32 | F104: shear_wall | G104: label vote | H104: (none) | I104: no shear_wall type in its building has this size | K104: 342 | L104: 25 | M104: =IF(AND(ISNUMBER(K104),L104>0),K104/L104,"") | N104: 0.86 | O104: 0 | P104: 1 | Q104: 0 | R104: 0 | S104: 1 | T104: 0 | U104: 2 | V104: 1 | Y104: 4910.8 | Z104: 1612 | AA104: 5011.7 | AB104: 1619.5 | AD104: =IF(AC104="","",IF(OR(AC104=F104,AND(AC104="crane_footing",F104="isolated_footing")),"yes","no"))
A105: 104 | B105: 121 | C105: nearest labels in its region | D105: solid | E105: 32 | F105: shear_wall | G105: label vote | H105: (none) | I105: no shear_wall type in its building has this size | K105: 300 | L105: 25 | M105: =IF(AND(ISNUMBER(K105),L105>0),K105/L105,"") | N105: 0.749 | O105: 89.9 | P105: 1 | Q105: 1 | R105: 0 | S105: 0 | T105: 0 | U105: 1 | V105: 1 | Y105: 4765.1 | Z105: 1925.6 | AA105: 4772.7 | AB105: 2014.2 | AD105: =IF(AC105="","",IF(OR(AC105=F105,AND(AC105="crane_footing",F105="isolated_footing")),"yes","no"))
A106: 105 | B106: 121 | C106: nearest labels in its region | D106: solid | E106: 30 | F106: shear_wall | G106: label vote | H106: (none) | I106: no shear_wall type in its building has this size | K106: 449 | L106: 25 | M106: =IF(AND(ISNUMBER(K106),L106>0),K106/L106,"") | N106: 1.133 | O106: 179.9 | P106: 2 | Q106: 0 | R106: 0 | S106: 1 | T106: 0 | U106: 3 | V106: 0 | Y106: 4878.9 | Z106: 1524.9 | AA106: 5011.4 | AB106: 1532.7 | AD106: =IF(AC106="","",IF(OR(AC106=F106,AND(AC106="crane_footing",F106="isolated_footing")),"yes","no"))
A107: 106 | B107: 121 | C107: nearest labels in its region | D107: solid | E107: 30 | F107: shear_wall | G107: label vote | H107: (none) | I107: no shear_wall type in its building has this size | K107: 337 | L107: 25 | M107: =IF(AND(ISNUMBER(K107),L107>0),K107/L107,"") | N107: 0.852 | O107: 179.9 | P107: 2 | Q107: 0 | R107: 0 | S107: 1 | T107: 0 | U107: 2 | V107: 0 | Y107: 4771.8 | Z107: 1525.3 | AA107: 4871.2 | AB107: 1532.9 | AD107: =IF(AC107="","",IF(OR(AC107=F107,AND(AC107="crane_footing",F107="isolated_footing")),"yes","no"))
A108: 107 | B108: 121 | C108: nearest labels in its region | D108: solid | E108: 30 | F108: shear_wall | G108: label vote | H108: (none) | I108: no shear_wall type in its building has this size | K108: 295 | L108: 25 | M108: =IF(AND(ISNUMBER(K108),L108>0),K108/L108,"") | N108: 0.751 | O108: 89.8 | P108: 2 | Q108: 0 | R108: 0 | S108: 1 | T108: 0 | U108: 2 | V108: 5 | Y108: 4871.2 | Z108: 1532.7 | AA108: 4879.1 | AB108: 1619.8 | AD108: =IF(AC108="","",IF(OR(AC108=F108,AND(AC108="crane_footing",F108="isolated_footing")),"yes","no"))
A109: 108 | B109: 121 | C109: nearest labels in its region | D109: solid | E109: 30 | F109: shear_wall | G109: label vote | H109: (none) | I109: no shear_wall type in its building has this size | K109: 295 | L109: 25 | M109: =IF(AND(ISNUMBER(K109),L109>0),K109/L109,"") | N109: 0.747 | O109: 89.8 | P109: 2 | Q109: 0 | R109: 0 | S109: 1 | T109: 0 | U109: 5 | V109: 0 | Y109: 5011.4 | Z109: 1532.4 | AA109: 5019.2 | AB109: 1619.5 | AD109: =IF(AC109="","",IF(OR(AC109=F109,AND(AC109="crane_footing",F109="isolated_footing")),"yes","no"))
A110: 109 | B110: 121 | C110: nearest labels in its region | D110: solid | E110: 32 | F110: shear_wall | G110: label vote | H110: (none) | I110: no shear_wall type in its building has this size | K110: 175 | L110: 25 | M110: =IF(AND(ISNUMBER(K110),L110>0),K110/L110,"") | N110: 0.445 | O110: 89.9 | P110: 1 | Q110: 0 | R110: 0 | S110: 1 | T110: 0 | U110: 1 | V110: 3 | Y110: 4764.3 | Z110: 1532.9 | AA110: 4771.9 | AB110: 1584.5 | AD110: =IF(AC110="","",IF(OR(AC110=F110,AND(AC110="crane_footing",F110="isolated_footing")),"yes","no"))
A111: 110 | B111: 121 | C111: own label | D111: solid | E111: 36 | F111: shear_wall | G111: label vote | H111: V1/121 | I111: printed label | J111: V1/121/121 | K111: 200 | L111: 25 | M111: =IF(AND(ISNUMBER(K111),L111>0),K111/L111,"") | N111: 0.501 | O111: 179.9 | P111: 0 | Q111: 1 | R111: 0 | S111: 0 | T111: 0 | U111: 2 | V111: 1 | Y111: 4517.5 | Z111: 1772.5 | AA111: 4576.6 | AB111: 1780 | AC111: shear_wall | AD111: =IF(AC111="","",IF(OR(AC111=F111,AND(AC111="crane_footing",F111="isolated_footing")),"yes","no"))
A112: 111 | B112: 121 | C112: own label | D112: solid | E112: 36 | F112: shear_wall | G112: label vote | H112: V1/121 | I112: printed label | J112: V1/121/121 | K112: 200 | L112: 25 | M112: =IF(AND(ISNUMBER(K112),L112>0),K112/L112,"") | N112: 0.5 | O112: 0 | P112: 0 | Q112: 1 | R112: 0 | S112: 0 | T112: 0 | U112: 2 | V112: 1 | Y112: 4517.3 | Z112: 1656 | AA112: 4576.3 | AB112: 1663.4 | AC112: shear_wall | AD112: =IF(AC112="","",IF(OR(AC112=F112,AND(AC112="crane_footing",F112="isolated_footing")),"yes","no"))
...

Sheet Labels
A1: Label | B1: Text | C1: Kind | D1: Names class | E1: x (px) | F1: y (px) | G1: Pass 1 object | H1: Pass 1 cluster | I1: Pass 1 cluster class | J1: Pass 1 agrees | K1: Pass 2 object | L1: Pass 2 distance (m) | M1: Pass 2 misalignment | N1: Text direction found
A2: 1 | B2: S1-120120 | C2: footing:S | D2: isolated_footing | E2: 4752.1 | F2: 493.8 | G2: 42 | H2: 6 | I2: strip_footing | J2: no | K2: 31 | L2: 0.21 | M2: 0 | N2: yes
A3: 2 | B3: S5-120120 | C3: footing:S | D3: isolated_footing | E3: 4505.2 | F3: 1208.3 | G3: 36 | H3: 16 | I3: isolated_footing | J3: yes | K3: 36 | L3: 0.18 | M3: 0 | N3: yes
A4: 3 | B4: S6-120120 | C4: footing:S | D4: isolated_footing | E4: 4728.1 | F4: 1157.3 | G4: 38 | H4: 16 | I4: isolated_footing | J4: yes | K4: 38 | L4: 0.23 | M4: 0 | N4: yes
A5: 4 | B5: S2-120120 | C5: footing:S | D5: isolated_footing | E5: 4274 | F5: 1133.3 | G5: 34 | H5: 17 | I5: isolated_footing | J5: yes | K5: 34 | L5: 0.22 | M5: 0 | N5: yes
A6: 5 | B6: S2-120120 | C6: footing:S | D6: isolated_footing | E6: 4274 | F6: 900 | G6: 33 | H6: 17 | I6: isolated_footing | J6: yes | K6: 33 | L6: 0.19 | M6: 0 | N6: yes
A7: 6 | B7: S2-120120 | C7: footing:S | D7: isolated_footing | E7: 4272.9 | F7: 676 | G7: 32 | H7: 17 | I7: isolated_footing | J7: yes | K7: 32 | L7: 0.22 | M7: 0 | N7: yes
A8: 7 | B8: S2-121121 | C8: footing:S | D8: isolated_footing | E8: 4267.7 | F8: 1831.3 | G8: 132 | H8: 17 | I8: isolated_footing | J8: yes | K8: 132 | L8: 0.24 | M8: 0 | N8: yes
A9: 8 | B9: S2-121121 | C9: footing:S | D9: isolated_footing | E9: 4268.8 | F9: 2058.3 | G9: 131 | H9: 17 | I9: isolated_footing | J9: yes | K9: 131 | L9: 0.2 | M9: 0 | N9: yes
A10: 9 | B10: SC3- | C10: footing:SC | D10: combined_footing | E10: 4482.3 | F10: 1404.2 | G10: 41 | H10: 15 | I10: combined_footing | J10: yes | K10: 41 | L10: 0.24 | M10: 0 | N10: yes
A11: 10 | B11: SC1- | C11: footing:SC | D11: combined_footing | E11: 4713.5 | F11: 1389.6 | G11: 137 | H11: 15 | I11: combined_footing | J11: yes | K11: 137 | L11: 0.25 | M11: 0 | N11: yes
A12: 11 | B12: SC4-121 | C12: footing:SC | D12: combined_footing | E12: 4532.3 | F12: 1711.5 | G12: 139 | H12: 15 | I12: combined_footing | J12: yes | K12: 139 | L12: 0.18 | M12: 0 | N12: yes
A13: 12 | B13: S7-121 | C13: footing:S | D13: isolated_footing | E13: 4508.3 | F13: 1834.4 | G13: 136 | H13: 16 | I13: isolated_footing | J13: yes | K13: 136 | L13: 0.22 | M13: 0 | N13: yes
... A88: 87 | B88: S18-130130 | C88: footing:S | D88: isolated_footing | E88: 1068.8 | F88: 1637.5 | G88: 1040 | H88: 16 | I88: isolated_footing | J88: yes | K88: 1040 | L88: 0.11 | M88: 0 | N88: yes
A89: 88 | B89: S18-130130 | C89: footing:S | D89: isolated_footing | E89: 860.4 | F89: 1764.6 | G89: 1046 | H89: 15 | I89: combined_footing | J89: no | K89: unmatched | N89: yes
A90: 89 | B90: S2-130130 | C90: footing:S | D90: isolated_footing | E90: 1271.9 | F90: 1496.9 | G90: 1042 | H90: 17 | I90: isolated_footing | J90: yes | K90: 1042 | L90: 0.17 | M90: 0 | N90: yes
A91: 90 | B91: S2-130130 | C91: footing:S | D91: isolated_footing | E91: 1213.5 | F91: 1275 | G91: 1060 | H91: 4 | I91: grade_beam | J91: no | K91: unmatched | N91: yes
A92: 91 | B92: S11-129129 | C92: footing:S | D92: isolated_footing | E92: 1147.9 | F92: 1929.2 | G92: 896 | H92: 16 | I92: isolated_footing | J92: yes | K92: 896 | L92: 0.14 | M92: 0 | N92: yes
A93: 92 | B93: S19-129 | C93: footing:S | D93: isolated_footing | E93: 820.8 | F93: 2556.2 | G93: 898 | H93: 16 | I93: isolated_footing | J93: yes | K93: 898 | L93: 0.2 | M93: 0 | N93: yes
A94: 93 | B94: S2-129129 | C94: footing:S | D94: isolated_footing | E94: 1353.1 | F94: 1805.2 | G94: 899 | H94: 17 | I94: isolated_footing | J94: yes | K94: 899 | L94: 0.16 | M94: 0 | N94: yes
A95: 94 | B95: S2-129129 | C95: footing:S | D95: isolated_footing | E95: 1411.5 | F95: 2026 | G95: 915 | H95: 4 | I95: grade_beam | J95: no | K95: 900 | L95: 0.16 | M95: 0 | N95: yes
A96: 95 | B96: SC2- | C96: footing:SC | D96: combined_footing | E96: 1432.3 | F96: 2306.2 | G96: 902 | H96: 23 | I96: combined_footing | J96: yes | K96: 902 | L96: 0.34 | M96: 0 | N96: yes
A97: 96 | B97: SC3 | C97: footing:SC | D97: combined_footing | E97: 1061.5 | F97: 2500 | G97: 766 | H97: 15 | I97: combined_footing | J97: yes | K97: 766 | L97: 0.14 | M97: 0 | N97: yes
A98: 97 | B98: SC7 | C98: footing:SC | D98: combined_footing | E98: 1246.9 | F98: 2342.7 | G98: 903 | H98: 15 | I98: combined_footing | J98: yes | K98: 903 | L98: 0.23 | M98: 0 | N98: yes
A99: 98 | B99: SC1- | C99: footing:SC | D99: combined_footing | E99: 870.8 | F99: 2675 | G99: 901 | H99: 15 | I99: combined_footing | J99: yes | K99: 901 | L99: 0.16 | M99: 0 | N99: yes
A100: 99 | B100: S18-129129 | C100: footing:S | D100: isolated_footing | E100: 944.8 | F100: 2071.9 | G100: 897 | H100: 16 | I100: isolated_footing | J100: yes | K100: 897 | L100: 0.19 | M100: 0 | N100: yes
A101: 100 | B101: SC1- | C101: footing:SC | D101: combined_footing | E101: 1133.3 | F101: 1812.5 | G101: 1047 | H101: 15 | I101: combined_footing | J101: yes | K101: 1047 | L101: 0.09 | M101: 0 | N101: yes
A102: 101 | B102: SC9-130130 | C102: footing:SC | D102: combined_footing | E102: 880.2 | F102: 1825 | G102: 1049 | H102: 15 | I102: combined_footing | J102: yes | K102: 1049 | L102: 0.06 | M102: 0 | N102: yes
A103: 102 | B103: V1/120/120 | C103: wall | D103: shear_wall | E103: 4537.5 | F103: 678.1 | G103: 14 | H103: 36 | I103: shear_wall | J103: yes | K103: 14 | L103: 0.11 | M103: 0.22 | N103: yes
... A363: 362 | B363: LG-40x15 | C363: grade_beam | D363: grade_beam | E363: 2449 | F363: 3174 | G363: 683 | H363: 4 | I363: grade_beam | J363: yes | K363: 683 | L363: 0.25 | M363: 0 | N363: no
A364: 363 | B364: LG 25x40 | C364: grade_beam | D364: grade_beam | E364: 4257.3 | F364: 3254.2 | G364: 357 | H364: 5 | I364: unnamed | J364: unnamed | K364: unmatched | N364: yes
A365: 364 | B365: LG-40x15 | C365: grade_beam | D365: grade_beam | E365: 4210.4 | F365: 3000 | G365: 357 | H365: 5 | I365: unnamed | J365: unnamed | K365: 288 | L365: 0.72 | M365: 0 | N365: yes
A366: 365 | B366: LG-40x15 | C366: grade_beam | D366: grade_beam | E366: 4179.2 | F366: 2840.6 | G366: 357 | H366: 5 | I366: unnamed | J366: unnamed | K366: unmatched | N366: yes
A367: 366 | B367: LG-40x15 | C367: grade_beam | D367: grade_beam | E367: 4045.8 | F367: 3200 | G367: 439 | H367: 29 | I367: column | J367: no | K367: 486 | L367: 0.18 | M367: 0.04 | N367: yes
A368: 367 | B368: LG-40x15 | C368: grade_beam | D368: grade_beam | E368: 3537.5 | F368: 2950 | G368: 286 | H368: 4 | I368: grade_beam | J368: yes | K368: 286 | L368: 0.13 | M368: 0.25 | N368: yes
A369: 368 | B369: LG-40x15 | C369: grade_beam | D369: grade_beam | E369: 3571.9 | F369: 3133.3 | G369: 286 | H369: 4 | I369: grade_beam | J369: yes | K369: 286 | L369: 0.12 | M369: 0 | N369: yes
A370: 369 | B370: LG-40x15 | C370: grade_beam | D370: grade_beam | E370: 3618.8 | F370: 3379.2 | G370: 286 | H370: 4 | I370: grade_beam | J370: yes | K370: 286 | L370: 0.15 | M370: 0 | N370: yes
A371: 370 | B371: LG-40x15 | C371: grade_beam | D371: grade_beam | E371: 3536.5 | F371: 3139.6 | G371: 559 | H371: 4 | I371: grade_beam | J371: yes | K371: 559 | L371: 0.18 | M371: 0.2 | N371: yes
A372: 371 | B372: LG-40x15 | C372: grade_beam | D372: grade_beam | E372: 3582.3 | F372: 3386.5 | G372: 559 | H372: 4 | I372: grade_beam | J372: yes | K372: 559 | L372: 0.21 | M372: 0.21 | N372: yes
A373: 372 | B373: LG-40x15 | C373: grade_beam | D373: grade_beam | E373: 3502.1 | F373: 2957.3 | G373: 559 | H373: 4 | I373: grade_beam | J373: yes | K373: 559 | L373: 0.18 | M373: 0 | N373: yes
A374: 373 | B374: LG-40x15 | C374: grade_beam | D374: grade_beam | E374: 3046.9 | F374: 3232.3 | G374: 627 | H374: 4 | I374: grade_beam | J374: yes | K374: 627 | L374: 0.21 | M374: 0.01 | N374: yes
A375: 374 | B375: LG-40x15 | C375: grade_beam | D375: grade_beam | E375: 3016.7 | F375: 3441.7 | G375: 627 | H375: 4 | I375: grade_beam | J375: yes | K375: 627 | L375: 0.15 | M375: 0.01 | N375: yes
A376: 375 | B376: LG-40x15 | C376: grade_beam | D376: grade_beam | E376: 2678.1 | F376: 2803.1 | G376: 628 | H376: 4 | I376: grade_beam | J376: yes | K376: 628 | L376: 0.14 | M376: 0 | N376: yes
A377: 376 | B377: LG-40x15 | C377: grade_beam | D377: grade_beam | E377: 2628.1 | F377: 3261.5 | G377: 630 | H377: 4 | I377: grade_beam | J377: yes | K377: 630 | L377: 0.22 | M377: 0.02 | N377: yes
A378: 377 | B378: LG-40x15 | C378: grade_beam | D378: grade_beam | E378: 2946.9 | F378: 3309.4 | G378: 629 | H378: 4 | I378: grade_beam | J378: yes | K378: 629 | L378: 0.09 | M378: 0 | N378: yes
... A453: 452 | B453: LG-40x15 | C453: grade_beam | D453: grade_beam | E453: 4310.4 | F453: 1469.8 | G453: 148 | H453: 4 | I453: grade_beam | J453: yes | K453: 148 | L453: 0.19 | M453: 0 | N453: yes
A454: 453 | B454: LG-40x15 | C454: grade_beam | D454: grade_beam | E454: 4558.3 | F454: 1458.3 | G454: unmatched | K454: unmatched | N454: yes
A455: 454 | B455: LG-40x15 | C455: grade_beam | D455: grade_beam | E455: 4620.8 | F455: 1455.2 | G455: 150 | H455: 4 | I455: grade_beam | J455: yes | K455: 150 | L455: 0.18 | M455: 0 | N455: yes
A456: 455 | B456: LG-40x15 | C456: grade_beam | D456: grade_beam | E456: 4310.4 | F456: 1710.4 | G456: 148 | H456: 4 | I456: grade_beam | J456: yes | K456: 148 | L456: 0.18 | M456: 0 | N456: yes
A457: 456 | B457: LG-40x15 | C457: grade_beam | D457: grade_beam | E457: 4310.4 | F457: 1915.6 | G457: 148 | H457: 4 | I457: grade_beam | J457: yes | K457: 148 | L457: 0.18 | M457: 0 | N457: yes
A458: 457 | B458: LG-40x15 | C458: grade_beam | D458: grade_beam | E458: 4556.2 | F458: 1871.9 | G458: 37 | H458: 16 | I458: isolated_footing | J458: no | K458: unmatched | N458: yes
A459: 458 | B459: LG-40x15 | C459: grade_beam | D459: grade_beam | E459: 4674 | F459: 1764.6 | G459: 156 | H459: 4 | I459: grade_beam | J459: yes | K459: 156 | L459: 0.19 | M459: 0 | N459: yes
A460: 459 | B460: LG-25x40 | C460: grade_beam | D460: grade_beam | E460: 4415.6 | F460: 2124 | G460: 146 | H460: 2 | I460: grade_beam | J460: yes | K460: 146 | L460: 0.15 | M460: 0 | N460: yes
A461: 460 | B461: LG-25x40 | C461: grade_beam | D461: grade_beam | E461: 4234.4 | F461: 2125 | G461: 146 | H461: 2 | I461: grade_beam | J461: yes | K461: 146 | L461: 0.13 | M461: 0 | N461: yes
A462: 461 | B462: LG-40x15 | C462: grade_beam | D462: grade_beam | E462: 4243.8 | F462: 2012.5 | G462: 152 | H462: 4 | I462: grade_beam | J462: yes | K462: 152 | L462: 0.14 | M462: 0.01 | N462: yes
A463: 462 | B463: LG-40x15 | C463: grade_beam | D463: grade_beam | E463: 4432.3 | F463: 2012.5 | G463: 152 | H463: 4 | I463: grade_beam | J463: yes | K463: 152 | L463: 0.15 | M463: 0 | N463: yes
A464: 463 | B464: LG-40x15 | C464: grade_beam | D464: grade_beam | E464: 4249 | F464: 1783.3 | G464: 151 | H464: 4 | I464: grade_beam | J464: yes | K464: 151 | L464: 0.17 | M464: 0 | N464: yes
A465: 464 | B465: LG-40x15 | C465: grade_beam | D465: grade_beam | E465: 4456.2 | F465: 1783.3 | G465: 151 | H465: 4 | I465: grade_beam | J465: yes | K465: 151 | L465: 0.18 | M465: 0 | N465: yes
A466: 465 | B466: LG-40x15 | C466: grade_beam | D466: grade_beam | E466: 4429.2 | F466: 1645.8 | G466: 154 | H466: 4 | I466: grade_beam | J466: yes | K466: 154 | L466: 0.26 | M466: 0 | N466: yes
A467: 466 | B467: LG-40x15 | C467: grade_beam | D467: grade_beam | E467: 4240.6 | F467: 1554.2 | G467: 153 | H467: 4 | I467: grade_beam | J467: yes | K467: 153 | L467: 0.15 | M467: 0 | N467: yes
A468: 467 | B468: LG-40x15 | C468: grade_beam | D468: grade_beam | E468: 4452.1 | F468: 1555.2 | G468: 153 | H468: 4 | I468: grade_beam | J468: yes | K468: 153 | L468: 0.12 | M468: 0 | N468: yes
A469: 468 | B469: LG-40x15 | C469: grade_beam | D469: grade_beam | E469: 4420.8 | F469: 1353.1 | G469: 149 | H469: 4 | I469: grade_beam | J469: yes | K469: 149 | L469: 0.26 | M469: 0 | N469: yes
A470: 469 | B470: LG-40x15 | C470: grade_beam | D470: grade_beam | E470: 4237.5 | F470: 1352.1 | G470: 149 | H470: 4 | I470: grade_beam | J470: yes | K470: 149 | L470: 0.22 | M470: 0 | N470: yes
... A475: 474 | B475: LG-40x15 | C475: grade_beam | D475: grade_beam | E475: 4557.3 | F475: 2008.3 | G475: 141 | H475: 6 | I475: strip_footing | J475: no | K475: 152 | L475: 0.66 | M475: 1 | N475: yes
A476: 475 | B476: LG-25x40 | C476: grade_beam | D476: grade_beam | E476: 4307.3 | F476: 3477.1 | G476: 506 | H476: 3 | I476: unnamed | J476: unnamed | K476: unmatched | N476: yes
A477: 476 | B477: LG-40x15 | C477: grade_beam | D477: grade_beam | E477: 4014.6 | F477: 3291.7 | G477: 490 | H477: 4 | I477: grade_beam | J477: yes | K477: 490 | L477: 0.17 | M477: 0.22 | N477: yes
A478: 477 | B478: LG-40x15 | C478: grade_beam | D478: grade_beam | E478: 4099 | F478: 3276 | G478: 489 | H478: 4 | I478: grade_beam | J478: yes | K478: 489 | L478: 0.18 | M478: 0.16 | N478: yes
A479: 478 | B479: LG-40x15 | C479: grade_beam | D479: grade_beam | E479: 1900 | F479: 2884.4 | G479: 687 | H479: 4 | I479: grade_beam | J479: yes | K479: 687 | L479: 0.19 | M479: 0 | N479: no
A480: 479 | B480: LG-40x15 | C480: grade_beam | D480: grade_beam | E480: 2405.2 | F480: 3032.3 | G480: 680 | H480: 4 | I480: grade_beam | J480: yes | K480: 680 | L480: 0.15 | M480: 0 | N480: yes
A481: 480 | B481: LG-40x15 | C481: grade_beam | D481: grade_beam | E481: 2571.9 | F481: 2851 | G481: 681 | H481: 4 | I481: grade_beam | J481: yes | K481: 681 | L481: 0.17 | M481: 0.13 | N481: yes
A482: 481 | B482: LG-40x15 | C482: grade_beam | D482: grade_beam | E482: 2240.6 | F482: 2684.4 | G482: 681 | H482: 4 | I482: grade_beam | J482: yes | K482: 681 | L482: 0.15 | M482: 0 | N482: yes
A483: 482 | B483: LG-40x15 | C483: grade_beam | D483: grade_beam | E483: 2349 | F483: 2740.6 | G483: 664 | H483: 25 | I483: isolated_footing | J483: no | K483: 681 | L483: 0.21 | M483: 0.05 | N483: yes
A484: 483 | B484: LG-40x15 | C484: grade_beam | D484: grade_beam | E484: 2026 | F484: 2578.1 | G484: 681 | H484: 4 | I484: grade_beam | J484: yes | K484: 691 | L484: 1.01 | M484: 0 | N484: yes
A485: 484 | B485: LG-40x15 | C485: grade_beam | D485: grade_beam | E485: 2134.4 | F485: 2632.3 | G485: 681 | H485: 4 | I485: grade_beam | J485: yes | K485: 681 | L485: 0.19 | M485: 0 | N485: yes
A486: 485 | B486: LG-25x40 | C486: grade_beam | D486: grade_beam | E486: 4439.6 | F486: 2154.2 | G486: 147 | H486: 2 | I486: grade_beam | J486: yes | K486: 147 | L486: 0.25 | M486: 0 | N486: yes
A487: 486 | B487: LG-25x40 | C487: grade_beam | D487: grade_beam | E487: 4254.2 | F487: 2154.2 | G487: 138 | H487: 15 | I487: combined_footing | J487: no | K487: 147 | L487: 0.23 | M487: 0 | N487: yes
A488: 487 | B488: LG-40x15 | C488: grade_beam | D488: grade_beam | E488: 733.3 | F488: 1303.1 | G488: 1044 | H488: 26 | I488: isolated_footing | J488: no | K488: 1063 | L488: 0.19 | M488: 0 | N488: no
... A512: 511 | B512: SF4- 120x25 | C512: strip_footing | D512: strip_footing | E512: 4658.3 | F512: 2132.3 | G512: 254 | H512: 28 | I512: retaining_wall | J512: no | K512: 367 | L512: 0 | M512: 0.02 | N512: yes
A513: 512 | B513: SF4- 120x25 | C513: strip_footing | D513: strip_footing | E513: 1109.4 | F513: 2508.3 | G513: 941 | H513: 3 | I513: unnamed | J513: unnamed | K513: unmatched | N513: yes
A514: 513 | B514: SF4- 120x25 | C514: strip_footing | D514: strip_footing | E514: 919.8 | F514: 2661.5 | G514: 1010 | H514: 10 | I514: unnamed | J514: unnamed | K514: 1010 | L514: 0 | M514: 0.18 | N514: yes
A515: 514 | B515: Radier | C515: raft | D515: raft | E515: 4853.1 | F515: 2710.4 | G515: 307 | H515: 39 | I515: raft | J515: yes | K515: 307 | L515: 0.21 | M515: 0 | N515: no
A516: 515 | B516: Radier | C516: raft | D516: raft | E516: 4737.5 | F516: 3137.5 | G516: 419 | H516: 39 | I516: raft | J516: yes | K516: 419 | L516: 0.24 | M516: 0 | N516: no
A517: 516 | B517: Radier | C517: raft | D517: raft | E517: 4045.8 | F517: 3431.3 | G517: 511 | H517: 9 | I517: unnamed | J517: unnamed | K517: 491 | L517: 0.23 | M517: 0 | N517: no
A518: 517 | B518: Radier | C518: raft | D518: raft | E518: 3229.2 | F518: 3562.5 | G518: 569 | H518: 39 | I518: raft | J518: yes | K518: 569 | L518: 0.22 | M518: 0 | N518: no
A519: 518 | B519: Radier | C519: raft | D519: raft | E519: 2768.8 | F519: 3500 | G519: 570 | H519: 39 | I519: raft | J519: yes | K519: 570 | L519: 0.21 | M519: 0 | N519: no
A520: 519 | B520: Radier | C520: raft | D520: raft | E520: 2145.8 | F520: 3207.3 | G520: 690 | H520: 39 | I520: raft | J520: yes | K520: 690 | L520: 0.23 | M520: 0 | N520: no
A521: 520 | B521: Radier | C521: raft | D521: raft | E521: 1275 | F521: 2747.9 | G521: 778 | H521: 39 | I521: raft | J521: yes | K521: 778 | L521: 0.21 | M521: 0 | N521: no
A522: 521 | B522: Radier | C522: raft | D522: raft | E522: 914.6 | F522: 2250 | G522: 918 | H522: 39 | I522: raft | J522: yes | K522: 918 | L522: 0.24 | M522: 0 | N522: no
A523: 522 | B523: Radier | C523: raft | D523: raft | E523: 696.9 | F523: 1437.5 | G523: 1065 | H523: 39 | I523: raft | J523: yes | K523: 1065 | L523: 0.24 | M523: 0 | N523: no
A524: 523 | B524: Radier | C524: raft | D524: raft | E524: 4581.2 | F524: 487.5 | G524: 62 | H524: 39 | I524: raft | J524: yes | K524: 62 | L524: 0.22 | M524: 0 | N524: no
A525: 524 | B525: Radier | C525: raft | D525: raft | E525: 4688.5 | F525: 818.8 | G525: 63 | H525: 39 | I525: raft | J525: yes | K525: 63 | L525: 0.23 | M525: 0 | N525: no
... A532: 531 | B532: FOSSE DE RELEVAGE2.00x1.50x1.50 | C532: pit | D532: sump_pit | E532: 2663.5 | F532: 3360.4 | G532: 618 | H532: 18 | I532: isolated_footing | J532: no | K532: 571 | L532: 0.75 | M532: 0 | N532: no
A533: 532 | B533: RADIER | C533: raft | D533: raft | E533: 2641.7 | F533: 3382.3 | G533: 619 | H533: 18 | I533: isolated_footing | J533: no | K533: unmatched | N533: no
A534: 533 | B534: FOSSE DE RELEVAGE2.00x1.50x1.50 | C534: pit | D534: sump_pit | E534: 1518.8 | F534: 2786.5 | G534: 761 | H534: 18 | I534: isolated_footing | J534: no | K534: unmatched | N534: no
A535: 534 | B535: RADIER | C535: raft | D535: raft | E535: 1497.9 | F535: 2808.3 | G535: 751 | H535: 28 | I535: retaining_wall | J535: no | K535: unmatched | N535: no
A536: 535 | B536: Radier1 | C536: raft | D536: raft | E536: 1757.3 | F536: 2705.2 | G536: 779 | H536: 39 | I536: raft | J536: yes | K536: 779 | L536: 0.2 | M536: 0 | N536: no
A537: 536 | B537: FOSSE DE RELEVAGE2.00x1.50x1.50 | C537: pit | D537: sump_pit | E537: 969.8 | F537: 1158.3 | G537: 1066 | H537: 20 | I537: sump_pit | J537: yes | K537: 1066 | L537: 0.85 | M537: 0 | N537: no
A538: 537 | B538: RADIER | C538: raft | D538: raft | E538: 962.5 | F538: 1096.9 | G538: 1088 | H538: 8 | I538: unnamed | J538: unnamed | K538: 1088 | L538: 0.52 | M538: 0 | N538: no
A539: 538 | B539: RADIER 190CM | C539: raft | D539: raft | E539: 1040.6 | F539: 1269.8 | G539: unmatched | K539: unmatched | N539: no
A540: 539 | B540: VP20/SF1 80x25 | C540: retaining_wall+strip_footing | D540: retaining_wall / strip_footing | E540: 4861.5 | F540: 2495.8 | G540: 257 | H540: 28 | I540: retaining_wall | J540: yes | K540: 257 | L540: 0 | M540: 0.03 | N540: yes
...

Sheet Conflicts
A1: Label | B1: Text | C1: Names class | D1: x (px) | E1: y (px) | F1: Issue | G1: Object it sits by (pass 1) | H1: That object's class | I1: Pass 2 result
A2: 1 | B2: S1-120120 | C2: isolated_footing | D2: 4752.1 | E2: 493.8 | F2: first, neutral pass put it on an object of another class | G2: 42 | H2: strip_footing | I2: 31
A3: 15 | B3: S6-120120 | C3: isolated_footing | D3: 4507.3 | E3: 2005.2 | F3: first, neutral pass put it on an object of another class | G3: 152 | H3: grade_beam | I3: 37
A4: 71 | B4: SC2- | C4: combined_footing | D4: 2586.5 | E4: 2914.6 | F4: first, neutral pass put it on an object of another class | G4: 683 | H4: grade_beam | I4: 625
A5: 74 | B5: SC2- | C5: combined_footing | D5: 1920.8 | E5: 2579.2 | F5: first, neutral pass put it on an object of another class | G5: 771 | H5: grade_beam | I5: 675
A6: 78 | B6: S2-128128 | C6: isolated_footing | D6: 1769.8 | E6: 2376 | F6: first, neutral pass put it on an object of another class | G6: 774 | H6: grade_beam | I6: 763
A7: 83 | B7: S2-127 | C7: isolated_footing | D7: 2360.4 | E7: 3028.1 | F7: first, neutral pass put it on an object of another class | G7: 680 | H7: grade_beam | I7: 673
A8: 86 | B8: S2-130130 | C8: isolated_footing | D8: 706.2 | E8: 1261.5 | F8: first, neutral pass put it on an object of another class | G8: 1013 | H8: column | I8: 1041
A9: 88 | B9: S18-130130 | C9: isolated_footing | D9: 860.4 | E9: 1764.6 | F9: first, neutral pass put it on an object of another class; no object of its class within reach in the second pass | G9: 1046 | H9: combined_footing | I9: unmatched
A10: 90 | B10: S2-130130 | C10: isolated_footing | D10: 1213.5 | E10: 1275 | F10: first, neutral pass put it on an object of another class; no object of its class within reach in the second pass | G10: 1060 | H10: grade_beam | I10: unmatched
A11: 94 | B11: S2-129129 | C11: isolated_footing | D11: 1411.5 | E11: 2026 | F11: first, neutral pass put it on an object of another class | G11: 915 | H11: grade_beam | I11: 900
A12: 103 | B12: V1/120/120 | C12: shear_wall | D12: 4535.4 | E12: 822.9 | F12: first, neutral pass put it on an object of another class | G12: 58 | H12: grade_beam | I12: 13
A13: 104 | B13: V1/120/120 | C13: shear_wall | D13: 4538.5 | E13: 967.7 | F13: first, neutral pass put it on an object of another class | G13: 54 | H13: grade_beam | I13: 15
A14: 106 | B14: V4/120/120 | C14: shear_wall | D14: 4671.9 | E14: 482.3 | F14: first, neutral pass put it on an object of another class | G14: 55 | H14: grade_beam | I14: 23
A15: 107 | B15: V4/120/120 | C15: shear_wall | D15: 4792.7 | E15: 472.9 | F15: first, neutral pass put it on an object of another class | G15: 31 | H15: isolated_footing | I15: 22
A16: 108 | B16: V8/120/120 | C16: shear_wall | D16: 4792.7 | E16: 634.4 | F16: first, neutral pass put it on an object of another class | G16: 35 | H16: isolated_footing | I16: 25
A17: 110 | B17: V2/120/120 | C17: shear_wall | D17: 4759.4 | E17: 1319.8 | F17: first, neutral pass put it on an object of another class | G17: 53 | H17: grade_beam | I17: 17
A18: 112 | B18: V3/120120 | C18: shear_wall | D18: 4328.1 | E18: 632.3 | F18: first, neutral pass put it on an object of another class | G18: 57 | H18: grade_beam | I18: 21
A19: 114 | B19: V3/120/120 | C19: shear_wall | D19: 4326 | E19: 1090.6 | F19: first, neutral pass put it on an object of another class | G19: 56 | H19: grade_beam | I19: 20
A20: 116 | B20: V1/121/121 | C20: shear_wall | D20: 4537.5 | E20: 1346.9 | F20: first, neutral pass put it on an object of another class | G20: 149 | H20: grade_beam | I20: 112
A21: 117 | B21: V1/121/121 | C21: shear_wall | D21: 4535.4 | E21: 1653.1 | F21: first, neutral pass put it on an object of another class | G21: 154 | H21: grade_beam | I21: 111
A22: 123 | B22: V8/121/121 | C22: shear_wall | D22: 4590.6 | E22: 1936.5 | F22: first, neutral pass put it on an object of another class | G22: 155 | H22: grade_beam | I22: 122
... A83: 276 | B83: P3/130/130 | C83: column | D83: 716.7 | E83: 1311.5 | F83: first, neutral pass put it on an object of another class | G83: 1063 | H83: grade_beam | I83: 1013
A84: 363 | B84: LG 25x40 | C84: grade_beam | D84: 4257.3 | E84: 3254.2 | F84: no object of its class within reach in the second pass | G84: 357 | H84: unnamed | I84: unmatched
A85: 365 | B85: LG-40x15 | C85: grade_beam | D85: 4179.2 | E85: 2840.6 | F85: no object of its class within reach in the second pass | G85: 357 | H85: unnamed | I85: unmatched
A86: 366 | B86: LG-40x15 | C86: grade_beam | D86: 4045.8 | E86: 3200 | F86: first, neutral pass put it on an object of another class | G86: 439 | H86: column | I86: 486
A87: 453 | B87: LG-40x15 | C87: grade_beam | D87: 4558.3 | E87: 1458.3 | F87: no object of its class within reach in the second pass | G87: unmatched | I87: unmatched
A88: 457 | B88: LG-40x15 | C88: grade_beam | D88: 4556.2 | E88: 1871.9 | F88: first, neutral pass put it on an object of another class; no object of its class within reach in the second pass | G88: 37 | H88: isolated_footing | I88: unmatched
A89: 474 | B89: LG-40x15 | C89: grade_beam | D89: 4557.3 | E89: 2008.3 | F89: first, neutral pass put it on an object of another class | G89: 141 | H89: strip_footing | I89: 152
A90: 475 | B90: LG-25x40 | C90: grade_beam | D90: 4307.3 | E90: 3477.1 | F90: no object of its class within reach in the second pass | G90: 506 | H90: unnamed | I90: unmatched
A91: 482 | B91: LG-40x15 | C91: grade_beam | D91: 2349 | E91: 2740.6 | F91: first, neutral pass put it on an object of another class | G91: 664 | H91: isolated_footing | I91: 681
A92: 486 | B92: LG-25x40 | C92: grade_beam | D92: 4254.2 | E92: 2154.2 | F92: first, neutral pass put it on an object of another class | G92: 138 | H92: combined_footing | I92: 147
A93: 487 | B93: LG-40x15 | C93: grade_beam | D93: 733.3 | E93: 1303.1 | F93: first, neutral pass put it on an object of another class | G93: 1044 | H93: isolated_footing | I93: 1063
A94: 495 | B94: SF1 80x25 | C94: strip_footing | D94: 4780.2 | E94: 1862.5 | F94: first, neutral pass put it on an object of another class | G94: 162 | H94: sump_pit | I94: 221
A95: 511 | B95: SF4- 120x25 | C95: strip_footing | D95: 4658.3 | E95: 2132.3 | F95: first, neutral pass put it on an object of another class | G95: 254 | H95: retaining_wall | I95: 367
A96: 512 | B96: SF4- 120x25 | C96: strip_footing | D96: 1109.4 | E96: 2508.3 | F96: no object of its class within reach in the second pass | G96: 941 | H96: unnamed | I96: unmatched
A97: 528 | B97: RADIER | C97: raft | D97: 4747.9 | E97: 1854.2 | F97: first, neutral pass put it on an object of another class | G97: 129 | H97: isolated_footing | I97: 220
A98: 531 | B98: FOSSE DE RELEVAGE2.00x1.50x1.50 | C98: sump_pit | D98: 2663.5 | E98: 3360.4 | F98: first, neutral pass put it on an object of another class | G98: 618 | H98: isolated_footing | I98: 571
A99: 532 | B99: RADIER | C99: raft | D99: 2641.7 | E99: 3382.3 | F99: first, neutral pass put it on an object of another class; no object of its class within reach in the second pass | G99: 619 | H99: isolated_footing | I99: unmatched
A100: 533 | B100: FOSSE DE RELEVAGE2.00x1.50x1.50 | C100: sump_pit | D100: 1518.8 | E100: 2786.5 | F100: first, neutral pass put it on an object of another class; no object of its class within reach in the second pass | G100: 761 | H100: isolated_footing | I100: unmatched
A101: 534 | B101: RADIER | C101: raft | D101: 1497.9 | E101: 2808.3 | F101: first, neutral pass put it on an object of another class; no object of its class within reach in the second pass | G101: 751 | H101: retaining_wall | I101: unmatched
A102: 538 | B102: RADIER 190CM | C102: raft | D102: 1040.6 | E102: 1269.8 | F102: no object of its class within reach in the second pass | G102: unmatched | I102: unmatched

Sheet Validation
A1: Geometric classes against the verified (colour-based) detections
A3: Verified class | B3: column | C3: shear_wall | D3: retaining_wall | E3: isolated_footing | F3: combined_footing | G3: strip_footing | H3: grade_beam | I3: raft | J3: sump_pit | K3: unnamed | L3: Not found | M3: Total | N3: Correct
A4: column | B4: =COUNTIFS(Objects!$AC$2:$AC$1089,$A4,Objects!$F$2:$F$1089,B$3) | C4: =COUNTIFS(Objects!$AC$2:$AC$1089,$A4,Objects!$F$2:$F$1089,C$3) | D4: =COUNTIFS(Objects!$AC$2:$AC$1089,$A4,Objects!$F$2:$F$1089,D$3) | E4: =COUNTIFS(Objects!$AC$2:$AC$1089,$A4,Objects!$F$2:$F$1089,E$3) | F4: =COUNTIFS(Objects!$AC$2:$AC$1089,$A4,Objects!$F$2:$F$1089,F$3) | G4: =COUNTIFS(Objects!$AC$2:$AC$1089,$A4,Objects!$F$2:$F$1089,G$3) | H4: =COUNTIFS(Objects!$AC$2:$AC$1089,$A4,Objects!$F$2:$F$1089,H$3) | I4: =COUNTIFS(Objects!$AC$2:$AC$1089,$A4,Objects!$F$2:$F$1089,I$3) | ... K4: =COUNTIFS(Objects!$AC$2:$AC$1089,$A4,Objects!$F$2:$F$1089,K$3) | L4: 0 | M4: =SUM(B4:L4) | N4: =IFERROR(B4/M4,0)
A5: shear_wall | B5: =COUNTIFS(Objects!$AC$2:$AC$1089,$A5,Objects!$F$2:$F$1089,B$3) | C5: =COUNTIFS(Objects!$AC$2:$AC$1089,$A5,Objects!$F$2:$F$1089,C$3) | D5: =COUNTIFS(Objects!$AC$2:$AC$1089,$A5,Objects!$F$2:$F$1089,D$3) | E5: =COUNTIFS(Objects!$AC$2:$AC$1089,$A5,Objects!$F$2:$F$1089,E$3) | F5: =COUNTIFS(Objects!$AC$2:$AC$1089,$A5,Objects!$F$2:$F$1089,F$3) | G5: =COUNTIFS(Objects!$AC$2:$AC$1089,$A5,Objects!$F$2:$F$1089,G$3) | H5: =COUNTIFS(Objects!$AC$2:$AC$1089,$A5,Objects!$F$2:$F$1089,H$3) | I5: =COUNTIFS(Objects!$AC$2:$AC$1089,$A5,Objects!$F$2:$F$1089,I$3) | ... K5: =COUNTIFS(Objects!$AC$2:$AC$1089,$A5,Objects!$F$2:$F$1089,K$3) | L5: 0 | M5: =SUM(B5:L5) | N5: =IFERROR(C5/M5,0)
A6: retaining_wall | B6: =COUNTIFS(Objects!$AC$2:$AC$1089,$A6,Objects!$F$2:$F$1089,B$3) | C6: =COUNTIFS(Objects!$AC$2:$AC$1089,$A6,Objects!$F$2:$F$1089,C$3) | D6: =COUNTIFS(Objects!$AC$2:$AC$1089,$A6,Objects!$F$2:$F$1089,D$3) | E6: =COUNTIFS(Objects!$AC$2:$AC$1089,$A6,Objects!$F$2:$F$1089,E$3) | F6: =COUNTIFS(Objects!$AC$2:$AC$1089,$A6,Objects!$F$2:$F$1089,F$3) | G6: =COUNTIFS(Objects!$AC$2:$AC$1089,$A6,Objects!$F$2:$F$1089,G$3) | H6: =COUNTIFS(Objects!$AC$2:$AC$1089,$A6,Objects!$F$2:$F$1089,H$3) | I6: =COUNTIFS(Objects!$AC$2:$AC$1089,$A6,Objects!$F$2:$F$1089,I$3) | ... K6: =COUNTIFS(Objects!$AC$2:$AC$1089,$A6,Objects!$F$2:$F$1089,K$3) | L6: 0 | M6: =SUM(B6:L6) | N6: =IFERROR(D6/M6,0)
A7: isolated_footing | B7: =COUNTIFS(Objects!$AC$2:$AC$1089,$A7,Objects!$F$2:$F$1089,B$3) | C7: =COUNTIFS(Objects!$AC$2:$AC$1089,$A7,Objects!$F$2:$F$1089,C$3) | D7: =COUNTIFS(Objects!$AC$2:$AC$1089,$A7,Objects!$F$2:$F$1089,D$3) | E7: =COUNTIFS(Objects!$AC$2:$AC$1089,$A7,Objects!$F$2:$F$1089,E$3) | F7: =COUNTIFS(Objects!$AC$2:$AC$1089,$A7,Objects!$F$2:$F$1089,F$3) | G7: =COUNTIFS(Objects!$AC$2:$AC$1089,$A7,Objects!$F$2:$F$1089,G$3) | H7: =COUNTIFS(Objects!$AC$2:$AC$1089,$A7,Objects!$F$2:$F$1089,H$3) | I7: =COUNTIFS(Objects!$AC$2:$AC$1089,$A7,Objects!$F$2:$F$1089,I$3) | ... K7: =COUNTIFS(Objects!$AC$2:$AC$1089,$A7,Objects!$F$2:$F$1089,K$3) | L7: 0 | M7: =SUM(B7:L7) | N7: =IFERROR(E7/M7,0)
A8: combined_footing | B8: =COUNTIFS(Objects!$AC$2:$AC$1089,$A8,Objects!$F$2:$F$1089,B$3) | C8: =COUNTIFS(Objects!$AC$2:$AC$1089,$A8,Objects!$F$2:$F$1089,C$3) | D8: =COUNTIFS(Objects!$AC$2:$AC$1089,$A8,Objects!$F$2:$F$1089,D$3) | E8: =COUNTIFS(Objects!$AC$2:$AC$1089,$A8,Objects!$F$2:$F$1089,E$3) | F8: =COUNTIFS(Objects!$AC$2:$AC$1089,$A8,Objects!$F$2:$F$1089,F$3) | G8: =COUNTIFS(Objects!$AC$2:$AC$1089,$A8,Objects!$F$2:$F$1089,G$3) | H8: =COUNTIFS(Objects!$AC$2:$AC$1089,$A8,Objects!$F$2:$F$1089,H$3) | I8: =COUNTIFS(Objects!$AC$2:$AC$1089,$A8,Objects!$F$2:$F$1089,I$3) | ... K8: =COUNTIFS(Objects!$AC$2:$AC$1089,$A8,Objects!$F$2:$F$1089,K$3) | L8: 0 | M8: =SUM(B8:L8) | N8: =IFERROR(F8/M8,0)
A9: crane_footing | B9: =COUNTIFS(Objects!$AC$2:$AC$1089,$A9,Objects!$F$2:$F$1089,B$3) | C9: =COUNTIFS(Objects!$AC$2:$AC$1089,$A9,Objects!$F$2:$F$1089,C$3) | D9: =COUNTIFS(Objects!$AC$2:$AC$1089,$A9,Objects!$F$2:$F$1089,D$3) | E9: =COUNTIFS(Objects!$AC$2:$AC$1089,$A9,Objects!$F$2:$F$1089,E$3) | F9: =COUNTIFS(Objects!$AC$2:$AC$1089,$A9,Objects!$F$2:$F$1089,F$3) | G9: =COUNTIFS(Objects!$AC$2:$AC$1089,$A9,Objects!$F$2:$F$1089,G$3) | H9: =COUNTIFS(Objects!$AC$2:$AC$1089,$A9,Objects!$F$2:$F$1089,H$3) | I9: =COUNTIFS(Objects!$AC$2:$AC$1089,$A9,Objects!$F$2:$F$1089,I$3) | ... K9: =COUNTIFS(Objects!$AC$2:$AC$1089,$A9,Objects!$F$2:$F$1089,K$3) | L9: 0 | M9: =SUM(B9:L9) | N9: =IFERROR(E9/M9,0)
A10: mass_concrete_pad | B10: =COUNTIFS(Objects!$AC$2:$AC$1089,$A10,Objects!$F$2:$F$1089,B$3) | C10: =COUNTIFS(Objects!$AC$2:$AC$1089,$A10,Objects!$F$2:$F$1089,C$3) | D10: =COUNTIFS(Objects!$AC$2:$AC$1089,$A10,Objects!$F$2:$F$1089,D$3) | E10: =COUNTIFS(Objects!$AC$2:$AC$1089,$A10,Objects!$F$2:$F$1089,E$3) | F10: =COUNTIFS(Objects!$AC$2:$AC$1089,$A10,Objects!$F$2:$F$1089,F$3) | G10: =COUNTIFS(Objects!$AC$2:$AC$1089,$A10,Objects!$F$2:$F$1089,G$3) | H10: =COUNTIFS(Objects!$AC$2:$AC$1089,$A10,Objects!$F$2:$F$1089,H$3) | I10: =COUNTIFS(Objects!$AC$2:$AC$1089,$A10,Objects!$F$2:$F$1089,I$3) | ... K10: =COUNTIFS(Objects!$AC$2:$AC$1089,$A10,Objects!$F$2:$F$1089,K$3) | L10: 0 | M10: =SUM(B10:L10)
A12: Crane footings count as isolated footings. Concrete pads carry no label, so no class can be expected for them. 'Not found' = no object overlapping the verified shape by 80%.
A14: Band widths found in the drawing
A15: Width (m) | B15: Paired line length (m) | C15: Share filled | D15: Cluster class
A16: 0.11 | B16: 213.7 | C16: 0 | D16: unnamed
A17: 0.2 | B17: 163.8 | C17: 0 | D17: unnamed
A18: 0.26 | B18: 74.4 | C18: 0.08 | D18: grade_beam
A19: 0.31 | B19: 452 | C19: 0 | D19: unnamed
A20: 0.41 | B20: 1752.5 | C20: 0.07 | D20: grade_beam
A21: 0.49 | B21: 136.6 | C21: 0.02 | D21: unnamed
A22: 0.8 | B22: 594.1 | C22: 0.23 | D22: strip_footing
A23: 0.84 | B23: 396.7 | C23: 0 | D23: unnamed
A24: 0.94 | B24: 205.8 | C24: 0.01 | D24: unnamed
A25: 0.99 | B25: 368.6 | C25: 0 | D25: unnamed
A26: 1.21 | B26: 86.4 | C26: 0.06 | D26: unnamed
A27: 1.34 | B27: 92.6 | C27: 0.01 | D27: unnamed
... A29: 1.45 | B29: 361.9 | C29: 0 | D29: unnamed
