Workbook

Sheet README
A1: Geometry-first classification
A3: How each element got its class
A4: 1. Objects were found from geometry only: solid fills (pieces grouped by the order they are drawn in), cross-hatched regions, closed outlines, bands (pairs of parallel lines; the widths come from the drawing itself) and circle stamps with corner rays. No colour, no layer, no text.
A5: 2. Objects of the same drawing kind were clustered on geometric features only: length, width, the ratio of the two (log), the EN 1992-1-1 5.3.1(7) section test (long side <= 4 x short side = column-shaped), whether it touches another solid, lies inside a closed outline, stands in a strip band or on a raft, and the pen of the outline drawn around it (none / thin / thick, relative to the thickest on the sheet). For outlines: length, width, how many solids and stipple dots are inside, how many beams touch it. 'Similar' means close in these features after scaling, not the same dimensions. Deliberately more clusters than classes.
A6: 3. Every label was matched to one object by distance and text alignment, in one global assignment that ignores what the label says; a label may stay unmatched.
A7: 4. A cluster takes the class that most of its matched labels name (>= 5 votes for it, at least 1.5 x the runner-up, with labels on >= 10% of its members, or a small clear vote of 2 or more with labels on 30% of its members). A cluster without enough labels takes the name of the most similar named cluster of the same drawing kind (feature distance <= 1.6), else stays unnamed. Unlabelled members inherit their cluster's class - that is how unlabelled walls became walls.
A8: 5. Labels were matched again, now only to objects of the class they name (or unnamed ones, at a cost), penalising an object whose size differs from the size its type has where a label sits right on its element, or that lies between expansion joints of another building. That gives the type keys (P1/124, V3/120, S7...).
A9: 6. An unlabelled member of a class takes the type of its class (and building, where sizes vary per building) that has its size: '~P1/124' when one type fits, '~V2/123|V4/123' when several share the size (nearest first). When none fits, the type source says so: for a 'column' that is a sign it is not a column.
A10: 7. Buildings: the footprint is cut along the expansion joints (pairs of long lines a few cm apart); a region whose labels agree is one building. Elsewhere the nearest building-numbered labels within the region decide.
A11: 8. A printed label whose element's size differs from the size its type has on at least two other elements is re-typed from the types of the building region the element stands in (then its label's building), else '?'. Two elements of a type that disagree are both flagged 'conflict'.
A12: 9. Unlabelled walls (solid or hatched): along the building edge (close and parallel to the footprint's boundary) or standing on a strip footing they are retaining walls; inside the building, when no V type has their size, core walls. A column-cluster member without a label stays a column unless it is drawn unlike the labelled columns (an outline pen none of them has) or continues a wall of the same thickness; then it is a wall piece.
A14: A label type only votes for its home drawing kind - the one it lands on most in the neutral pass (learned from the drawing: P and V labels land on solids, LG and SF labels on bands, S labels on outlines).
... A28: Scale 1/200.0, from 222 dimension texts (median error 0.24 cm). Formulas recalculate on opening; they were checked with the Python 'formulas' engine.

Sheet Summary by building
A1: Building | B1: Class | C1: Type key | D1: Count | E1: Length min (cm) | F1: Length max (cm) | G1: Width min (cm) | H1: Width max (cm) | I1: Same section? | J1: Total length (m) | K1: Of which typed by inference
A2: 120 | B2: column | C2: P1/120 | D2: =COUNTIFS(Objects!$B$2:$B$947,$A2,Objects!$F$2:$F$947,$B2,Objects!$I$2:$I$947,$C2) | E2: =_xlfn.MINIFS(Objects!$L$2:$L$947,Objects!$B$2:$B$947,$A2,Objects!$F$2:$F$947,$B2,Objects!$I$2:$I$947,$C2) | F2: =_xlfn.MAXIFS(Objects!$L$2:$L$947,Objects!$B$2:$B$947,$A2,Objects!$F$2:$F$947,$B2,Objects!$I$2:$I$947,$C2) | G2: =_xlfn.MINIFS(Objects!$M$2:$M$947,Objects!$B$2:$B$947,$A2,Objects!$F$2:$F$947,$B2,Objects!$I$2:$I$947,$C2) | H2: =_xlfn.MAXIFS(Objects!$M$2:$M$947,Objects!$B$2:$B$947,$A2,Objects!$F$2:$F$947,$B2,Objects!$I$2:$I$947,$C2) | I2: =IF(OR(C2="(none)",B2="raft",B2="sump_pit"),"n/a",IF(OR(B2="column",B2="shear_wall",B2="isolated_footing",B2="combined_footing"),IF(AND(F2-E2<=3,H2-G2<=3),"yes","no"),IF(H2-G2<=3,"yes (thickness)","no (thickness)"))) | J2: =SUMIFS(Objects!$L$2:$L$947,Objects!$B$2:$B$947,$A2,Objects!$F$2:$F$947,$B2,Objects!$I$2:$I$947,$C2)/100 | K2: =COUNTIFS(Objects!$B$2:$B$947,$A2,Objects!$F$2:$F$947,$B2,Objects!$I$2:$I$947,$C2,Objects!$J$2:$J$947,"inferred*")
A3: 120 | B3: shear_wall | C3: V1/120 | D3: =COUNTIFS(Objects!$B$2:$B$947,$A3,Objects!$F$2:$F$947,$B3,Objects!$I$2:$I$947,$C3) | E3: =_xlfn.MINIFS(Objects!$L$2:$L$947,Objects!$B$2:$B$947,$A3,Objects!$F$2:$F$947,$B3,Objects!$I$2:$I$947,$C3) | F3: =_xlfn.MAXIFS(Objects!$L$2:$L$947,Objects!$B$2:$B$947,$A3,Objects!$F$2:$F$947,$B3,Objects!$I$2:$I$947,$C3) | G3: =_xlfn.MINIFS(Objects!$M$2:$M$947,Objects!$B$2:$B$947,$A3,Objects!$F$2:$F$947,$B3,Objects!$I$2:$I$947,$C3) | H3: =_xlfn.MAXIFS(Objects!$M$2:$M$947,Objects!$B$2:$B$947,$A3,Objects!$F$2:$F$947,$B3,Objects!$I$2:$I$947,$C3) | I3: =IF(OR(C3="(none)",B3="raft",B3="sump_pit"),"n/a",IF(OR(B3="column",B3="shear_wall",B3="isolated_footing",B3="combined_footing"),IF(AND(F3-E3<=3,H3-G3<=3),"yes","no"),IF(H3-G3<=3,"yes (thickness)","no (thickness)"))) | J3: =SUMIFS(Objects!$L$2:$L$947,Objects!$B$2:$B$947,$A3,Objects!$F$2:$F$947,$B3,Objects!$I$2:$I$947,$C3)/100 | K3: =COUNTIFS(Objects!$B$2:$B$947,$A3,Objects!$F$2:$F$947,$B3,Objects!$I$2:$I$947,$C3,Objects!$J$2:$J$947,"inferred*")
A4: 120 | B4: shear_wall | C4: V2/120 | D4: =COUNTIFS(Objects!$B$2:$B$947,$A4,Objects!$F$2:$F$947,$B4,Objects!$I$2:$I$947,$C4) | E4: =_xlfn.MINIFS(Objects!$L$2:$L$947,Objects!$B$2:$B$947,$A4,Objects!$F$2:$F$947,$B4,Objects!$I$2:$I$947,$C4) | F4: =_xlfn.MAXIFS(Objects!$L$2:$L$947,Objects!$B$2:$B$947,$A4,Objects!$F$2:$F$947,$B4,Objects!$I$2:$I$947,$C4) | G4: =_xlfn.MINIFS(Objects!$M$2:$M$947,Objects!$B$2:$B$947,$A4,Objects!$F$2:$F$947,$B4,Objects!$I$2:$I$947,$C4) | H4: =_xlfn.MAXIFS(Objects!$M$2:$M$947,Objects!$B$2:$B$947,$A4,Objects!$F$2:$F$947,$B4,Objects!$I$2:$I$947,$C4) | I4: =IF(OR(C4="(none)",B4="raft",B4="sump_pit"),"n/a",IF(OR(B4="column",B4="shear_wall",B4="isolated_footing",B4="combined_footing"),IF(AND(F4-E4<=3,H4-G4<=3),"yes","no"),IF(H4-G4<=3,"yes (thickness)","no (thickness)"))) | J4: =SUMIFS(Objects!$L$2:$L$947,Objects!$B$2:$B$947,$A4,Objects!$F$2:$F$947,$B4,Objects!$I$2:$I$947,$C4)/100 | K4: =COUNTIFS(Objects!$B$2:$B$947,$A4,Objects!$F$2:$F$947,$B4,Objects!$I$2:$I$947,$C4,Objects!$J$2:$J$947,"inferred*")
A5: 120 | B5: shear_wall | C5: V3/120 | D5: =COUNTIFS(Objects!$B$2:$B$947,$A5,Objects!$F$2:$F$947,$B5,Objects!$I$2:$I$947,$C5) | E5: =_xlfn.MINIFS(Objects!$L$2:$L$947,Objects!$B$2:$B$947,$A5,Objects!$F$2:$F$947,$B5,Objects!$I$2:$I$947,$C5) | F5: =_xlfn.MAXIFS(Objects!$L$2:$L$947,Objects!$B$2:$B$947,$A5,Objects!$F$2:$F$947,$B5,Objects!$I$2:$I$947,$C5) | G5: =_xlfn.MINIFS(Objects!$M$2:$M$947,Objects!$B$2:$B$947,$A5,Objects!$F$2:$F$947,$B5,Objects!$I$2:$I$947,$C5) | H5: =_xlfn.MAXIFS(Objects!$M$2:$M$947,Objects!$B$2:$B$947,$A5,Objects!$F$2:$F$947,$B5,Objects!$I$2:$I$947,$C5) | I5: =IF(OR(C5="(none)",B5="raft",B5="sump_pit"),"n/a",IF(OR(B5="column",B5="shear_wall",B5="isolated_footing",B5="combined_footing"),IF(AND(F5-E5<=3,H5-G5<=3),"yes","no"),IF(H5-G5<=3,"yes (thickness)","no (thickness)"))) | J5: =SUMIFS(Objects!$L$2:$L$947,Objects!$B$2:$B$947,$A5,Objects!$F$2:$F$947,$B5,Objects!$I$2:$I$947,$C5)/100 | K5: =COUNTIFS(Objects!$B$2:$B$947,$A5,Objects!$F$2:$F$947,$B5,Objects!$I$2:$I$947,$C5,Objects!$J$2:$J$947,"inferred*")
A6: 120 | B6: shear_wall | C6: V4/120 | D6: =COUNTIFS(Objects!$B$2:$B$947,$A6,Objects!$F$2:$F$947,$B6,Objects!$I$2:$I$947,$C6) | E6: =_xlfn.MINIFS(Objects!$L$2:$L$947,Objects!$B$2:$B$947,$A6,Objects!$F$2:$F$947,$B6,Objects!$I$2:$I$947,$C6) | F6: =_xlfn.MAXIFS(Objects!$L$2:$L$947,Objects!$B$2:$B$947,$A6,Objects!$F$2:$F$947,$B6,Objects!$I$2:$I$947,$C6) | G6: =_xlfn.MINIFS(Objects!$M$2:$M$947,Objects!$B$2:$B$947,$A6,Objects!$F$2:$F$947,$B6,Objects!$I$2:$I$947,$C6) | H6: =_xlfn.MAXIFS(Objects!$M$2:$M$947,Objects!$B$2:$B$947,$A6,Objects!$F$2:$F$947,$B6,Objects!$I$2:$I$947,$C6) | I6: =IF(OR(C6="(none)",B6="raft",B6="sump_pit"),"n/a",IF(OR(B6="column",B6="shear_wall",B6="isolated_footing",B6="combined_footing"),IF(AND(F6-E6<=3,H6-G6<=3),"yes","no"),IF(H6-G6<=3,"yes (thickness)","no (thickness)"))) | J6: =SUMIFS(Objects!$L$2:$L$947,Objects!$B$2:$B$947,$A6,Objects!$F$2:$F$947,$B6,Objects!$I$2:$I$947,$C6)/100 | K6: =COUNTIFS(Objects!$B$2:$B$947,$A6,Objects!$F$2:$F$947,$B6,Objects!$I$2:$I$947,$C6,Objects!$J$2:$J$947,"inferred*")
A7: 120 | B7: shear_wall | C7: V5/120 | D7: =COUNTIFS(Objects!$B$2:$B$947,$A7,Objects!$F$2:$F$947,$B7,Objects!$I$2:$I$947,$C7) | E7: =_xlfn.MINIFS(Objects!$L$2:$L$947,Objects!$B$2:$B$947,$A7,Objects!$F$2:$F$947,$B7,Objects!$I$2:$I$947,$C7) | F7: =_xlfn.MAXIFS(Objects!$L$2:$L$947,Objects!$B$2:$B$947,$A7,Objects!$F$2:$F$947,$B7,Objects!$I$2:$I$947,$C7) | G7: =_xlfn.MINIFS(Objects!$M$2:$M$947,Objects!$B$2:$B$947,$A7,Objects!$F$2:$F$947,$B7,Objects!$I$2:$I$947,$C7) | H7: =_xlfn.MAXIFS(Objects!$M$2:$M$947,Objects!$B$2:$B$947,$A7,Objects!$F$2:$F$947,$B7,Objects!$I$2:$I$947,$C7) | I7: =IF(OR(C7="(none)",B7="raft",B7="sump_pit"),"n/a",IF(OR(B7="column",B7="shear_wall",B7="isolated_footing",B7="combined_footing"),IF(AND(F7-E7<=3,H7-G7<=3),"yes","no"),IF(H7-G7<=3,"yes (thickness)","no (thickness)"))) | J7: =SUMIFS(Objects!$L$2:$L$947,Objects!$B$2:$B$947,$A7,Objects!$F$2:$F$947,$B7,Objects!$I$2:$I$947,$C7)/100 | K7: =COUNTIFS(Objects!$B$2:$B$947,$A7,Objects!$F$2:$F$947,$B7,Objects!$I$2:$I$947,$C7,Objects!$J$2:$J$947,"inferred*")
A8: 120 | B8: shear_wall | C8: V8/120 | D8: =COUNTIFS(Objects!$B$2:$B$947,$A8,Objects!$F$2:$F$947,$B8,Objects!$I$2:$I$947,$C8) | E8: =_xlfn.MINIFS(Objects!$L$2:$L$947,Objects!$B$2:$B$947,$A8,Objects!$F$2:$F$947,$B8,Objects!$I$2:$I$947,$C8) | F8: =_xlfn.MAXIFS(Objects!$L$2:$L$947,Objects!$B$2:$B$947,$A8,Objects!$F$2:$F$947,$B8,Objects!$I$2:$I$947,$C8) | G8: =_xlfn.MINIFS(Objects!$M$2:$M$947,Objects!$B$2:$B$947,$A8,Objects!$F$2:$F$947,$B8,Objects!$I$2:$I$947,$C8) | H8: =_xlfn.MAXIFS(Objects!$M$2:$M$947,Objects!$B$2:$B$947,$A8,Objects!$F$2:$F$947,$B8,Objects!$I$2:$I$947,$C8) | I8: =IF(OR(C8="(none)",B8="raft",B8="sump_pit"),"n/a",IF(OR(B8="column",B8="shear_wall",B8="isolated_footing",B8="combined_footing"),IF(AND(F8-E8<=3,H8-G8<=3),"yes","no"),IF(H8-G8<=3,"yes (thickness)","no (thickness)"))) | J8: =SUMIFS(Objects!$L$2:$L$947,Objects!$B$2:$B$947,$A8,Objects!$F$2:$F$947,$B8,Objects!$I$2:$I$947,$C8)/100 | K8: =COUNTIFS(Objects!$B$2:$B$947,$A8,Objects!$F$2:$F$947,$B8,Objects!$I$2:$I$947,$C8,Objects!$J$2:$J$947,"inferred*")
A9: 120 | B9: shear_wall | C9: V9/120 | D9: =COUNTIFS(Objects!$B$2:$B$947,$A9,Objects!$F$2:$F$947,$B9,Objects!$I$2:$I$947,$C9) | E9: =_xlfn.MINIFS(Objects!$L$2:$L$947,Objects!$B$2:$B$947,$A9,Objects!$F$2:$F$947,$B9,Objects!$I$2:$I$947,$C9) | F9: =_xlfn.MAXIFS(Objects!$L$2:$L$947,Objects!$B$2:$B$947,$A9,Objects!$F$2:$F$947,$B9,Objects!$I$2:$I$947,$C9) | G9: =_xlfn.MINIFS(Objects!$M$2:$M$947,Objects!$B$2:$B$947,$A9,Objects!$F$2:$F$947,$B9,Objects!$I$2:$I$947,$C9) | H9: =_xlfn.MAXIFS(Objects!$M$2:$M$947,Objects!$B$2:$B$947,$A9,Objects!$F$2:$F$947,$B9,Objects!$I$2:$I$947,$C9) | I9: =IF(OR(C9="(none)",B9="raft",B9="sump_pit"),"n/a",IF(OR(B9="column",B9="shear_wall",B9="isolated_footing",B9="combined_footing"),IF(AND(F9-E9<=3,H9-G9<=3),"yes","no"),IF(H9-G9<=3,"yes (thickness)","no (thickness)"))) | J9: =SUMIFS(Objects!$L$2:$L$947,Objects!$B$2:$B$947,$A9,Objects!$F$2:$F$947,$B9,Objects!$I$2:$I$947,$C9)/100 | K9: =COUNTIFS(Objects!$B$2:$B$947,$A9,Objects!$F$2:$F$947,$B9,Objects!$I$2:$I$947,$C9,Objects!$J$2:$J$947,"inferred*")
A10: 120 | B10: core_wall | C10: (none) | D10: =COUNTIFS(Objects!$B$2:$B$947,$A10,Objects!$F$2:$F$947,$B10,Objects!$I$2:$I$947,$C10) | E10: =_xlfn.MINIFS(Objects!$L$2:$L$947,Objects!$B$2:$B$947,$A10,Objects!$F$2:$F$947,$B10,Objects!$I$2:$I$947,$C10) | F10: =_xlfn.MAXIFS(Objects!$L$2:$L$947,Objects!$B$2:$B$947,$A10,Objects!$F$2:$F$947,$B10,Objects!$I$2:$I$947,$C10) | G10: =_xlfn.MINIFS(Objects!$M$2:$M$947,Objects!$B$2:$B$947,$A10,Objects!$F$2:$F$947,$B10,Objects!$I$2:$I$947,$C10) | H10: =_xlfn.MAXIFS(Objects!$M$2:$M$947,Objects!$B$2:$B$947,$A10,Objects!$F$2:$F$947,$B10,Objects!$I$2:$I$947,$C10) | I10: =IF(OR(C10="(none)",B10="raft",B10="sump_pit"),"n/a",IF(OR(B10="column",B10="shear_wall",B10="isolated_footing",B10="combined_footing"),IF(AND(F10-E10<=3,H10-G10<=3),"yes","no"),IF(H10-G10<=3,"yes (thickness)","no (thickness)"))) | J10: =SUMIFS(Objects!$L$2:$L$947,Objects!$B$2:$B$947,$A10,Objects!$F$2:$F$947,$B10,Objects!$I$2:$I$947,$C10)/100 | K10: =COUNTIFS(Objects!$B$2:$B$947,$A10,Objects!$F$2:$F$947,$B10,Objects!$I$2:$I$947,$C10,Objects!$J$2:$J$947,"inferred*")
A11: 120 | B11: retaining_wall | C11: VP20 | D11: =COUNTIFS(Objects!$B$2:$B$947,$A11,Objects!$F$2:$F$947,$B11,Objects!$I$2:$I$947,$C11) | E11: =_xlfn.MINIFS(Objects!$L$2:$L$947,Objects!$B$2:$B$947,$A11,Objects!$F$2:$F$947,$B11,Objects!$I$2:$I$947,$C11) | F11: =_xlfn.MAXIFS(Objects!$L$2:$L$947,Objects!$B$2:$B$947,$A11,Objects!$F$2:$F$947,$B11,Objects!$I$2:$I$947,$C11) | G11: =_xlfn.MINIFS(Objects!$M$2:$M$947,Objects!$B$2:$B$947,$A11,Objects!$F$2:$F$947,$B11,Objects!$I$2:$I$947,$C11) | H11: =_xlfn.MAXIFS(Objects!$M$2:$M$947,Objects!$B$2:$B$947,$A11,Objects!$F$2:$F$947,$B11,Objects!$I$2:$I$947,$C11) | I11: =IF(OR(C11="(none)",B11="raft",B11="sump_pit"),"n/a",IF(OR(B11="column",B11="shear_wall",B11="isolated_footing",B11="combined_footing"),IF(AND(F11-E11<=3,H11-G11<=3),"yes","no"),IF(H11-G11<=3,"yes (thickness)","no (thickness)"))) | J11: =SUMIFS(Objects!$L$2:$L$947,Objects!$B$2:$B$947,$A11,Objects!$F$2:$F$947,$B11,Objects!$I$2:$I$947,$C11)/100 | K11: =COUNTIFS(Objects!$B$2:$B$947,$A11,Objects!$F$2:$F$947,$B11,Objects!$I$2:$I$947,$C11,Objects!$J$2:$J$947,"inferred*")
A12: 120 | B12: retaining_wall | C12: VP25 | D12: =COUNTIFS(Objects!$B$2:$B$947,$A12,Objects!$F$2:$F$947,$B12,Objects!$I$2:$I$947,$C12) | E12: =_xlfn.MINIFS(Objects!$L$2:$L$947,Objects!$B$2:$B$947,$A12,Objects!$F$2:$F$947,$B12,Objects!$I$2:$I$947,$C12) | F12: =_xlfn.MAXIFS(Objects!$L$2:$L$947,Objects!$B$2:$B$947,$A12,Objects!$F$2:$F$947,$B12,Objects!$I$2:$I$947,$C12) | G12: =_xlfn.MINIFS(Objects!$M$2:$M$947,Objects!$B$2:$B$947,$A12,Objects!$F$2:$F$947,$B12,Objects!$I$2:$I$947,$C12) | H12: =_xlfn.MAXIFS(Objects!$M$2:$M$947,Objects!$B$2:$B$947,$A12,Objects!$F$2:$F$947,$B12,Objects!$I$2:$I$947,$C12) | I12: =IF(OR(C12="(none)",B12="raft",B12="sump_pit"),"n/a",IF(OR(B12="column",B12="shear_wall",B12="isolated_footing",B12="combined_footing"),IF(AND(F12-E12<=3,H12-G12<=3),"yes","no"),IF(H12-G12<=3,"yes (thickness)","no (thickness)"))) | J12: =SUMIFS(Objects!$L$2:$L$947,Objects!$B$2:$B$947,$A12,Objects!$F$2:$F$947,$B12,Objects!$I$2:$I$947,$C12)/100 | K12: =COUNTIFS(Objects!$B$2:$B$947,$A12,Objects!$F$2:$F$947,$B12,Objects!$I$2:$I$947,$C12,Objects!$J$2:$J$947,"inferred*")
A13: 120 | B13: isolated_footing | C13: S1 | D13: =COUNTIFS(Objects!$B$2:$B$947,$A13,Objects!$F$2:$F$947,$B13,Objects!$I$2:$I$947,$C13) | E13: =_xlfn.MINIFS(Objects!$L$2:$L$947,Objects!$B$2:$B$947,$A13,Objects!$F$2:$F$947,$B13,Objects!$I$2:$I$947,$C13) | F13: =_xlfn.MAXIFS(Objects!$L$2:$L$947,Objects!$B$2:$B$947,$A13,Objects!$F$2:$F$947,$B13,Objects!$I$2:$I$947,$C13) | G13: =_xlfn.MINIFS(Objects!$M$2:$M$947,Objects!$B$2:$B$947,$A13,Objects!$F$2:$F$947,$B13,Objects!$I$2:$I$947,$C13) | H13: =_xlfn.MAXIFS(Objects!$M$2:$M$947,Objects!$B$2:$B$947,$A13,Objects!$F$2:$F$947,$B13,Objects!$I$2:$I$947,$C13) | I13: =IF(OR(C13="(none)",B13="raft",B13="sump_pit"),"n/a",IF(OR(B13="column",B13="shear_wall",B13="isolated_footing",B13="combined_footing"),IF(AND(F13-E13<=3,H13-G13<=3),"yes","no"),IF(H13-G13<=3,"yes (thickness)","no (thickness)"))) | J13: =SUMIFS(Objects!$L$2:$L$947,Objects!$B$2:$B$947,$A13,Objects!$F$2:$F$947,$B13,Objects!$I$2:$I$947,$C13)/100 | K13: =COUNTIFS(Objects!$B$2:$B$947,$A13,Objects!$F$2:$F$947,$B13,Objects!$I$2:$I$947,$C13,Objects!$J$2:$J$947,"inferred*")
... A235: 130 | B235: sump_pit | C235: Fosse | D235: =COUNTIFS(Objects!$B$2:$B$947,$A235,Objects!$F$2:$F$947,$B235,Objects!$I$2:$I$947,$C235) | E235: =_xlfn.MINIFS(Objects!$L$2:$L$947,Objects!$B$2:$B$947,$A235,Objects!$F$2:$F$947,$B235,Objects!$I$2:$I$947,$C235) | F235: =_xlfn.MAXIFS(Objects!$L$2:$L$947,Objects!$B$2:$B$947,$A235,Objects!$F$2:$F$947,$B235,Objects!$I$2:$I$947,$C235) | G235: =_xlfn.MINIFS(Objects!$M$2:$M$947,Objects!$B$2:$B$947,$A235,Objects!$F$2:$F$947,$B235,Objects!$I$2:$I$947,$C235) | H235: =_xlfn.MAXIFS(Objects!$M$2:$M$947,Objects!$B$2:$B$947,$A235,Objects!$F$2:$F$947,$B235,Objects!$I$2:$I$947,$C235) | I235: =IF(OR(C235="(none)",B235="raft",B235="sump_pit"),"n/a",IF(OR(B235="column",B235="shear_wall",B235="isolated_footing",B235="combined_footing"),IF(AND(F235-E235<=3,H235-G235<=3),"yes","no"),IF(H235-G235<=3,"yes (thickness)","no (thickness)"))) | J235: =SUMIFS(Objects!$L$2:$L$947,Objects!$B$2:$B$947,$A235,Objects!$F$2:$F$947,$B235,Objects!$I$2:$I$947,$C235)/100 | K235: =COUNTIFS(Objects!$B$2:$B$947,$A235,Objects!$F$2:$F$947,$B235,Objects!$I$2:$I$947,$C235,Objects!$J$2:$J$947,"inferred*")
A237: All | D237: =SUM(D2:D235)
A238: Unnamed clusters are not listed here (see 'Clusters'). 'Same section?' allows 3 cm; columns, shear walls and footings compare length and width, walls and bands of varying length compare thickness only.

Sheet Clusters
A1: Cluster | B1: Drawing kind | C1: Members | D1: Length min (cm) | E1: Length max (cm) | F1: Width min (cm) | G1: Width max (cm) | H1: Touch solids | I1: Inside an outline | J1: In a strip band | K1: On a stamped region | L1: Votes: column | M1: Votes: footing:S | N1: Votes: footing:SC | O1: Votes: grade_beam | P1: Votes: pit | Q1: Votes: raft | R1: Votes: retaining_wall+strip_footing | S1: Votes: strip_footing | T1: Votes: wall | U1: Votes total | V1: Top share | W1: Class | X1: Named by | Y1: Silhouette
A2: 0 | B2: band 0.10 m | C2: =COUNTIFS(Objects!$E$2:$E$947,$A2) | D2: =_xlfn.MINIFS(Objects!$L$2:$L$947,Objects!$E$2:$E$947,$A2) | E2: =_xlfn.MAXIFS(Objects!$L$2:$L$947,Objects!$E$2:$E$947,$A2) | F2: =_xlfn.MINIFS(Objects!$M$2:$M$947,Objects!$E$2:$E$947,$A2) | G2: =_xlfn.MAXIFS(Objects!$M$2:$M$947,Objects!$E$2:$E$947,$A2) | H2: =IFERROR(COUNTIFS(Objects!$E$2:$E$947,$A2,Objects!$Q$2:$Q$947,">0")/$C2,0) | I2: =IFERROR(COUNTIFS(Objects!$E$2:$E$947,$A2,Objects!$R$2:$R$947,1)/$C2,0) | J2: =IFERROR(COUNTIFS(Objects!$E$2:$E$947,$A2,Objects!$S$2:$S$947,1)/$C2,0) | K2: =IFERROR(COUNTIFS(Objects!$E$2:$E$947,$A2,Objects!$T$2:$T$947,1)/$C2,0) | L2: 0 | M2: 0 | N2: 0 | O2: 0 | P2: 0 | Q2: 0 | R2: 0 | S2: 0 | T2: 0 | U2: =SUM(L2:T2) | V2: =IFERROR(MAX(L2:T2)/U2,0) | W2: unidentified | X2: no label votes
A3: 1 | B3: band 0.25 m | C3: =COUNTIFS(Objects!$E$2:$E$947,$A3) | D3: =_xlfn.MINIFS(Objects!$L$2:$L$947,Objects!$E$2:$E$947,$A3) | E3: =_xlfn.MAXIFS(Objects!$L$2:$L$947,Objects!$E$2:$E$947,$A3) | F3: =_xlfn.MINIFS(Objects!$M$2:$M$947,Objects!$E$2:$E$947,$A3) | G3: =_xlfn.MAXIFS(Objects!$M$2:$M$947,Objects!$E$2:$E$947,$A3) | H3: =IFERROR(COUNTIFS(Objects!$E$2:$E$947,$A3,Objects!$Q$2:$Q$947,">0")/$C3,0) | I3: =IFERROR(COUNTIFS(Objects!$E$2:$E$947,$A3,Objects!$R$2:$R$947,1)/$C3,0) | J3: =IFERROR(COUNTIFS(Objects!$E$2:$E$947,$A3,Objects!$S$2:$S$947,1)/$C3,0) | K3: =IFERROR(COUNTIFS(Objects!$E$2:$E$947,$A3,Objects!$T$2:$T$947,1)/$C3,0) | L3: 0 | M3: 0 | N3: 0 | O3: 8 | P3: 0 | Q3: 0 | R3: 0 | S3: 0 | T3: 0 | U3: =SUM(L3:T3) | V3: =IFERROR(MAX(L3:T3)/U3,0) | W3: grade_beam | X3: label vote
A4: 2 | B4: band 0.32 m | C4: =COUNTIFS(Objects!$E$2:$E$947,$A4) | D4: =_xlfn.MINIFS(Objects!$L$2:$L$947,Objects!$E$2:$E$947,$A4) | E4: =_xlfn.MAXIFS(Objects!$L$2:$L$947,Objects!$E$2:$E$947,$A4) | F4: =_xlfn.MINIFS(Objects!$M$2:$M$947,Objects!$E$2:$E$947,$A4) | G4: =_xlfn.MAXIFS(Objects!$M$2:$M$947,Objects!$E$2:$E$947,$A4) | H4: =IFERROR(COUNTIFS(Objects!$E$2:$E$947,$A4,Objects!$Q$2:$Q$947,">0")/$C4,0) | I4: =IFERROR(COUNTIFS(Objects!$E$2:$E$947,$A4,Objects!$R$2:$R$947,1)/$C4,0) | J4: =IFERROR(COUNTIFS(Objects!$E$2:$E$947,$A4,Objects!$S$2:$S$947,1)/$C4,0) | K4: =IFERROR(COUNTIFS(Objects!$E$2:$E$947,$A4,Objects!$T$2:$T$947,1)/$C4,0) | L4: 0 | M4: 0 | N4: 0 | O4: 0 | P4: 0 | Q4: 0 | R4: 0 | S4: 0 | T4: 0 | U4: =SUM(L4:T4) | V4: =IFERROR(MAX(L4:T4)/U4,0) | W4: unidentified | X4: no label votes
A5: 3 | B5: band 0.40 m | C5: =COUNTIFS(Objects!$E$2:$E$947,$A5) | D5: =_xlfn.MINIFS(Objects!$L$2:$L$947,Objects!$E$2:$E$947,$A5) | E5: =_xlfn.MAXIFS(Objects!$L$2:$L$947,Objects!$E$2:$E$947,$A5) | F5: =_xlfn.MINIFS(Objects!$M$2:$M$947,Objects!$E$2:$E$947,$A5) | G5: =_xlfn.MAXIFS(Objects!$M$2:$M$947,Objects!$E$2:$E$947,$A5) | H5: =IFERROR(COUNTIFS(Objects!$E$2:$E$947,$A5,Objects!$Q$2:$Q$947,">0")/$C5,0) | I5: =IFERROR(COUNTIFS(Objects!$E$2:$E$947,$A5,Objects!$R$2:$R$947,1)/$C5,0) | J5: =IFERROR(COUNTIFS(Objects!$E$2:$E$947,$A5,Objects!$S$2:$S$947,1)/$C5,0) | K5: =IFERROR(COUNTIFS(Objects!$E$2:$E$947,$A5,Objects!$T$2:$T$947,1)/$C5,0) | L5: 0 | M5: 0 | N5: 0 | O5: 191 | P5: 0 | Q5: 0 | R5: 0 | S5: 0 | T5: 0 | U5: =SUM(L5:T5) | V5: =IFERROR(MAX(L5:T5)/U5,0) | W5: grade_beam | X5: label vote
A6: 4 | B6: band 0.48 m | C6: =COUNTIFS(Objects!$E$2:$E$947,$A6) | D6: =_xlfn.MINIFS(Objects!$L$2:$L$947,Objects!$E$2:$E$947,$A6) | E6: =_xlfn.MAXIFS(Objects!$L$2:$L$947,Objects!$E$2:$E$947,$A6) | F6: =_xlfn.MINIFS(Objects!$M$2:$M$947,Objects!$E$2:$E$947,$A6) | G6: =_xlfn.MAXIFS(Objects!$M$2:$M$947,Objects!$E$2:$E$947,$A6) | H6: =IFERROR(COUNTIFS(Objects!$E$2:$E$947,$A6,Objects!$Q$2:$Q$947,">0")/$C6,0) | I6: =IFERROR(COUNTIFS(Objects!$E$2:$E$947,$A6,Objects!$R$2:$R$947,1)/$C6,0) | J6: =IFERROR(COUNTIFS(Objects!$E$2:$E$947,$A6,Objects!$S$2:$S$947,1)/$C6,0) | K6: =IFERROR(COUNTIFS(Objects!$E$2:$E$947,$A6,Objects!$T$2:$T$947,1)/$C6,0) | L6: 0 | M6: 0 | N6: 0 | O6: 0 | P6: 0 | Q6: 0 | R6: 0 | S6: 0 | T6: 0 | U6: =SUM(L6:T6) | V6: =IFERROR(MAX(L6:T6)/U6,0) | W6: unidentified | X6: no label votes
A7: 5 | B7: band 0.80 m | C7: =COUNTIFS(Objects!$E$2:$E$947,$A7) | D7: =_xlfn.MINIFS(Objects!$L$2:$L$947,Objects!$E$2:$E$947,$A7) | E7: =_xlfn.MAXIFS(Objects!$L$2:$L$947,Objects!$E$2:$E$947,$A7) | F7: =_xlfn.MINIFS(Objects!$M$2:$M$947,Objects!$E$2:$E$947,$A7) | G7: =_xlfn.MAXIFS(Objects!$M$2:$M$947,Objects!$E$2:$E$947,$A7) | H7: =IFERROR(COUNTIFS(Objects!$E$2:$E$947,$A7,Objects!$Q$2:$Q$947,">0")/$C7,0) | I7: =IFERROR(COUNTIFS(Objects!$E$2:$E$947,$A7,Objects!$R$2:$R$947,1)/$C7,0) | J7: =IFERROR(COUNTIFS(Objects!$E$2:$E$947,$A7,Objects!$S$2:$S$947,1)/$C7,0) | K7: =IFERROR(COUNTIFS(Objects!$E$2:$E$947,$A7,Objects!$T$2:$T$947,1)/$C7,0) | L7: 0 | M7: 0 | N7: 0 | O7: 0 | P7: 0 | Q7: 0 | R7: 0 | S7: 60 | T7: 0 | U7: =SUM(L7:T7) | V7: =IFERROR(MAX(L7:T7)/U7,0) | W7: strip_footing | X7: label vote
A8: 6 | B8: band 0.83 m | C8: =COUNTIFS(Objects!$E$2:$E$947,$A8) | D8: =_xlfn.MINIFS(Objects!$L$2:$L$947,Objects!$E$2:$E$947,$A8) | E8: =_xlfn.MAXIFS(Objects!$L$2:$L$947,Objects!$E$2:$E$947,$A8) | F8: =_xlfn.MINIFS(Objects!$M$2:$M$947,Objects!$E$2:$E$947,$A8) | G8: =_xlfn.MAXIFS(Objects!$M$2:$M$947,Objects!$E$2:$E$947,$A8) | H8: =IFERROR(COUNTIFS(Objects!$E$2:$E$947,$A8,Objects!$Q$2:$Q$947,">0")/$C8,0) | I8: =IFERROR(COUNTIFS(Objects!$E$2:$E$947,$A8,Objects!$R$2:$R$947,1)/$C8,0) | J8: =IFERROR(COUNTIFS(Objects!$E$2:$E$947,$A8,Objects!$S$2:$S$947,1)/$C8,0) | K8: =IFERROR(COUNTIFS(Objects!$E$2:$E$947,$A8,Objects!$T$2:$T$947,1)/$C8,0) | L8: 0 | M8: 0 | N8: 0 | O8: 0 | P8: 0 | Q8: 0 | R8: 0 | S8: 0 | T8: 0 | U8: =SUM(L8:T8) | V8: =IFERROR(MAX(L8:T8)/U8,0) | W8: unidentified | X8: no label votes
A9: 7 | B9: band 0.95 m | C9: =COUNTIFS(Objects!$E$2:$E$947,$A9) | D9: =_xlfn.MINIFS(Objects!$L$2:$L$947,Objects!$E$2:$E$947,$A9) | E9: =_xlfn.MAXIFS(Objects!$L$2:$L$947,Objects!$E$2:$E$947,$A9) | F9: =_xlfn.MINIFS(Objects!$M$2:$M$947,Objects!$E$2:$E$947,$A9) | G9: =_xlfn.MAXIFS(Objects!$M$2:$M$947,Objects!$E$2:$E$947,$A9) | H9: =IFERROR(COUNTIFS(Objects!$E$2:$E$947,$A9,Objects!$Q$2:$Q$947,">0")/$C9,0) | I9: =IFERROR(COUNTIFS(Objects!$E$2:$E$947,$A9,Objects!$R$2:$R$947,1)/$C9,0) | J9: =IFERROR(COUNTIFS(Objects!$E$2:$E$947,$A9,Objects!$S$2:$S$947,1)/$C9,0) | K9: =IFERROR(COUNTIFS(Objects!$E$2:$E$947,$A9,Objects!$T$2:$T$947,1)/$C9,0) | L9: 0 | M9: 0 | N9: 0 | O9: 0 | P9: 0 | Q9: 0 | R9: 0 | S9: 0 | T9: 0 | U9: =SUM(L9:T9) | V9: =IFERROR(MAX(L9:T9)/U9,0) | W9: unidentified | X9: no label votes
A10: 8 | B10: band 1.00 m | C10: =COUNTIFS(Objects!$E$2:$E$947,$A10) | D10: =_xlfn.MINIFS(Objects!$L$2:$L$947,Objects!$E$2:$E$947,$A10) | E10: =_xlfn.MAXIFS(Objects!$L$2:$L$947,Objects!$E$2:$E$947,$A10) | F10: =_xlfn.MINIFS(Objects!$M$2:$M$947,Objects!$E$2:$E$947,$A10) | G10: =_xlfn.MAXIFS(Objects!$M$2:$M$947,Objects!$E$2:$E$947,$A10) | H10: =IFERROR(COUNTIFS(Objects!$E$2:$E$947,$A10,Objects!$Q$2:$Q$947,">0")/$C10,0) | I10: =IFERROR(COUNTIFS(Objects!$E$2:$E$947,$A10,Objects!$R$2:$R$947,1)/$C10,0) | J10: =IFERROR(COUNTIFS(Objects!$E$2:$E$947,$A10,Objects!$S$2:$S$947,1)/$C10,0) | K10: =IFERROR(COUNTIFS(Objects!$E$2:$E$947,$A10,Objects!$T$2:$T$947,1)/$C10,0) | L10: 0 | M10: 0 | N10: 0 | O10: 0 | P10: 0 | Q10: 0 | R10: 0 | S10: 0 | T10: 0 | U10: =SUM(L10:T10) | V10: =IFERROR(MAX(L10:T10)/U10,0) | W10: unidentified | X10: no label votes
A11: 9 | B11: band 1.22 m | C11: =COUNTIFS(Objects!$E$2:$E$947,$A11) | D11: =_xlfn.MINIFS(Objects!$L$2:$L$947,Objects!$E$2:$E$947,$A11) | E11: =_xlfn.MAXIFS(Objects!$L$2:$L$947,Objects!$E$2:$E$947,$A11) | F11: =_xlfn.MINIFS(Objects!$M$2:$M$947,Objects!$E$2:$E$947,$A11) | G11: =_xlfn.MAXIFS(Objects!$M$2:$M$947,Objects!$E$2:$E$947,$A11) | H11: =IFERROR(COUNTIFS(Objects!$E$2:$E$947,$A11,Objects!$Q$2:$Q$947,">0")/$C11,0) | I11: =IFERROR(COUNTIFS(Objects!$E$2:$E$947,$A11,Objects!$R$2:$R$947,1)/$C11,0) | J11: =IFERROR(COUNTIFS(Objects!$E$2:$E$947,$A11,Objects!$S$2:$S$947,1)/$C11,0) | K11: =IFERROR(COUNTIFS(Objects!$E$2:$E$947,$A11,Objects!$T$2:$T$947,1)/$C11,0) | L11: 0 | M11: 0 | N11: 0 | O11: 0 | P11: 0 | Q11: 0 | R11: 0 | S11: 0 | T11: 0 | U11: =SUM(L11:T11) | V11: =IFERROR(MAX(L11:T11)/U11,0) | W11: unidentified | X11: no label votes
A12: 10 | B12: cross_hatch | C12: =COUNTIFS(Objects!$E$2:$E$947,$A12) | D12: =_xlfn.MINIFS(Objects!$L$2:$L$947,Objects!$E$2:$E$947,$A12) | E12: =_xlfn.MAXIFS(Objects!$L$2:$L$947,Objects!$E$2:$E$947,$A12) | F12: =_xlfn.MINIFS(Objects!$M$2:$M$947,Objects!$E$2:$E$947,$A12) | G12: =_xlfn.MAXIFS(Objects!$M$2:$M$947,Objects!$E$2:$E$947,$A12) | H12: =IFERROR(COUNTIFS(Objects!$E$2:$E$947,$A12,Objects!$Q$2:$Q$947,">0")/$C12,0) | I12: =IFERROR(COUNTIFS(Objects!$E$2:$E$947,$A12,Objects!$R$2:$R$947,1)/$C12,0) | J12: =IFERROR(COUNTIFS(Objects!$E$2:$E$947,$A12,Objects!$S$2:$S$947,1)/$C12,0) | K12: =IFERROR(COUNTIFS(Objects!$E$2:$E$947,$A12,Objects!$T$2:$T$947,1)/$C12,0) | L12: 0 | M12: 0 | N12: 0 | O12: 0 | P12: 0 | Q12: 0 | R12: 0 | S12: 0 | T12: 0 | U12: =SUM(L12:T12) | V12: =IFERROR(MAX(L12:T12)/U12,0) | W12: unidentified | X12: no label votes
A13: 11 | B13: outline | C13: =COUNTIFS(Objects!$E$2:$E$947,$A13) | D13: =_xlfn.MINIFS(Objects!$L$2:$L$947,Objects!$E$2:$E$947,$A13) | E13: =_xlfn.MAXIFS(Objects!$L$2:$L$947,Objects!$E$2:$E$947,$A13) | F13: =_xlfn.MINIFS(Objects!$M$2:$M$947,Objects!$E$2:$E$947,$A13) | G13: =_xlfn.MAXIFS(Objects!$M$2:$M$947,Objects!$E$2:$E$947,$A13) | H13: =IFERROR(COUNTIFS(Objects!$E$2:$E$947,$A13,Objects!$Q$2:$Q$947,">0")/$C13,0) | I13: =IFERROR(COUNTIFS(Objects!$E$2:$E$947,$A13,Objects!$R$2:$R$947,1)/$C13,0) | J13: =IFERROR(COUNTIFS(Objects!$E$2:$E$947,$A13,Objects!$S$2:$S$947,1)/$C13,0) | K13: =IFERROR(COUNTIFS(Objects!$E$2:$E$947,$A13,Objects!$T$2:$T$947,1)/$C13,0) | L13: 0 | M13: 0 | N13: 0 | O13: 0 | P13: 2 | Q13: 0 | R13: 0 | S13: 0 | T13: 0 | U13: =SUM(L13:T13) | V13: =IFERROR(MAX(L13:T13)/U13,0) | W13: sump_pit | X13: label vote | Y13: 0.66
A14: 12 | B14: outline | C14: =COUNTIFS(Objects!$E$2:$E$947,$A14) | D14: =_xlfn.MINIFS(Objects!$L$2:$L$947,Objects!$E$2:$E$947,$A14) | E14: =_xlfn.MAXIFS(Objects!$L$2:$L$947,Objects!$E$2:$E$947,$A14) | F14: =_xlfn.MINIFS(Objects!$M$2:$M$947,Objects!$E$2:$E$947,$A14) | G14: =_xlfn.MAXIFS(Objects!$M$2:$M$947,Objects!$E$2:$E$947,$A14) | H14: =IFERROR(COUNTIFS(Objects!$E$2:$E$947,$A14,Objects!$Q$2:$Q$947,">0")/$C14,0) | I14: =IFERROR(COUNTIFS(Objects!$E$2:$E$947,$A14,Objects!$R$2:$R$947,1)/$C14,0) | J14: =IFERROR(COUNTIFS(Objects!$E$2:$E$947,$A14,Objects!$S$2:$S$947,1)/$C14,0) | K14: =IFERROR(COUNTIFS(Objects!$E$2:$E$947,$A14,Objects!$T$2:$T$947,1)/$C14,0) | L14: 0 | M14: 22 | N14: 0 | O14: 0 | P14: 0 | Q14: 0 | R14: 0 | S14: 0 | T14: 0 | U14: =SUM(L14:T14) | V14: =IFERROR(MAX(L14:T14)/U14,0) | W14: isolated_footing | X14: label vote | Y14: 0.66
A15: 13 | B15: outline | C15: =COUNTIFS(Objects!$E$2:$E$947,$A15) | D15: =_xlfn.MINIFS(Objects!$L$2:$L$947,Objects!$E$2:$E$947,$A15) | E15: =_xlfn.MAXIFS(Objects!$L$2:$L$947,Objects!$E$2:$E$947,$A15) | F15: =_xlfn.MINIFS(Objects!$M$2:$M$947,Objects!$E$2:$E$947,$A15) | G15: =_xlfn.MAXIFS(Objects!$M$2:$M$947,Objects!$E$2:$E$947,$A15) | H15: =IFERROR(COUNTIFS(Objects!$E$2:$E$947,$A15,Objects!$Q$2:$Q$947,">0")/$C15,0) | I15: =IFERROR(COUNTIFS(Objects!$E$2:$E$947,$A15,Objects!$R$2:$R$947,1)/$C15,0) | J15: =IFERROR(COUNTIFS(Objects!$E$2:$E$947,$A15,Objects!$S$2:$S$947,1)/$C15,0) | K15: =IFERROR(COUNTIFS(Objects!$E$2:$E$947,$A15,Objects!$T$2:$T$947,1)/$C15,0) | L15: 0 | M15: 42 | N15: 0 | O15: 0 | P15: 0 | Q15: 0 | R15: 0 | S15: 0 | T15: 0 | U15: =SUM(L15:T15) | V15: =IFERROR(MAX(L15:T15)/U15,0) | W15: isolated_footing | X15: label vote | Y15: 0.66
A16: 14 | B16: outline | C16: =COUNTIFS(Objects!$E$2:$E$947,$A16) | D16: =_xlfn.MINIFS(Objects!$L$2:$L$947,Objects!$E$2:$E$947,$A16) | E16: =_xlfn.MAXIFS(Objects!$L$2:$L$947,Objects!$E$2:$E$947,$A16) | F16: =_xlfn.MINIFS(Objects!$M$2:$M$947,Objects!$E$2:$E$947,$A16) | G16: =_xlfn.MAXIFS(Objects!$M$2:$M$947,Objects!$E$2:$E$947,$A16) | H16: =IFERROR(COUNTIFS(Objects!$E$2:$E$947,$A16,Objects!$Q$2:$Q$947,">0")/$C16,0) | I16: =IFERROR(COUNTIFS(Objects!$E$2:$E$947,$A16,Objects!$R$2:$R$947,1)/$C16,0) | J16: =IFERROR(COUNTIFS(Objects!$E$2:$E$947,$A16,Objects!$S$2:$S$947,1)/$C16,0) | K16: =IFERROR(COUNTIFS(Objects!$E$2:$E$947,$A16,Objects!$T$2:$T$947,1)/$C16,0) | L16: 0 | M16: 1 | N16: 21 | O16: 0 | P16: 0 | Q16: 0 | R16: 0 | S16: 0 | T16: 0 | U16: =SUM(L16:T16) | V16: =IFERROR(MAX(L16:T16)/U16,0) | W16: combined_footing | X16: label vote | Y16: 0.66
A17: 15 | B17: outline | C17: =COUNTIFS(Objects!$E$2:$E$947,$A17) | D17: =_xlfn.MINIFS(Objects!$L$2:$L$947,Objects!$E$2:$E$947,$A17) | E17: =_xlfn.MAXIFS(Objects!$L$2:$L$947,Objects!$E$2:$E$947,$A17) | F17: =_xlfn.MINIFS(Objects!$M$2:$M$947,Objects!$E$2:$E$947,$A17) | G17: =_xlfn.MAXIFS(Objects!$M$2:$M$947,Objects!$E$2:$E$947,$A17) | H17: =IFERROR(COUNTIFS(Objects!$E$2:$E$947,$A17,Objects!$Q$2:$Q$947,">0")/$C17,0) | I17: =IFERROR(COUNTIFS(Objects!$E$2:$E$947,$A17,Objects!$R$2:$R$947,1)/$C17,0) | J17: =IFERROR(COUNTIFS(Objects!$E$2:$E$947,$A17,Objects!$S$2:$S$947,1)/$C17,0) | K17: =IFERROR(COUNTIFS(Objects!$E$2:$E$947,$A17,Objects!$T$2:$T$947,1)/$C17,0) | L17: 0 | M17: 0 | N17: 3 | O17: 0 | P17: 0 | Q17: 0 | R17: 0 | S17: 0 | T17: 0 | U17: =SUM(L17:T17) | V17: =IFERROR(MAX(L17:T17)/U17,0) | W17: combined_footing | X17: label vote | Y17: 0.66
A18: 16 | B18: outline | C18: =COUNTIFS(Objects!$E$2:$E$947,$A18) | D18: =_xlfn.MINIFS(Objects!$L$2:$L$947,Objects!$E$2:$E$947,$A18) | E18: =_xlfn.MAXIFS(Objects!$L$2:$L$947,Objects!$E$2:$E$947,$A18) | F18: =_xlfn.MINIFS(Objects!$M$2:$M$947,Objects!$E$2:$E$947,$A18) | G18: =_xlfn.MAXIFS(Objects!$M$2:$M$947,Objects!$E$2:$E$947,$A18) | H18: =IFERROR(COUNTIFS(Objects!$E$2:$E$947,$A18,Objects!$Q$2:$Q$947,">0")/$C18,0) | I18: =IFERROR(COUNTIFS(Objects!$E$2:$E$947,$A18,Objects!$R$2:$R$947,1)/$C18,0) | J18: =IFERROR(COUNTIFS(Objects!$E$2:$E$947,$A18,Objects!$S$2:$S$947,1)/$C18,0) | K18: =IFERROR(COUNTIFS(Objects!$E$2:$E$947,$A18,Objects!$T$2:$T$947,1)/$C18,0) | L18: 0 | M18: 1 | N18: 0 | O18: 0 | P18: 0 | Q18: 0 | R18: 0 | S18: 0 | T18: 0 | U18: =SUM(L18:T18) | V18: =IFERROR(MAX(L18:T18)/U18,0) | W18: isolated_footing | X18: similar to cluster 12 (distance 1.23) | Y18: 0.66
A19: 17 | B19: outline | C19: =COUNTIFS(Objects!$E$2:$E$947,$A19) | D19: =_xlfn.MINIFS(Objects!$L$2:$L$947,Objects!$E$2:$E$947,$A19) | E19: =_xlfn.MAXIFS(Objects!$L$2:$L$947,Objects!$E$2:$E$947,$A19) | F19: =_xlfn.MINIFS(Objects!$M$2:$M$947,Objects!$E$2:$E$947,$A19) | G19: =_xlfn.MAXIFS(Objects!$M$2:$M$947,Objects!$E$2:$E$947,$A19) | H19: =IFERROR(COUNTIFS(Objects!$E$2:$E$947,$A19,Objects!$Q$2:$Q$947,">0")/$C19,0) | I19: =IFERROR(COUNTIFS(Objects!$E$2:$E$947,$A19,Objects!$R$2:$R$947,1)/$C19,0) | J19: =IFERROR(COUNTIFS(Objects!$E$2:$E$947,$A19,Objects!$S$2:$S$947,1)/$C19,0) | K19: =IFERROR(COUNTIFS(Objects!$E$2:$E$947,$A19,Objects!$T$2:$T$947,1)/$C19,0) | L19: 0 | M19: 0 | N19: 0 | O19: 0 | P19: 0 | Q19: 0 | R19: 0 | S19: 0 | T19: 0 | U19: =SUM(L19:T19) | V19: =IFERROR(MAX(L19:T19)/U19,0) | W19: unidentified | X19: no label votes | Y19: 0.66
A20: 18 | B20: outline | C20: =COUNTIFS(Objects!$E$2:$E$947,$A20) | D20: =_xlfn.MINIFS(Objects!$L$2:$L$947,Objects!$E$2:$E$947,$A20) | E20: =_xlfn.MAXIFS(Objects!$L$2:$L$947,Objects!$E$2:$E$947,$A20) | F20: =_xlfn.MINIFS(Objects!$M$2:$M$947,Objects!$E$2:$E$947,$A20) | G20: =_xlfn.MAXIFS(Objects!$M$2:$M$947,Objects!$E$2:$E$947,$A20) | H20: =IFERROR(COUNTIFS(Objects!$E$2:$E$947,$A20,Objects!$Q$2:$Q$947,">0")/$C20,0) | I20: =IFERROR(COUNTIFS(Objects!$E$2:$E$947,$A20,Objects!$R$2:$R$947,1)/$C20,0) | J20: =IFERROR(COUNTIFS(Objects!$E$2:$E$947,$A20,Objects!$S$2:$S$947,1)/$C20,0) | K20: =IFERROR(COUNTIFS(Objects!$E$2:$E$947,$A20,Objects!$T$2:$T$947,1)/$C20,0) | L20: 0 | M20: 0 | N20: 0 | O20: 0 | P20: 0 | Q20: 0 | R20: 0 | S20: 0 | T20: 0 | U20: =SUM(L20:T20) | V20: =IFERROR(MAX(L20:T20)/U20,0) | W20: unidentified | X20: no label votes | Y20: 0.66
A21: 19 | B21: outline | C21: =COUNTIFS(Objects!$E$2:$E$947,$A21) | D21: =_xlfn.MINIFS(Objects!$L$2:$L$947,Objects!$E$2:$E$947,$A21) | E21: =_xlfn.MAXIFS(Objects!$L$2:$L$947,Objects!$E$2:$E$947,$A21) | F21: =_xlfn.MINIFS(Objects!$M$2:$M$947,Objects!$E$2:$E$947,$A21) | G21: =_xlfn.MAXIFS(Objects!$M$2:$M$947,Objects!$E$2:$E$947,$A21) | H21: =IFERROR(COUNTIFS(Objects!$E$2:$E$947,$A21,Objects!$Q$2:$Q$947,">0")/$C21,0) | I21: =IFERROR(COUNTIFS(Objects!$E$2:$E$947,$A21,Objects!$R$2:$R$947,1)/$C21,0) | J21: =IFERROR(COUNTIFS(Objects!$E$2:$E$947,$A21,Objects!$S$2:$S$947,1)/$C21,0) | K21: =IFERROR(COUNTIFS(Objects!$E$2:$E$947,$A21,Objects!$T$2:$T$947,1)/$C21,0) | L21: 0 | M21: 3 | N21: 0 | O21: 0 | P21: 0 | Q21: 0 | R21: 0 | S21: 0 | T21: 0 | U21: =SUM(L21:T21) | V21: =IFERROR(MAX(L21:T21)/U21,0) | W21: isolated_footing | X21: label vote | Y21: 0.66
A22: 20 | B22: outline | C22: =COUNTIFS(Objects!$E$2:$E$947,$A22) | D22: =_xlfn.MINIFS(Objects!$L$2:$L$947,Objects!$E$2:$E$947,$A22) | E22: =_xlfn.MAXIFS(Objects!$L$2:$L$947,Objects!$E$2:$E$947,$A22) | F22: =_xlfn.MINIFS(Objects!$M$2:$M$947,Objects!$E$2:$E$947,$A22) | G22: =_xlfn.MAXIFS(Objects!$M$2:$M$947,Objects!$E$2:$E$947,$A22) | H22: =IFERROR(COUNTIFS(Objects!$E$2:$E$947,$A22,Objects!$Q$2:$Q$947,">0")/$C22,0) | I22: =IFERROR(COUNTIFS(Objects!$E$2:$E$947,$A22,Objects!$R$2:$R$947,1)/$C22,0) | J22: =IFERROR(COUNTIFS(Objects!$E$2:$E$947,$A22,Objects!$S$2:$S$947,1)/$C22,0) | K22: =IFERROR(COUNTIFS(Objects!$E$2:$E$947,$A22,Objects!$T$2:$T$947,1)/$C22,0) | L22: 0 | M22: 0 | N22: 0 | O22: 0 | P22: 0 | Q22: 0 | R22: 0 | S22: 0 | T22: 0 | U22: =SUM(L22:T22) | V22: =IFERROR(MAX(L22:T22)/U22,0) | W22: unidentified | X22: no label votes | Y22: 0.66
A23: 21 | B23: outline | C23: =COUNTIFS(Objects!$E$2:$E$947,$A23) | D23: =_xlfn.MINIFS(Objects!$L$2:$L$947,Objects!$E$2:$E$947,$A23) | E23: =_xlfn.MAXIFS(Objects!$L$2:$L$947,Objects!$E$2:$E$947,$A23) | F23: =_xlfn.MINIFS(Objects!$M$2:$M$947,Objects!$E$2:$E$947,$A23) | G23: =_xlfn.MAXIFS(Objects!$M$2:$M$947,Objects!$E$2:$E$947,$A23) | H23: =IFERROR(COUNTIFS(Objects!$E$2:$E$947,$A23,Objects!$Q$2:$Q$947,">0")/$C23,0) | I23: =IFERROR(COUNTIFS(Objects!$E$2:$E$947,$A23,Objects!$R$2:$R$947,1)/$C23,0) | J23: =IFERROR(COUNTIFS(Objects!$E$2:$E$947,$A23,Objects!$S$2:$S$947,1)/$C23,0) | K23: =IFERROR(COUNTIFS(Objects!$E$2:$E$947,$A23,Objects!$T$2:$T$947,1)/$C23,0) | L23: 0 | M23: 0 | N23: 0 | O23: 0 | P23: 0 | Q23: 0 | R23: 0 | S23: 0 | T23: 0 | U23: =SUM(L23:T23) | V23: =IFERROR(MAX(L23:T23)/U23,0) | W23: unidentified | X23: no label votes | Y23: 0.66
A24: 22 | B24: outline | C24: =COUNTIFS(Objects!$E$2:$E$947,$A24) | D24: =_xlfn.MINIFS(Objects!$L$2:$L$947,Objects!$E$2:$E$947,$A24) | E24: =_xlfn.MAXIFS(Objects!$L$2:$L$947,Objects!$E$2:$E$947,$A24) | F24: =_xlfn.MINIFS(Objects!$M$2:$M$947,Objects!$E$2:$E$947,$A24) | G24: =_xlfn.MAXIFS(Objects!$M$2:$M$947,Objects!$E$2:$E$947,$A24) | H24: =IFERROR(COUNTIFS(Objects!$E$2:$E$947,$A24,Objects!$Q$2:$Q$947,">0")/$C24,0) | I24: =IFERROR(COUNTIFS(Objects!$E$2:$E$947,$A24,Objects!$R$2:$R$947,1)/$C24,0) | J24: =IFERROR(COUNTIFS(Objects!$E$2:$E$947,$A24,Objects!$S$2:$S$947,1)/$C24,0) | K24: =IFERROR(COUNTIFS(Objects!$E$2:$E$947,$A24,Objects!$T$2:$T$947,1)/$C24,0) | L24: 0 | M24: 0 | N24: 0 | O24: 0 | P24: 2 | Q24: 0 | R24: 0 | S24: 0 | T24: 0 | U24: =SUM(L24:T24) | V24: =IFERROR(MAX(L24:T24)/U24,0) | W24: sump_pit | X24: label vote | Y24: 0.66
A25: 23 | B25: outline | C25: =COUNTIFS(Objects!$E$2:$E$947,$A25) | D25: =_xlfn.MINIFS(Objects!$L$2:$L$947,Objects!$E$2:$E$947,$A25) | E25: =_xlfn.MAXIFS(Objects!$L$2:$L$947,Objects!$E$2:$E$947,$A25) | F25: =_xlfn.MINIFS(Objects!$M$2:$M$947,Objects!$E$2:$E$947,$A25) | G25: =_xlfn.MAXIFS(Objects!$M$2:$M$947,Objects!$E$2:$E$947,$A25) | H25: =IFERROR(COUNTIFS(Objects!$E$2:$E$947,$A25,Objects!$Q$2:$Q$947,">0")/$C25,0) | I25: =IFERROR(COUNTIFS(Objects!$E$2:$E$947,$A25,Objects!$R$2:$R$947,1)/$C25,0) | J25: =IFERROR(COUNTIFS(Objects!$E$2:$E$947,$A25,Objects!$S$2:$S$947,1)/$C25,0) | K25: =IFERROR(COUNTIFS(Objects!$E$2:$E$947,$A25,Objects!$T$2:$T$947,1)/$C25,0) | L25: 0 | M25: 0 | N25: 2 | O25: 0 | P25: 0 | Q25: 0 | R25: 0 | S25: 0 | T25: 0 | U25: =SUM(L25:T25) | V25: =IFERROR(MAX(L25:T25)/U25,0) | W25: combined_footing | X25: label vote | Y25: 0.66
A26: 24 | B26: single_hatch | C26: =COUNTIFS(Objects!$E$2:$E$947,$A26) | D26: =_xlfn.MINIFS(Objects!$L$2:$L$947,Objects!$E$2:$E$947,$A26) | E26: =_xlfn.MAXIFS(Objects!$L$2:$L$947,Objects!$E$2:$E$947,$A26) | F26: =_xlfn.MINIFS(Objects!$M$2:$M$947,Objects!$E$2:$E$947,$A26) | G26: =_xlfn.MAXIFS(Objects!$M$2:$M$947,Objects!$E$2:$E$947,$A26) | H26: =IFERROR(COUNTIFS(Objects!$E$2:$E$947,$A26,Objects!$Q$2:$Q$947,">0")/$C26,0) | I26: =IFERROR(COUNTIFS(Objects!$E$2:$E$947,$A26,Objects!$R$2:$R$947,1)/$C26,0) | J26: =IFERROR(COUNTIFS(Objects!$E$2:$E$947,$A26,Objects!$S$2:$S$947,1)/$C26,0) | K26: =IFERROR(COUNTIFS(Objects!$E$2:$E$947,$A26,Objects!$T$2:$T$947,1)/$C26,0) | L26: 0 | M26: 0 | N26: 0 | O26: 0 | P26: 0 | Q26: 0 | R26: 0 | S26: 0 | T26: 0 | U26: =SUM(L26:T26) | V26: =IFERROR(MAX(L26:T26)/U26,0) | W26: unidentified | X26: no label votes
A27: 25 | B27: solid | C27: =COUNTIFS(Objects!$E$2:$E$947,$A27) | D27: =_xlfn.MINIFS(Objects!$L$2:$L$947,Objects!$E$2:$E$947,$A27) | E27: =_xlfn.MAXIFS(Objects!$L$2:$L$947,Objects!$E$2:$E$947,$A27) | F27: =_xlfn.MINIFS(Objects!$M$2:$M$947,Objects!$E$2:$E$947,$A27) | G27: =_xlfn.MAXIFS(Objects!$M$2:$M$947,Objects!$E$2:$E$947,$A27) | H27: =IFERROR(COUNTIFS(Objects!$E$2:$E$947,$A27,Objects!$Q$2:$Q$947,">0")/$C27,0) | I27: =IFERROR(COUNTIFS(Objects!$E$2:$E$947,$A27,Objects!$R$2:$R$947,1)/$C27,0) | J27: =IFERROR(COUNTIFS(Objects!$E$2:$E$947,$A27,Objects!$S$2:$S$947,1)/$C27,0) | K27: =IFERROR(COUNTIFS(Objects!$E$2:$E$947,$A27,Objects!$T$2:$T$947,1)/$C27,0) | L27: 27 | M27: 0 | N27: 0 | O27: 0 | P27: 0 | Q27: 0 | R27: 0 | S27: 0 | T27: 0 | U27: =SUM(L27:T27) | V27: =IFERROR(MAX(L27:T27)/U27,0) | W27: column | X27: label vote | Y27: 0.408
A28: 26 | B28: solid | C28: =COUNTIFS(Objects!$E$2:$E$947,$A28) | D28: =_xlfn.MINIFS(Objects!$L$2:$L$947,Objects!$E$2:$E$947,$A28) | E28: =_xlfn.MAXIFS(Objects!$L$2:$L$947,Objects!$E$2:$E$947,$A28) | F28: =_xlfn.MINIFS(Objects!$M$2:$M$947,Objects!$E$2:$E$947,$A28) | G28: =_xlfn.MAXIFS(Objects!$M$2:$M$947,Objects!$E$2:$E$947,$A28) | H28: =IFERROR(COUNTIFS(Objects!$E$2:$E$947,$A28,Objects!$Q$2:$Q$947,">0")/$C28,0) | I28: =IFERROR(COUNTIFS(Objects!$E$2:$E$947,$A28,Objects!$R$2:$R$947,1)/$C28,0) | J28: =IFERROR(COUNTIFS(Objects!$E$2:$E$947,$A28,Objects!$S$2:$S$947,1)/$C28,0) | K28: =IFERROR(COUNTIFS(Objects!$E$2:$E$947,$A28,Objects!$T$2:$T$947,1)/$C28,0) | L28: 0 | M28: 0 | N28: 0 | O28: 0 | P28: 0 | Q28: 0 | R28: 0 | S28: 0 | T28: 1 | U28: =SUM(L28:T28) | V28: =IFERROR(MAX(L28:T28)/U28,0) | W28: unidentified | X28: no label votes | Y28: 0.408
A29: 27 | B29: solid | C29: =COUNTIFS(Objects!$E$2:$E$947,$A29) | D29: =_xlfn.MINIFS(Objects!$L$2:$L$947,Objects!$E$2:$E$947,$A29) | E29: =_xlfn.MAXIFS(Objects!$L$2:$L$947,Objects!$E$2:$E$947,$A29) | F29: =_xlfn.MINIFS(Objects!$M$2:$M$947,Objects!$E$2:$E$947,$A29) | G29: =_xlfn.MAXIFS(Objects!$M$2:$M$947,Objects!$E$2:$E$947,$A29) | H29: =IFERROR(COUNTIFS(Objects!$E$2:$E$947,$A29,Objects!$Q$2:$Q$947,">0")/$C29,0) | I29: =IFERROR(COUNTIFS(Objects!$E$2:$E$947,$A29,Objects!$R$2:$R$947,1)/$C29,0) | J29: =IFERROR(COUNTIFS(Objects!$E$2:$E$947,$A29,Objects!$S$2:$S$947,1)/$C29,0) | K29: =IFERROR(COUNTIFS(Objects!$E$2:$E$947,$A29,Objects!$T$2:$T$947,1)/$C29,0) | L29: 0 | M29: 0 | N29: 0 | O29: 0 | P29: 0 | Q29: 0 | R29: 0 | S29: 0 | T29: 2 | U29: =SUM(L29:T29) | V29: =IFERROR(MAX(L29:T29)/U29,0) | W29: shear_wall | X29: similar to cluster 29 (distance 2.85) | Y29: 0.408
A30: 28 | B30: solid | C30: =COUNTIFS(Objects!$E$2:$E$947,$A30) | D30: =_xlfn.MINIFS(Objects!$L$2:$L$947,Objects!$E$2:$E$947,$A30) | E30: =_xlfn.MAXIFS(Objects!$L$2:$L$947,Objects!$E$2:$E$947,$A30) | F30: =_xlfn.MINIFS(Objects!$M$2:$M$947,Objects!$E$2:$E$947,$A30) | G30: =_xlfn.MAXIFS(Objects!$M$2:$M$947,Objects!$E$2:$E$947,$A30) | H30: =IFERROR(COUNTIFS(Objects!$E$2:$E$947,$A30,Objects!$Q$2:$Q$947,">0")/$C30,0) | I30: =IFERROR(COUNTIFS(Objects!$E$2:$E$947,$A30,Objects!$R$2:$R$947,1)/$C30,0) | J30: =IFERROR(COUNTIFS(Objects!$E$2:$E$947,$A30,Objects!$S$2:$S$947,1)/$C30,0) | K30: =IFERROR(COUNTIFS(Objects!$E$2:$E$947,$A30,Objects!$T$2:$T$947,1)/$C30,0) | L30: 0 | M30: 0 | N30: 0 | O30: 0 | P30: 0 | Q30: 0 | R30: 0 | S30: 0 | T30: 1 | U30: =SUM(L30:T30) | V30: =IFERROR(MAX(L30:T30)/U30,0) | W30: shear_wall | X30: similar to cluster 33 (distance 3.55) | Y30: 0.408
A31: 29 | B31: solid | C31: =COUNTIFS(Objects!$E$2:$E$947,$A31) | D31: =_xlfn.MINIFS(Objects!$L$2:$L$947,Objects!$E$2:$E$947,$A31) | E31: =_xlfn.MAXIFS(Objects!$L$2:$L$947,Objects!$E$2:$E$947,$A31) | F31: =_xlfn.MINIFS(Objects!$M$2:$M$947,Objects!$E$2:$E$947,$A31) | G31: =_xlfn.MAXIFS(Objects!$M$2:$M$947,Objects!$E$2:$E$947,$A31) | H31: =IFERROR(COUNTIFS(Objects!$E$2:$E$947,$A31,Objects!$Q$2:$Q$947,">0")/$C31,0) | I31: =IFERROR(COUNTIFS(Objects!$E$2:$E$947,$A31,Objects!$R$2:$R$947,1)/$C31,0) | J31: =IFERROR(COUNTIFS(Objects!$E$2:$E$947,$A31,Objects!$S$2:$S$947,1)/$C31,0) | K31: =IFERROR(COUNTIFS(Objects!$E$2:$E$947,$A31,Objects!$T$2:$T$947,1)/$C31,0) | L31: 0 | M31: 0 | N31: 0 | O31: 0 | P31: 0 | Q31: 0 | R31: 0 | S31: 0 | T31: 10 | U31: =SUM(L31:T31) | V31: =IFERROR(MAX(L31:T31)/U31,0) | W31: shear_wall | X31: label vote | Y31: 0.408
A32: 30 | B32: solid | C32: =COUNTIFS(Objects!$E$2:$E$947,$A32) | D32: =_xlfn.MINIFS(Objects!$L$2:$L$947,Objects!$E$2:$E$947,$A32) | E32: =_xlfn.MAXIFS(Objects!$L$2:$L$947,Objects!$E$2:$E$947,$A32) | F32: =_xlfn.MINIFS(Objects!$M$2:$M$947,Objects!$E$2:$E$947,$A32) | G32: =_xlfn.MAXIFS(Objects!$M$2:$M$947,Objects!$E$2:$E$947,$A32) | H32: =IFERROR(COUNTIFS(Objects!$E$2:$E$947,$A32,Objects!$Q$2:$Q$947,">0")/$C32,0) | I32: =IFERROR(COUNTIFS(Objects!$E$2:$E$947,$A32,Objects!$R$2:$R$947,1)/$C32,0) | J32: =IFERROR(COUNTIFS(Objects!$E$2:$E$947,$A32,Objects!$S$2:$S$947,1)/$C32,0) | K32: =IFERROR(COUNTIFS(Objects!$E$2:$E$947,$A32,Objects!$T$2:$T$947,1)/$C32,0) | L32: 1 | M32: 0 | N32: 0 | O32: 0 | P32: 0 | Q32: 0 | R32: 0 | S32: 0 | T32: 3 | U32: =SUM(L32:T32) | V32: =IFERROR(MAX(L32:T32)/U32,0) | W32: unidentified | X32: no label votes | Y32: 0.408
A33: 31 | B33: solid | C33: =COUNTIFS(Objects!$E$2:$E$947,$A33) | D33: =_xlfn.MINIFS(Objects!$L$2:$L$947,Objects!$E$2:$E$947,$A33) | E33: =_xlfn.MAXIFS(Objects!$L$2:$L$947,Objects!$E$2:$E$947,$A33) | F33: =_xlfn.MINIFS(Objects!$M$2:$M$947,Objects!$E$2:$E$947,$A33) | G33: =_xlfn.MAXIFS(Objects!$M$2:$M$947,Objects!$E$2:$E$947,$A33) | H33: =IFERROR(COUNTIFS(Objects!$E$2:$E$947,$A33,Objects!$Q$2:$Q$947,">0")/$C33,0) | I33: =IFERROR(COUNTIFS(Objects!$E$2:$E$947,$A33,Objects!$R$2:$R$947,1)/$C33,0) | J33: =IFERROR(COUNTIFS(Objects!$E$2:$E$947,$A33,Objects!$S$2:$S$947,1)/$C33,0) | K33: =IFERROR(COUNTIFS(Objects!$E$2:$E$947,$A33,Objects!$T$2:$T$947,1)/$C33,0) | L33: 0 | M33: 0 | N33: 0 | O33: 0 | P33: 0 | Q33: 0 | R33: 0 | S33: 0 | T33: 21 | U33: =SUM(L33:T33) | V33: =IFERROR(MAX(L33:T33)/U33,0) | W33: shear_wall | X33: label vote | Y33: 0.408
A34: 32 | B34: solid | C34: =COUNTIFS(Objects!$E$2:$E$947,$A34) | D34: =_xlfn.MINIFS(Objects!$L$2:$L$947,Objects!$E$2:$E$947,$A34) | E34: =_xlfn.MAXIFS(Objects!$L$2:$L$947,Objects!$E$2:$E$947,$A34) | F34: =_xlfn.MINIFS(Objects!$M$2:$M$947,Objects!$E$2:$E$947,$A34) | G34: =_xlfn.MAXIFS(Objects!$M$2:$M$947,Objects!$E$2:$E$947,$A34) | H34: =IFERROR(COUNTIFS(Objects!$E$2:$E$947,$A34,Objects!$Q$2:$Q$947,">0")/$C34,0) | I34: =IFERROR(COUNTIFS(Objects!$E$2:$E$947,$A34,Objects!$R$2:$R$947,1)/$C34,0) | J34: =IFERROR(COUNTIFS(Objects!$E$2:$E$947,$A34,Objects!$S$2:$S$947,1)/$C34,0) | K34: =IFERROR(COUNTIFS(Objects!$E$2:$E$947,$A34,Objects!$T$2:$T$947,1)/$C34,0) | L34: 0 | M34: 0 | N34: 0 | O34: 0 | P34: 0 | Q34: 0 | R34: 0 | S34: 0 | T34: 0 | U34: =SUM(L34:T34) | V34: =IFERROR(MAX(L34:T34)/U34,0) | W34: retaining_wall | X34: label vote | Y34: 0.408
A35: 33 | B35: solid | C35: =COUNTIFS(Objects!$E$2:$E$947,$A35) | D35: =_xlfn.MINIFS(Objects!$L$2:$L$947,Objects!$E$2:$E$947,$A35) | E35: =_xlfn.MAXIFS(Objects!$L$2:$L$947,Objects!$E$2:$E$947,$A35) | F35: =_xlfn.MINIFS(Objects!$M$2:$M$947,Objects!$E$2:$E$947,$A35) | G35: =_xlfn.MAXIFS(Objects!$M$2:$M$947,Objects!$E$2:$E$947,$A35) | H35: =IFERROR(COUNTIFS(Objects!$E$2:$E$947,$A35,Objects!$Q$2:$Q$947,">0")/$C35,0) | I35: =IFERROR(COUNTIFS(Objects!$E$2:$E$947,$A35,Objects!$R$2:$R$947,1)/$C35,0) | J35: =IFERROR(COUNTIFS(Objects!$E$2:$E$947,$A35,Objects!$S$2:$S$947,1)/$C35,0) | K35: =IFERROR(COUNTIFS(Objects!$E$2:$E$947,$A35,Objects!$T$2:$T$947,1)/$C35,0) | L35: 0 | M35: 0 | N35: 0 | O35: 0 | P35: 0 | Q35: 0 | R35: 0 | S35: 0 | T35: 15 | U35: =SUM(L35:T35) | V35: =IFERROR(MAX(L35:T35)/U35,0) | W35: shear_wall | X35: label vote | Y35: 0.408
A36: 34 | B36: solid | C36: =COUNTIFS(Objects!$E$2:$E$947,$A36) | D36: =_xlfn.MINIFS(Objects!$L$2:$L$947,Objects!$E$2:$E$947,$A36) | E36: =_xlfn.MAXIFS(Objects!$L$2:$L$947,Objects!$E$2:$E$947,$A36) | F36: =_xlfn.MINIFS(Objects!$M$2:$M$947,Objects!$E$2:$E$947,$A36) | G36: =_xlfn.MAXIFS(Objects!$M$2:$M$947,Objects!$E$2:$E$947,$A36) | H36: =IFERROR(COUNTIFS(Objects!$E$2:$E$947,$A36,Objects!$Q$2:$Q$947,">0")/$C36,0) | I36: =IFERROR(COUNTIFS(Objects!$E$2:$E$947,$A36,Objects!$R$2:$R$947,1)/$C36,0) | J36: =IFERROR(COUNTIFS(Objects!$E$2:$E$947,$A36,Objects!$S$2:$S$947,1)/$C36,0) | K36: =IFERROR(COUNTIFS(Objects!$E$2:$E$947,$A36,Objects!$T$2:$T$947,1)/$C36,0) | L36: 0 | M36: 0 | N36: 0 | O36: 0 | P36: 0 | Q36: 0 | R36: 0 | S36: 0 | T36: 1 | U36: =SUM(L36:T36) | V36: =IFERROR(MAX(L36:T36)/U36,0) | W36: shear_wall | X36: similar to cluster 29 (distance 3.13) | Y36: 0.408
A37: 35 | B37: solid | C37: =COUNTIFS(Objects!$E$2:$E$947,$A37) | D37: =_xlfn.MINIFS(Objects!$L$2:$L$947,Objects!$E$2:$E$947,$A37) | E37: =_xlfn.MAXIFS(Objects!$L$2:$L$947,Objects!$E$2:$E$947,$A37) | F37: =_xlfn.MINIFS(Objects!$M$2:$M$947,Objects!$E$2:$E$947,$A37) | G37: =_xlfn.MAXIFS(Objects!$M$2:$M$947,Objects!$E$2:$E$947,$A37) | H37: =IFERROR(COUNTIFS(Objects!$E$2:$E$947,$A37,Objects!$Q$2:$Q$947,">0")/$C37,0) | I37: =IFERROR(COUNTIFS(Objects!$E$2:$E$947,$A37,Objects!$R$2:$R$947,1)/$C37,0) | J37: =IFERROR(COUNTIFS(Objects!$E$2:$E$947,$A37,Objects!$S$2:$S$947,1)/$C37,0) | K37: =IFERROR(COUNTIFS(Objects!$E$2:$E$947,$A37,Objects!$T$2:$T$947,1)/$C37,0) | L37: 0 | M37: 0 | N37: 0 | O37: 0 | P37: 0 | Q37: 0 | R37: 0 | S37: 0 | T37: 3 | U37: =SUM(L37:T37) | V37: =IFERROR(MAX(L37:T37)/U37,0) | W37: shear_wall | X37: similar to cluster 31 (distance 2.05) | Y37: 0.408
A38: 36 | B38: solid | C38: =COUNTIFS(Objects!$E$2:$E$947,$A38) | D38: =_xlfn.MINIFS(Objects!$L$2:$L$947,Objects!$E$2:$E$947,$A38) | E38: =_xlfn.MAXIFS(Objects!$L$2:$L$947,Objects!$E$2:$E$947,$A38) | F38: =_xlfn.MINIFS(Objects!$M$2:$M$947,Objects!$E$2:$E$947,$A38) | G38: =_xlfn.MAXIFS(Objects!$M$2:$M$947,Objects!$E$2:$E$947,$A38) | H38: =IFERROR(COUNTIFS(Objects!$E$2:$E$947,$A38,Objects!$Q$2:$Q$947,">0")/$C38,0) | I38: =IFERROR(COUNTIFS(Objects!$E$2:$E$947,$A38,Objects!$R$2:$R$947,1)/$C38,0) | J38: =IFERROR(COUNTIFS(Objects!$E$2:$E$947,$A38,Objects!$S$2:$S$947,1)/$C38,0) | K38: =IFERROR(COUNTIFS(Objects!$E$2:$E$947,$A38,Objects!$T$2:$T$947,1)/$C38,0) | L38: 2 | M38: 0 | N38: 0 | O38: 0 | P38: 0 | Q38: 0 | R38: 0 | S38: 0 | T38: 0 | U38: =SUM(L38:T38) | V38: =IFERROR(MAX(L38:T38)/U38,0) | W38: column | X38: label vote | Y38: 0.408
... A40: 38 | B40: solid | C40: =COUNTIFS(Objects!$E$2:$E$947,$A40) | D40: =_xlfn.MINIFS(Objects!$L$2:$L$947,Objects!$E$2:$E$947,$A40) | E40: =_xlfn.MAXIFS(Objects!$L$2:$L$947,Objects!$E$2:$E$947,$A40) | F40: =_xlfn.MINIFS(Objects!$M$2:$M$947,Objects!$E$2:$E$947,$A40) | G40: =_xlfn.MAXIFS(Objects!$M$2:$M$947,Objects!$E$2:$E$947,$A40) | H40: =IFERROR(COUNTIFS(Objects!$E$2:$E$947,$A40,Objects!$Q$2:$Q$947,">0")/$C40,0) | I40: =IFERROR(COUNTIFS(Objects!$E$2:$E$947,$A40,Objects!$R$2:$R$947,1)/$C40,0) | J40: =IFERROR(COUNTIFS(Objects!$E$2:$E$947,$A40,Objects!$S$2:$S$947,1)/$C40,0) | K40: =IFERROR(COUNTIFS(Objects!$E$2:$E$947,$A40,Objects!$T$2:$T$947,1)/$C40,0) | L40: 0 | M40: 0 | N40: 0 | O40: 0 | P40: 0 | Q40: 0 | R40: 0 | S40: 0 | T40: 13 | U40: =SUM(L40:T40) | V40: =IFERROR(MAX(L40:T40)/U40,0) | W40: shear_wall | X40: label vote | Y40: 0.408
A41: 39 | B41: stamped_region | C41: =COUNTIFS(Objects!$E$2:$E$947,$A41) | D41: =_xlfn.MINIFS(Objects!$L$2:$L$947,Objects!$E$2:$E$947,$A41) | E41: =_xlfn.MAXIFS(Objects!$L$2:$L$947,Objects!$E$2:$E$947,$A41) | F41: =_xlfn.MINIFS(Objects!$M$2:$M$947,Objects!$E$2:$E$947,$A41) | G41: =_xlfn.MAXIFS(Objects!$M$2:$M$947,Objects!$E$2:$E$947,$A41) | H41: =IFERROR(COUNTIFS(Objects!$E$2:$E$947,$A41,Objects!$Q$2:$Q$947,">0")/$C41,0) | I41: =IFERROR(COUNTIFS(Objects!$E$2:$E$947,$A41,Objects!$R$2:$R$947,1)/$C41,0) | J41: =IFERROR(COUNTIFS(Objects!$E$2:$E$947,$A41,Objects!$S$2:$S$947,1)/$C41,0) | K41: =IFERROR(COUNTIFS(Objects!$E$2:$E$947,$A41,Objects!$T$2:$T$947,1)/$C41,0) | L41: 0 | M41: 0 | N41: 0 | O41: 0 | P41: 0 | Q41: 14 | R41: 0 | S41: 0 | T41: 0 | U41: =SUM(L41:T41) | V41: =IFERROR(MAX(L41:T41)/U41,0) | W41: raft | X41: label vote
A43: Votes are the first, neutral pass (program output). A 'VP..-SF..' label votes for the strip it sits on and for the wall standing in that strip.

Sheet Objects
A1: ID | B1: Building | C1: Building from | D1: Drawing kind | E1: Cluster | F1: Class | G1: Label shown | H1: Class named by | I1: Type key | J1: Type source | K1: Label text | L1: Length (cm) | M1: Width (cm) | N1: L/W | O1: Area (m²) | P1: Angle (°) | Q1: Touches solids | R1: Inside an outline | S1: In a strip band | T1: On a stamped region | U1: On the building edge | V1: Solids inside | W1: Dots inside | X1: Beams touching | Y1: Net length (m) | Z1: Extent | AA1: bbox x0 (px) | AB1: bbox y0 (px) | AC1: bbox x1 (px) | AD1: bbox y1 (px) | AE1: (validation) verified class | AF1: (validation) agrees
A2: 1 | B2: 120 | C2: own label | D2: solid | E2: 25 | F2: column | G2: Column P1/120 0.80 × 0.25 m | H2: label vote | I2: P1/120 | J2: printed label | K2: P1/120/120 | L2: 80 | M2: 25 | N2: =IF(AND(ISNUMBER(L2),M2>0),L2/M2,"") | O2: 0.2 | P2: 0 | Q2: 0 | R2: 0 | S2: 0 | T2: 1 | U2: 0 | V2: 0 | W2: 0 | X2: 0 | AA2: 4596.9 | AB2: 792 | AC2: 4620.6 | AD2: 799.4 | AE2: column | AF2: =IF(AE2="","",IF(OR(AE2=F2,AND(AE2="crane_footing",F2="isolated_footing")),"yes","no"))
A3: 2 | B3: 120 | C3: own label | D3: solid | E3: 25 | F3: column | G3: Column P1/120 0.80 × 0.25 m | H3: label vote | I3: P1/120 | J3: printed label | K3: P1/120/120 | L3: 80 | M3: 25 | N3: =IF(AND(ISNUMBER(L3),M3>0),L3/M3,"") | O3: 0.2 | P3: 0 | Q3: 0 | R3: 0 | S3: 0 | T3: 1 | U3: 0 | V3: 0 | W3: 0 | X3: 0 | AA3: 4704.8 | AB3: 861.4 | AC3: 4728.4 | AD3: 868.8 | AE3: column | AF3: =IF(AE3="","",IF(OR(AE3=F3,AND(AE3="crane_footing",F3="isolated_footing")),"yes","no"))
A4: 3 | B4: 120 | C4: own label | D4: solid | E4: 25 | F4: column | G4: Column P1/120 0.80 × 0.25 m | H4: label vote | I4: P1/120 | J4: printed label | K4: P1/120/120 | L4: 80 | M4: 25 | N4: =IF(AND(ISNUMBER(L4),M4>0),L4/M4,"") | O4: 0.2 | P4: 0 | Q4: 0 | R4: 0 | S4: 0 | T4: 1 | U4: 0 | V4: 0 | W4: 0 | X4: 0 | AA4: 4596.9 | AB4: 861.4 | AC4: 4620.6 | AD4: 868.8 | AE4: column | AF4: =IF(AE4="","",IF(OR(AE4=F4,AND(AE4="crane_footing",F4="isolated_footing")),"yes","no"))
A5: 4 | B5: 120 | C5: own label | D5: solid | E5: 25 | F5: column | G5: Column P1/120 0.80 × 0.25 m | H5: label vote | I5: P1/120 | J5: printed label | K5: P1/120/120 | L5: 80 | M5: 25 | N5: =IF(AND(ISNUMBER(L5),M5>0),L5/M5,"") | O5: 0.2 | P5: 0 | Q5: 0 | R5: 0 | S5: 0 | T5: 1 | U5: 0 | V5: 0 | W5: 0 | X5: 0 | AA5: 4704.8 | AB5: 792 | AC5: 4728.4 | AD5: 799.4 | AE5: column | AF5: =IF(AE5="","",IF(OR(AE5=F5,AND(AE5="crane_footing",F5="isolated_footing")),"yes","no"))
A6: 5 | B6: 120 | C6: own label | D6: solid | E6: 31 | F6: shear_wall | G6: Shear wall V1/120 2.00 × 0.25 m | H6: label vote | I6: V1/120 | J6: printed label | K6: V1/120/120 | L6: 200 | M6: 25 | N6: =IF(AND(ISNUMBER(L6),M6>0),L6/M6,"") | O6: 0.502 | P6: 0 | Q6: 0 | R6: 0 | S6: 0 | T6: 1 | U6: 0 | V6: 0 | W6: 2 | X6: 2 | AA6: 4521.3 | AB6: 517.4 | AC6: 4580.3 | AD6: 524.9 | AE6: shear_wall | AF6: =IF(AE6="","",IF(OR(AE6=F6,AND(AE6="crane_footing",F6="isolated_footing")),"yes","no"))
A7: 6 | B7: 120 | C7: own label | D7: solid | E7: 31 | F7: shear_wall | G7: Shear wall V1/120 2.00 × 0.25 m | H7: label vote | I7: V1/120 | J7: printed label | K7: V1/120/120 | L7: 200 | M7: 25 | N7: =IF(AND(ISNUMBER(L7),M7>0),L7/M7,"") | O7: 0.5 | P7: 0 | Q7: 0 | R7: 0 | S7: 0 | T7: 1 | U7: 0 | V7: 0 | W7: 2 | X7: 2 | AA7: 4516.5 | AB7: 826.7 | AC7: 4575.6 | AD7: 834.2 | AE7: shear_wall | AF7: =IF(AE7="","",IF(OR(AE7=F7,AND(AE7="crane_footing",F7="isolated_footing")),"yes","no"))
A8: 7 | B8: 120 | C8: own label | D8: solid | E8: 31 | F8: shear_wall | G8: Shear wall V1/120 2.00 × 0.25 m | H8: label vote | I8: V1/120 | J8: printed label | K8: V1/120/120 | L8: 200 | M8: 25 | N8: =IF(AND(ISNUMBER(L8),M8>0),L8/M8,"") | O8: 0.5 | P8: 0 | Q8: 0 | R8: 1 | S8: 0 | T8: 0 | U8: 0 | V8: 0 | W8: 2 | X8: 2 | AA8: 4519.4 | AB8: 681.4 | AC8: 4578.4 | AD8: 688.7 | AE8: shear_wall | AF8: =IF(AE8="","",IF(OR(AE8=F8,AND(AE8="crane_footing",F8="isolated_footing")),"yes","no"))
A9: 8 | B9: 120 | C9: own label | D9: solid | E9: 31 | F9: shear_wall | G9: Shear wall V1/120 2.00 × 0.25 m | H9: label vote | I9: V1/120 | J9: printed label | K9: V1/120/120 | L9: 200 | M9: 25 | N9: =IF(AND(ISNUMBER(L9),M9>0),L9/M9,"") | O9: 0.499 | P9: 0 | Q9: 0 | R9: 1 | S9: 0 | T9: 0 | U9: 0 | V9: 0 | W9: 2 | X9: 2 | AA9: 4519.5 | AB9: 972.2 | AC9: 4578.5 | AD9: 979.5 | AE9: shear_wall | AF9: =IF(AE9="","",IF(OR(AE9=F9,AND(AE9="crane_footing",F9="isolated_footing")),"yes","no"))
A10: 9 | B10: 120 | C10: own label | D10: solid | E10: 31 | F10: shear_wall | G10: Shear wall V2/120 1.25 × 0.25 m | H10: label vote | I10: V2/120 | J10: printed label | K10: V2/120/120 | L10: 125 | M10: 25 | N10: =IF(AND(ISNUMBER(L10),M10>0),L10/M10,"") | O10: 0.313 | P10: 179.7 | Q10: 0 | R10: 1 | S10: 0 | T10: 0 | U10: 0 | V10: 0 | W10: 2 | X10: 2 | AA10: 4516.6 | AB10: 1323 | AC10: 4553.6 | AD10: 1330.6 | AE10: shear_wall | AF10: =IF(AE10="","",IF(OR(AE10=F10,AND(AE10="crane_footing",F10="isolated_footing")),"yes","no"))
A11: 10 | B11: 120 | C11: own label | D11: solid | E11: 33 | F11: shear_wall | G11: Shear wall V2/120 1.25 × 0.25 m | H11: label vote | I11: V2/120 | J11: printed label | K11: V2/120/120 | L11: 125 | M11: 25 | N11: =IF(AND(ISNUMBER(L11),M11>0),L11/M11,"") | O11: 0.312 | P11: 0 | Q11: 1 | R11: 1 | S11: 0 | T11: 0 | U11: 0 | V11: 0 | W11: 0 | X11: 2 | AA11: 4749.1 | AB11: 1323.2 | AC11: 4786.1 | AD11: 1330.5 | AF11: =IF(AE11="","",IF(OR(AE11=F11,AND(AE11="crane_footing",F11="isolated_footing")),"yes","no"))
A12: 11 | B12: 120 | C12: own label | D12: solid | E12: 31 | F12: shear_wall | G12: Shear wall V3/120 1.25 × 0.25 m | H12: label vote | I12: V3/120 | J12: printed label | K12: V3/120/120 | L12: 125 | M12: 25 | N12: =IF(AND(ISNUMBER(L12),M12>0),L12/M12,"") | O12: 0.314 | P12: 0 | Q12: 0 | R12: 1 | S12: 0 | T12: 0 | U12: 0 | V12: 0 | W12: 2 | X12: 2 | AA12: 4285 | AB12: 864.7 | AC12: 4321.9 | AD12: 872.1 | AE12: shear_wall | AF12: =IF(AE12="","",IF(OR(AE12=F12,AND(AE12="crane_footing",F12="isolated_footing")),"yes","no"))
A13: 12 | B13: 120 | C13: own label | D13: solid | E13: 31 | F13: shear_wall | G13: Shear wall V3/120 1.25 × 0.25 m | H13: label vote | I13: V3/120 | J13: printed label | K13: V3/120/120 | L13: 125 | M13: 25 | N13: =IF(AND(ISNUMBER(L13),M13>0),L13/M13,"") | O13: 0.313 | P13: 0.1 | Q13: 0 | R13: 0 | S13: 0 | T13: 1 | U13: 0 | V13: 0 | W13: 2 | X13: 2 | AA13: 4253.5 | AB13: 1323.1 | AC13: 4290.5 | AD13: 1330.5 | AE13: shear_wall | AF13: =IF(AE13="","",IF(OR(AE13=F13,AND(AE13="crane_footing",F13="isolated_footing")),"yes","no"))
A14: 13 | B14: 120 | C14: own label | D14: solid | E14: 31 | F14: shear_wall | G14: Shear wall V3/120 1.25 × 0.25 m | H14: label vote | I14: V3/120 | J14: printed label | K14: V3/120/120 | L14: 125 | M14: 25 | N14: =IF(AND(ISNUMBER(L14),M14>0),L14/M14,"") | O14: 0.313 | P14: 0.1 | Q14: 0 | R14: 1 | S14: 0 | T14: 0 | U14: 0 | V14: 0 | W14: 0 | X14: 2 | AA14: 4284.8 | AB14: 1094.2 | AC14: 4321.7 | AD14: 1101.6 | AE14: shear_wall | AF14: =IF(AE14="","",IF(OR(AE14=F14,AND(AE14="crane_footing",F14="isolated_footing")),"yes","no"))
A15: 14 | B15: 120 | C15: own label | D15: solid | E15: 31 | F15: shear_wall | G15: Shear wall V3/120 1.25 × 0.25 m | H15: label vote | I15: V3/120 | J15: printed label | K15: V3/120120 | L15: 125 | M15: 25 | N15: =IF(AND(ISNUMBER(L15),M15>0),L15/M15,"") | O15: 0.313 | P15: 0.1 | Q15: 0 | R15: 1 | S15: 0 | T15: 0 | U15: 0 | V15: 0 | W15: 3 | X15: 2 | AA15: 4285.2 | AB15: 635.6 | AC15: 4322.1 | AD15: 643 | AE15: shear_wall | AF15: =IF(AE15="","",IF(OR(AE15=F15,AND(AE15="crane_footing",F15="isolated_footing")),"yes","no"))
A16: 15 | B16: 120 | C16: own label | D16: solid | E16: 29 | F16: shear_wall | G16: Shear wall V4/120 2.00 × 0.25 m | H16: label vote | I16: V4/120 | J16: printed label | K16: V4/120/120 | L16: 200 | M16: 25 | N16: =IF(AND(ISNUMBER(L16),M16>0),L16/M16,"") | O16: 0.5 | P16: 90.1 | Q16: 1 | R16: 1 | S16: 0 | T16: 0 | U16: 1 | V16: 0 | W16: 1 | X16: 0 | AA16: 4763.6 | AB16: 416.7 | AC16: 4771.1 | AD16: 475.8 | AF16: =IF(AE16="","",IF(OR(AE16=F16,AND(AE16="crane_footing",F16="isolated_footing")),"yes","no"))
A17: 16 | B17: 120 | C17: own label | D17: solid | E17: 31 | F17: shear_wall | G17: Shear wall V4/120 2.00 × 0.25 m | H17: label vote | I17: V4/120 | J17: printed label | K17: V4/120/120 | L17: 200 | M17: 25 | N17: =IF(AND(ISNUMBER(L17),M17>0),L17/M17,"") | O17: 0.5 | P17: 90 | Q17: 0 | R17: 0 | S17: 0 | T17: 1 | U17: 0 | V17: 0 | W17: 2 | X17: 0 | AA17: 4644.1 | AB17: 425.8 | AC17: 4651.4 | AD17: 484.9 | AE17: shear_wall | AF17: =IF(AE17="","",IF(OR(AE17=F17,AND(AE17="crane_footing",F17="isolated_footing")),"yes","no"))
A18: 17 | B18: 120 | C18: own label | D18: solid | E18: 27 | F18: shear_wall | G18: Shear wall V5/120 3.00 × 0.25 m | H18: similar to cluster 29 (distance 2.85) | I18: V5/120 | J18: printed label | K18: V5/120/120 | L18: 300 | M18: 25 | N18: =IF(AND(ISNUMBER(L18),M18>0),L18/M18,"") | O18: 0.752 | P18: 90 | Q18: 1 | R18: 1 | S18: 0 | T18: 0 | U18: 1 | V18: 0 | W18: 2 | X18: 0 | AA18: 4763.8 | AB18: 1046.6 | AC18: 4771.2 | AD18: 1135.2 | AF18: =IF(AE18="","",IF(OR(AE18=F18,AND(AE18="crane_footing",F18="isolated_footing")),"yes","no"))
A19: 18 | B19: 120 | C19: own label | D19: solid | E19: 29 | F19: shear_wall | G19: Shear wall V8/120 2.50 × 0.25 m | H19: label vote | I19: V8/120 | J19: printed label | K19: V8/120/120 | L19: 250 | M19: 25 | N19: =IF(AND(ISNUMBER(L19),M19>0),L19/M19,"") | O19: 0.625 | P19: 90.1 | Q19: 1 | R19: 1 | S19: 0 | T19: 0 | U19: 1 | V19: 0 | W19: 1 | X19: 0 | AA19: 4763.7 | AB19: 561.5 | AC19: 4771.2 | AD19: 635.3 | AF19: =IF(AE19="","",IF(OR(AE19=F19,AND(AE19="crane_footing",F19="isolated_footing")),"yes","no"))
A20: 19 | B20: 120 | C20: own label | D20: solid | E20: 38 | F20: shear_wall | G20: Shear wall V9/120 2.00 × 0.30 m | H20: label vote | I20: V9/120 | J20: printed label | K20: V9/120/120 | L20: 200 | M20: 30 | N20: =IF(AND(ISNUMBER(L20),M20>0),L20/M20,"") | O20: 0.601 | P20: 0 | Q20: 0 | R20: 1 | S20: 0 | T20: 0 | U20: 0 | V20: 0 | W20: 2 | X20: 2 | AA20: 4516.6 | AB20: 1139.7 | AC20: 4575.6 | AD20: 1148.6 | AE20: shear_wall | AF20: =IF(AE20="","",IF(OR(AE20=F20,AND(AE20="crane_footing",F20="isolated_footing")),"yes","no"))
A21: 20 | B21: 120 | C21: region between joints | D21: solid | E21: 26 | F21: core_wall | G21: Core wall 1.10 × 0.20 m | H21: rule: unlabelled interior wall, no V type of its size | I21: (none) | L21: 110 | M21: 20 | N21: =IF(AND(ISNUMBER(L21),M21>0),L21/M21,"") | O21: 0.209 | P21: 90 | Q21: 1 | R21: 0 | S21: 0 | T21: 1 | U21: 0 | V21: 0 | W21: 2 | X21: 0 | AA21: 4818.4 | AB21: 868.7 | AC21: 4824.2 | AD21: 901.3 | AF21: =IF(AE21="","",IF(OR(AE21=F21,AND(AE21="crane_footing",F21="isolated_footing")),"yes","no"))
A22: 21 | B22: 120 | C22: region between joints | D22: solid | E22: 28 | F22: core_wall | G22: Core wall 2.87 × 0.25 m | H22: rule: unlabelled interior wall, no V type of its size | I22: (none) | J22: no shear_wall type in its building has this size | L22: 287 | M22: 25 | N22: =IF(AND(ISNUMBER(L22),M22>0),L22/M22,"") | O22: 0.722 | P22: 180 | Q22: 2 | R22: 0 | S22: 0 | T22: 1 | U22: 0 | V22: 0 | W22: 4 | X22: 0 | AA22: 4771.3 | AB22: 749.2 | AC22: 4856.1 | AD22: 756.6 | AF22: =IF(AE22="","",IF(OR(AE22=F22,AND(AE22="crane_footing",F22="isolated_footing")),"yes","no"))
A23: 22 | B23: 120 | C23: region between joints | D23: solid | E23: 26 | F23: core_wall | G23: Core wall 1.75 × 0.25 m | H23: rule: unlabelled interior wall, no V type of its size | I23: (none) | L23: 175 | M23: 25 | N23: =IF(AND(ISNUMBER(L23),M23>0),L23/M23,"") | O23: 0.441 | P23: 89.9 | Q23: 1 | R23: 0 | S23: 0 | T23: 1 | U23: 0 | V23: 0 | W23: 1 | X23: 0 | AA23: 4763.8 | AB23: 756.6 | AC23: 4771.3 | AD23: 808.2 | AF23: =IF(AE23="","",IF(OR(AE23=F23,AND(AE23="crane_footing",F23="isolated_footing")),"yes","no"))
A24: 23 | B24: 120 | C24: region between joints | D24: solid | E24: 26 | F24: core_wall | G24: Core wall 1.58 × 0.25 m | H24: rule: unlabelled interior wall, no V type of its size | I24: (none) | L24: 158 | M24: 25 | N24: =IF(AND(ISNUMBER(L24),M24>0),L24/M24,"") | O24: 0.402 | P24: 89.9 | Q24: 1 | R24: 0 | S24: 0 | T24: 1 | U24: 0 | V24: 0 | W24: 1 | X24: 0 | AA24: 4870.7 | AB24: 781.7 | AC24: 4878.3 | AD24: 828.2 | AF24: =IF(AE24="","",IF(OR(AE24=F24,AND(AE24="crane_footing",F24="isolated_footing")),"yes","no"))
A25: 24 | B25: 120 | C25: region between joints | D25: solid | E25: 25 | F25: core_wall | G25: Core wall 0.47 × 0.26 m | H25: rule: column-shaped piece drawn like a wall (outline pen or continuity) | I25: (none) | L25: 47 | M25: 26 | N25: =IF(AND(ISNUMBER(L25),M25>0),L25/M25,"") | O25: 0.122 | P25: 89.9 | Q25: 1 | R25: 0 | S25: 0 | T25: 1 | U25: 0 | V25: 0 | W25: 0 | X25: 0 | AA25: 4870.7 | AB25: 760.3 | AC25: 4878.3 | AD25: 774.3 | AF25: =IF(AE25="","",IF(OR(AE25=F25,AND(AE25="crane_footing",F25="isolated_footing")),"yes","no"))
A26: 25 | B26: 120 | C26: region between joints | D26: cross_hatch | E26: 10 | F26: core_wall | G26: Core wall 2.41 × 0.20 m | H26: rule: unlabelled interior wall, no V type of its size | I26: (none) | L26: 241 | M26: 20 | N26: =IF(AND(ISNUMBER(L26),M26>0),L26/M26,"") | O26: 0.567 | P26: 0 | Q26: 2 | R26: 0 | S26: 0 | T26: 1 | U26: 0 | V26: 0 | W26: 6 | X26: 0 | AA26: 4620.6 | AB26: 862.9 | AC26: 4704.8 | AD26: 868.8 | AF26: =IF(AE26="","",IF(OR(AE26=F26,AND(AE26="crane_footing",F26="isolated_footing")),"yes","no"))
A27: 26 | B27: 120 | C27: region between joints | D27: cross_hatch | E27: 10 | F27: core_wall | G27: Core wall 1.63 × 0.20 m | H27: rule: unlabelled interior wall, no V type of its size | I27: (none) | L27: 163 | M27: 20 | N27: =IF(AND(ISNUMBER(L27),M27>0),L27/M27,"") | O27: 0.671 | P27: 0 | Q27: 2 | R27: 0 | S27: 0 | T27: 1 | U27: 0 | V27: 0 | W27: 3 | X27: 0 | AA27: 4771.2 | AB27: 802.4 | AC27: 4870.8 | AD27: 808.2 | AF27: =IF(AE27="","",IF(OR(AE27=F27,AND(AE27="crane_footing",F27="isolated_footing")),"yes","no"))
A28: 27 | B28: 120 | C28: region between joints | D28: outline | E28: 17 | F28: core_wall | G28: Core wall 2.10 × 0.20 m | H28: rule: unlabelled interior wall, no V type of its size (drawn as an outline with a pattern inside) | I28: (none) | L28: 210 | M28: 20 | N28: =IF(AND(ISNUMBER(L28),M28>0),L28/M28,"") | O28: 0.42 | P28: 90.1 | Q28: 2 | R28: 0 | S28: 0 | T28: 1 | U28: 0 | V28: 0 | W28: 3 | X28: 0 | AA28: 4722.4 | AB28: 799.4 | AC28: 4728.4 | AD28: 861.4 | AF28: =IF(AE28="","",IF(OR(AE28=F28,AND(AE28="crane_footing",F28="isolated_footing")),"yes","no"))
A29: 28 | B29: 120 | C29: region between joints | D29: outline | E29: 18 | F29: core_wall | G29: Core wall 1.20 × 0.20 m | H29: rule: unlabelled interior wall, no V type of its size (drawn as an outline with a pattern inside) | I29: (none) | L29: 120 | M29: 20 | N29: =IF(AND(ISNUMBER(L29),M29>0),L29/M29,"") | O29: 0.239 | P29: 0.1 | Q29: 2 | R29: 0 | S29: 0 | T29: 1 | U29: 0 | V29: 0 | W29: 5 | X29: 0 | AA29: 4728.3 | AB29: 792 | AC29: 4763.7 | AD29: 798 | AF29: =IF(AE29="","",IF(OR(AE29=F29,AND(AE29="crane_footing",F29="isolated_footing")),"yes","no"))
A30: 29 | B30: 120 | C30: region between joints | D30: outline | E30: 18 | F30: core_wall | G30: Core wall 1.12 × 0.20 m | H30: rule: unlabelled interior wall, no V type of its size (drawn as an outline with a pattern inside) | I30: (none) | L30: 112 | M30: 20 | N30: =IF(AND(ISNUMBER(L30),M30>0),L30/M30,"") | O30: 0.225 | P30: 90 | Q30: 2 | R30: 0 | S30: 0 | T30: 1 | U30: 0 | V30: 0 | W30: 3 | X30: 0 | AA30: 4870.8 | AB30: 828.2 | AC30: 4876.7 | AD30: 861.4 | AF30: =IF(AE30="","",IF(OR(AE30=F30,AND(AE30="crane_footing",F30="isolated_footing")),"yes","no"))
A31: 30 | B31: 120 | C31: region between joints | D31: cross_hatch | E31: 10 | F31: core_wall | G31: Core wall 2.85 × 0.20 m | H31: rule: unlabelled interior wall, no V type of its size | I31: (none) | L31: 285 | M31: 20 | N31: =IF(AND(ISNUMBER(L31),M31>0),L31/M31,"") | O31: 0.57 | P31: 0 | Q31: 2 | R31: 0 | S31: 0 | T31: 1 | U31: 0 | V31: 0 | W31: 6 | X31: 0 | AA31: 4620.6 | AB31: 792 | AC31: 4704.7 | AD31: 797.9 | AF31: =IF(AE31="","",IF(OR(AE31=F31,AND(AE31="crane_footing",F31="isolated_footing")),"yes","no"))
A32: 31 | B32: 120 | C32: region between joints | D32: cross_hatch | E32: 10 | F32: core_wall | G32: Core wall 2.10 × 0.20 m | H32: rule: unlabelled interior wall, no V type of its size | I32: (none) | L32: 210 | M32: 20 | N32: =IF(AND(ISNUMBER(L32),M32>0),L32/M32,"") | O32: 0.42 | P32: 90 | Q32: 2 | R32: 0 | S32: 0 | T32: 1 | U32: 0 | V32: 0 | W32: 3 | X32: 0 | AA32: 4597 | AB32: 799.4 | AC32: 4602.9 | AD32: 861.4 | AF32: =IF(AE32="","",IF(OR(AE32=F32,AND(AE32="crane_footing",F32="isolated_footing")),"yes","no"))
A33: 32 | B33: 120 | C33: region between joints | D33: cross_hatch | E33: 10 | F33: core_wall | G33: Core wall 4.82 × 0.20 m | H33: rule: unlabelled interior wall, no V type of its size | I33: (none) | L33: 482 | M33: 20 | N33: =IF(AND(ISNUMBER(L33),M33>0),L33/M33,"") | O33: 0.965 | P33: 180 | Q33: 3 | R33: 0 | S33: 0 | T33: 1 | U33: 0 | V33: 0 | W33: 8 | X33: 0 | AA33: 4728.4 | AB33: 862.8 | AC33: 4870.8 | AD33: 868.8 | AF33: =IF(AE33="","",IF(OR(AE33=F33,AND(AE33="crane_footing",F33="isolated_footing")),"yes","no"))
A34: 33 | B34: 120 | C34: region between joints | D34: solid | E34: 32 | F34: retaining_wall | G34: Retaining wall ~VP20 28.69 × 0.20 m | H34: rule: unlabelled wall along the building edge or on a strip footing | I34: VP20 | J34: inferred: the thickness of this retaining-wall type | L34: 2869 | M34: 20 | N34: =IF(AND(ISNUMBER(L34),M34>0),L34/M34,"") | O34: 5.7 | P34: 90 | Q34: 1 | R34: 0 | S34: 1 | T34: 0 | U34: 1 | V34: 0 | W34: 48 | X34: 5 | AA34: 4159.1 | AB34: 483.6 | AC34: 4165.5 | AD34: 1330.7 | AF34: =IF(AE34="","",IF(OR(AE34=F34,AND(AE34="crane_footing",F34="isolated_footing")),"yes","no"))
A35: 34 | B35: 120 | C35: region between joints | D35: solid | E35: 32 | F35: retaining_wall | G35: Retaining wall ~VP20 20.55 × 0.20 m | H35: label vote | I35: VP20 | J35: inferred: the only retaining_wall type with this size | L35: 2055 | M35: 20 | N35: =IF(AND(ISNUMBER(L35),M35>0),L35/M35,"") | O35: 4.06 | P35: 172.6 | Q35: 1 | R35: 0 | S35: 1 | T35: 0 | U35: 1 | V35: 0 | W35: 2 | X35: 1 | AA35: 4159.6 | AB35: 404.5 | AC35: 4761.8 | AD35: 486.5 | AF35: =IF(AE35="","",IF(OR(AE35=F35,AND(AE35="crane_footing",F35="isolated_footing")),"yes","no"))
A36: 35 | B36: 120 | C36: region between joints | D36: solid | E36: 30 | F36: retaining_wall | G36: Retaining wall ~VP20 11.29 × 0.20 m | H36: rule: unlabelled wall along the building edge or on a strip footing | I36: VP20 | J36: inferred: the thickness of this retaining-wall type | L36: 1129 | M36: 20 | N36: =IF(AND(ISNUMBER(L36),M36>0),L36/M36,"") | O36: 2.246 | P36: 90 | Q36: 3 | R36: 0 | S36: 0 | T36: 0 | U36: 1 | V36: 2 | W36: 26 | X36: 2 | AA36: 4765.2 | AB36: 415.9 | AC36: 4771.1 | AD36: 749.2 | AF36: =IF(AE36="","",IF(OR(AE36=F36,AND(AE36="crane_footing",F36="isolated_footing")),"yes","no"))
A37: 36 | B37: 120 | C37: region between joints | D37: solid | E37: 26 | F37: retaining_wall | G37: Retaining wall ~VP20 2.45 × 0.20 m | H37: rule: unlabelled wall along the building edge or on a strip footing | I37: VP20 | J37: inferred: the thickness of this retaining-wall type | L37: 245 | M37: 20 | N37: =IF(AND(ISNUMBER(L37),M37>0),L37/M37,"") | O37: 0.489 | P37: 90 | Q37: 1 | R37: 0 | S37: 1 | T37: 0 | U37: 0 | V37: 0 | W37: 2 | X37: 0 | AA37: 4818.3 | AB37: 901.3 | AC37: 4824.3 | AD37: 973.5 | AF37: =IF(AE37="","",IF(OR(AE37=F37,AND(AE37="crane_footing",F37="isolated_footing")),"yes","no"))
A38: 37 | B38: 120 | C38: region between joints | D38: solid | E38: 30 | F38: retaining_wall | G38: Retaining wall ~VP20 18.49 × 0.20 m | H38: rule: unlabelled wall along the building edge or on a strip footing | I38: VP20 | J38: inferred: the thickness of this retaining-wall type | L38: 1849 | M38: 20 | N38: =IF(AND(ISNUMBER(L38),M38>0),L38/M38,"") | O38: 3.705 | P38: 90 | Q38: 3 | R38: 0 | S38: 0 | T38: 0 | U38: 1 | V38: 1 | W38: 37 | X38: 5 | AA38: 4765.5 | AB38: 976.5 | AC38: 4771.5 | AD38: 1522.5 | AF38: =IF(AE38="","",IF(OR(AE38=F38,AND(AE38="crane_footing",F38="isolated_footing")),"yes","no"))
A39: 38 | B39: 120 | C39: region between joints | D39: solid | E39: 27 | F39: retaining_wall | G39: Retaining wall ~VP25 4.74 × 0.25 m | H39: rule: unlabelled wall along the building edge or on a strip footing | I39: VP25 | J39: inferred: the thickness of this retaining-wall type | L39: 474 | M39: 25 | N39: =IF(AND(ISNUMBER(L39),M39>0),L39/M39,"") | O39: 1.188 | P39: 180 | Q39: 1 | R39: 0 | S39: 0 | T39: 1 | U39: 1 | V39: 0 | W39: 4 | X39: 0 | AA39: 4870.8 | AB39: 861.3 | AC39: 5010.9 | AD39: 868.7 | AF39: =IF(AE39="","",IF(OR(AE39=F39,AND(AE39="crane_footing",F39="isolated_footing")),"yes","no"))
A40: 39 | B40: 120 | C40: region between joints | D40: solid | E40: 27 | F40: retaining_wall | G40: Retaining wall ~VP25 2.70 × 0.25 m | H40: rule: unlabelled wall along the building edge or on a strip footing | I40: VP25 | J40: inferred: the thickness of this retaining-wall type | L40: 270 | M40: 25 | N40: =IF(AND(ISNUMBER(L40),M40>0),L40/M40,"") | O40: 0.684 | P40: 90 | Q40: 1 | R40: 0 | S40: 0 | T40: 1 | U40: 1 | V40: 0 | W40: 6 | X40: 0 | AA40: 5011 | AB40: 781.6 | AC40: 5018.5 | AD40: 861.3 | AF40: =IF(AE40="","",IF(OR(AE40=F40,AND(AE40="crane_footing",F40="isolated_footing")),"yes","no"))
A41: 40 | B41: 120 | C41: region between joints | D41: solid | E41: 27 | F41: retaining_wall | G41: Retaining wall ~VP25 4.24 × 0.25 m | H41: rule: unlabelled wall along the building edge or on a strip footing | I41: VP25 | J41: inferred: the thickness of this retaining-wall type | L41: 424 | M41: 25 | N41: =IF(AND(ISNUMBER(L41),M41>0),L41/M41,"") | O41: 1.062 | P41: 180 | Q41: 2 | R41: 0 | S41: 0 | T41: 1 | U41: 1 | V41: 0 | W41: 4 | X41: 0 | AA41: 4878.4 | AB41: 774.2 | AC41: 5003.8 | AD41: 781.7 | AF41: =IF(AE41="","",IF(OR(AE41=F41,AND(AE41="crane_footing",F41="isolated_footing")),"yes","no"))
A42: 41 | B42: 120 | C42: own label | D42: outline | E42: 12 | F42: isolated_footing | G42: Isolated footing S1 2.80 × 2.80 m | H42: label vote | I42: S1 | J42: printed label | K42: S1-120120 | L42: 280 | M42: 280 | N42: =IF(AND(ISNUMBER(L42),M42>0),L42/M42,"") | O42: 7.843 | P42: 90 | Q42: 3 | R42: 0 | S42: 0 | T42: 0 | U42: 1 | V42: 1 | W42: 34 | X42: 0 | AA42: 4726 | AB42: 404.9 | AC42: 4808.7 | AD42: 487.6 | AE42: isolated_footing | AF42: =IF(AE42="","",IF(OR(AE42=F42,AND(AE42="crane_footing",F42="isolated_footing")),"yes","no"))
A43: 42 | B43: 120 | C43: own label | D43: outline | E43: 12 | F43: isolated_footing | G43: Isolated footing S2 3.50 × 2.00 m | H43: label vote | I43: S2 | J43: printed label | K43: S2-120120 | L43: 350 | M43: 200 | N43: =IF(AND(ISNUMBER(L43),M43>0),L43/M43,"") | O43: 7.001 | P43: 0 | Q43: 1 | R43: 0 | S43: 0 | T43: 0 | U43: 0 | V43: 1 | W43: 40 | X43: 2 | AA43: 4248.2 | AB43: 610.5 | AC43: 4351.6 | AD43: 669.6 | AE43: isolated_footing | AF43: =IF(AE43="","",IF(OR(AE43=F43,AND(AE43="crane_footing",F43="isolated_footing")),"yes","no"))
A44: 43 | B44: 120 | C44: own label | D44: outline | E44: 12 | F44: isolated_footing | G44: Isolated footing S2 3.50 × 2.00 m | H44: label vote | I44: S2 | J44: printed label | K44: S2-120120 | L44: 350 | M44: 200 | N44: =IF(AND(ISNUMBER(L44),M44>0),L44/M44,"") | O44: 7.001 | P44: 0 | Q44: 1 | R44: 0 | S44: 0 | T44: 0 | U44: 0 | V44: 1 | W44: 36 | X44: 3 | AA44: 4248.1 | AB44: 835.2 | AC44: 4351.5 | AD44: 894.4 | AE44: isolated_footing | AF44: =IF(AE44="","",IF(OR(AE44=F44,AND(AE44="crane_footing",F44="isolated_footing")),"yes","no"))
A45: 44 | B45: 120 | C45: own label | D45: outline | E45: 12 | F45: isolated_footing | G45: Isolated footing S2 3.50 × 2.00 m | H45: label vote | I45: S2 | J45: printed label | K45: S2-120120 | L45: 350 | M45: 200 | N45: =IF(AND(ISNUMBER(L45),M45>0),L45/M45,"") | O45: 7.001 | P45: 0 | Q45: 1 | R45: 0 | S45: 0 | T45: 0 | U45: 0 | V45: 1 | W45: 55 | X45: 2 | AA45: 4247.9 | AB45: 1067.9 | AC45: 4351.3 | AD45: 1127 | AE45: isolated_footing | AF45: =IF(AE45="","",IF(OR(AE45=F45,AND(AE45="crane_footing",F45="isolated_footing")),"yes","no"))
A46: 45 | B46: 120 | C46: own label | D46: outline | E46: 12 | F46: isolated_footing | G46: Isolated footing S3 3.20 × 3.20 m | H46: label vote | I46: S3 | J46: printed label | K46: S3-120120 | L46: 320 | M46: 320 | N46: =IF(AND(ISNUMBER(L46),M46>0),L46/M46,"") | O46: 10.244 | P46: 0 | Q46: 2 | R46: 0 | S46: 0 | T46: 0 | U46: 0 | V46: 1 | W46: 11 | X46: 0 | AA46: 4720.2 | AB46: 551.1 | AC46: 4814.7 | AD46: 645.7 | AE46: isolated_footing | AF46: =IF(AE46="","",IF(OR(AE46=F46,AND(AE46="crane_footing",F46="isolated_footing")),"yes","no"))
A47: 46 | B47: 120 | C47: own label | D47: outline | E47: 13 | F47: isolated_footing | G47: Isolated footing S5 4.50 × 4.00 m | H47: label vote | I47: S5 | J47: printed label | K47: S5-120120 | L47: 450 | M47: 400 | N47: =IF(AND(ISNUMBER(L47),M47>0),L47/M47,"") | O47: 18.004 | P47: 0.1 | Q47: 1 | R47: 0 | S47: 0 | T47: 0 | U47: 0 | V47: 1 | W47: 54 | X47: 3 | AA47: 4479.6 | AB47: 1085 | AC47: 4612.6 | AD47: 1203.4 | AE47: isolated_footing | AF47: =IF(AE47="","",IF(OR(AE47=F47,AND(AE47="crane_footing",F47="isolated_footing")),"yes","no"))
A48: 47 | B48: 120 | C48: own label (region says 121) | D48: outline | E48: 13 | F48: isolated_footing | G48: Isolated footing S6 5.00 × 4.50 m | H48: label vote | I48: S6 | J48: printed label | K48: S6-120120 | L48: 500 | M48: 450 | N48: =IF(AND(ISNUMBER(L48),M48>0),L48/M48,"") | O48: 22.506 | P48: 0.2 | Q48: 1 | R48: 0 | S48: 0 | T48: 0 | U48: 0 | V48: 1 | W48: 32 | X48: 2 | AA48: 4481.1 | AB48: 1877.9 | AC48: 4629.1 | AD48: 2011.2 | AE48: isolated_footing | AF48: =IF(AE48="","",IF(OR(AE48=F48,AND(AE48="crane_footing",F48="isolated_footing")),"yes","no"))
A49: 48 | B49: 120 | C49: own label | D49: outline | E49: 13 | F49: isolated_footing | G49: Isolated footing S6 5.00 × 4.50 m | H49: label vote | I49: S6 | J49: printed label | K49: S6-120120 | L49: 500 | M49: 450 | N49: =IF(AND(ISNUMBER(L49),M49>0),L49/M49,"") | O49: 22.481 | P49: 90 | Q49: 2 | R49: 0 | S49: 0 | T49: 0 | U49: 1 | V49: 1 | W49: 66 | X49: 1 | AA49: 4701.1 | AB49: 1016.7 | AC49: 4834.1 | AD49: 1164.3 | AE49: isolated_footing | AF49: =IF(AE49="","",IF(OR(AE49=F49,AND(AE49="crane_footing",F49="isolated_footing")),"yes","no"))
A50: 49 | B50: 120 | C50: own label | D50: outline | E50: 13 | F50: isolated_footing | G50: Isolated footing S7 4.50 × 3.50 m | H50: label vote | I50: S7 | J50: printed label | K50: S7-120120 | L50: 450 | M50: 350 | N50: =IF(AND(ISNUMBER(L50),M50>0),L50/M50,"") | O50: 15.756 | P50: 0.1 | Q50: 1 | R50: 0 | S50: 0 | T50: 0 | U50: 0 | V50: 1 | W50: 31 | X50: 3 | AA50: 4482.4 | AB50: 633.2 | AC50: 4615.4 | AD50: 736.9 | AE50: isolated_footing | AF50: =IF(AE50="","",IF(OR(AE50=F50,AND(AE50="crane_footing",F50="isolated_footing")),"yes","no"))
A51: 50 | B51: 120 | C51: own label | D51: outline | E51: 13 | F51: isolated_footing | G51: Isolated footing S7 4.50 × 3.50 m | H51: label vote | I51: S7 | J51: printed label | K51: S7-120120 | L51: 450 | M51: 350 | N51: =IF(AND(ISNUMBER(L51),M51>0),L51/M51,"") | O51: 15.756 | P51: 0.1 | Q51: 1 | R51: 0 | S51: 0 | T51: 0 | U51: 0 | V51: 1 | W51: 23 | X51: 3 | AA51: 4482.4 | AB51: 924 | AC51: 4615.6 | AD51: 1027.7 | AE51: isolated_footing | AF51: =IF(AE51="","",IF(OR(AE51=F51,AND(AE51="crane_footing",F51="isolated_footing")),"yes","no"))
A52: 51 | B52: 120 | C52: nearest labels | D52: outline | E52: 14 | F52: combined_footing | G52: Combined footing SC3 5.00 × 4.50 m | H52: label vote | I52: SC3 | J52: printed label | K52: SC3- | L52: 500 | M52: 450 | N52: =IF(AND(ISNUMBER(L52),M52>0),L52/M52,"") | O52: 22.501 | P52: 179.9 | Q52: 2 | R52: 0 | S52: 0 | T52: 0 | U52: 1 | V52: 2 | W52: 45 | X52: 6 | AA52: 4463.4 | AB52: 1264 | AC52: 4611.3 | AD52: 1397.2 | AE52: combined_footing | AF52: =IF(AE52="","",IF(OR(AE52=F52,AND(AE52="crane_footing",F52="isolated_footing")),"yes","no"))
A53: 52 | B53: 120 | C53: region between joints | D53: band | E53: 5 | F53: strip_footing | G53: Strip footing 2.15 × 0.80 m | H53: label vote | I53: (none) | L53: 215 | M53: 80 | N53: =IF(AND(ISNUMBER(L53),M53>0),L53/M53,"") | O53: 1.72 | P53: 90.1 | Q53: 1 | R53: 0 | S53: 0 | T53: 0 | U53: 0 | V53: 0 | W53: 16 | X53: 1 | Y53: 2.15 | AA53: 4756.4 | AB53: 487.6 | AC53: 4780.1 | AD53: 551.1 | AF53: =IF(AE53="","",IF(OR(AE53=F53,AND(AE53="crane_footing",F53="isolated_footing")),"yes","no"))
A54: 53 | B54: 120 | C54: region between joints | D54: band | E54: 5 | F54: strip_footing | G54: Strip footing 1.26 × 0.80 m | H54: label vote | I54: (none) | L54: 126 | M54: 80 | N54: =IF(AND(ISNUMBER(L54),M54>0),L54/M54,"") | O54: 1.009 | P54: 172.7 | Q54: 1 | R54: 0 | S54: 0 | T54: 0 | U54: 0 | V54: 0 | W54: 2 | X54: 0 | Y54: 1.26 | AA54: 4686.1 | AB54: 399.6 | AC54: 4726 | AD54: 427.7 | AF54: =IF(AE54="","",IF(OR(AE54=F54,AND(AE54="crane_footing",F54="isolated_footing")),"yes","no"))
A55: 54 | B55: 120 | C55: region between joints | D55: band | E55: 5 | F55: strip_footing | G55: Strip footing 0.99 × 0.80 m | H55: label vote | I55: (none) | L55: 99 | M55: 80 | N55: =IF(AND(ISNUMBER(L55),M55>0),L55/M55,"") | O55: 0.793 | P55: 179.9 | Q55: 0 | R55: 0 | S55: 0 | T55: 0 | U55: 0 | V55: 0 | W55: 2 | X55: 0 | Y55: 0.99 | AA55: 4780.2 | AB55: 964.7 | AC55: 4809.5 | AD55: 988.4 | AF55: =IF(AE55="","",IF(OR(AE55=F55,AND(AE55="crane_footing",F55="isolated_footing")),"yes","no"))
A56: 55 | B56: 120 | C56: region between joints | D56: band | E56: 5 | F56: strip_footing | G56: Strip footing 0.96 × 0.80 m | H56: label vote | I56: (none) | L56: 96 | M56: 80 | N56: =IF(AND(ISNUMBER(L56),M56>0),L56/M56,"") | O56: 0.769 | P56: 90 | Q56: 1 | R56: 0 | S56: 0 | T56: 0 | U56: 0 | V56: 0 | W56: 1 | X56: 0 | Y56: 0.96 | AA56: 4756.6 | AB56: 988.4 | AC56: 4780.2 | AD56: 1016.7 | AF56: =IF(AE56="","",IF(OR(AE56=F56,AND(AE56="crane_footing",F56="isolated_footing")),"yes","no"))
A57: 56 | B57: 120 | C57: region between joints | D57: band | E57: 5 | F57: strip_footing | G57: Strip footing SF1 27.64 × 0.80 m | H57: label vote | I57: SF1 | J57: printed label | K57: SF1-80x25 | L57: 2764 | M57: 80 | N57: =IF(AND(ISNUMBER(L57),M57>0),L57/M57,"") | O57: 22.109 | P57: 90 | Q57: 1 | R57: 0 | S57: 0 | T57: 0 | U57: 0 | V57: 1 | W57: 45 | X57: 3 | Y57: 27.64 | AA57: 4150.2 | AB57: 494.3 | AC57: 4174.4 | AD57: 1310.4 | AF57: =IF(AE57="","",IF(OR(AE57=F57,AND(AE57="crane_footing",F57="isolated_footing")),"yes","no"))
A58: 57 | B58: 120 | C58: region between joints | D58: band | E58: 5 | F58: strip_footing | G58: Strip footing SF1 14.76 × 0.80 m | H58: label vote | I58: SF1 | J58: printed label | K58: SF1 80x25 | L58: 1476 | M58: 80 | N58: =IF(AND(ISNUMBER(L58),M58>0),L58/M58,"") | O58: 11.805 | P58: 172.6 | Q58: 1 | R58: 0 | S58: 0 | T58: 0 | U58: 0 | V58: 1 | W58: 5 | X58: 1 | Y58: 14.76 | AA58: 4171.3 | AB58: 414.9 | AC58: 4606.4 | AD58: 494.4 | AF58: =IF(AE58="","",IF(OR(AE58=F58,AND(AE58="crane_footing",F58="isolated_footing")),"yes","no"))
A59: 58 | B59: 120 | C59: region between joints | D59: band | E59: 5 | F59: strip_footing | G59: Strip footing SF1 3.88 × 0.80 m | H59: label vote | I59: SF1 | J59: printed label | K59: SF1 80x25 | L59: 388 | M59: 80 | N59: =IF(AND(ISNUMBER(L59),M59>0),L59/M59,"") | O59: 3.105 | P59: 90 | Q59: 1 | R59: 0 | S59: 0 | T59: 0 | U59: 0 | V59: 0 | W59: 2 | X59: 0 | Y59: 3.88 | AA59: 4756.7 | AB59: 1164.2 | AC59: 4780.3 | AD59: 1278.9 | AF59: =IF(AE59="","",IF(OR(AE59=F59,AND(AE59="crane_footing",F59="isolated_footing")),"yes","no"))
A60: 59 | B60: 120 | C60: region between joints | D60: band | E60: 5 | F60: strip_footing | G60: Strip footing SF1 2.96 × 0.80 m | H60: label vote | I60: SF1 | J60: printed label | K60: SF1 80x25 | L60: 296 | M60: 80 | N60: =IF(AND(ISNUMBER(L60),M60>0),L60/M60,"") | O60: 2.366 | P60: 90 | Q60: 1 | R60: 0 | S60: 0 | T60: 0 | U60: 0 | V60: 0 | W60: 17 | X60: 1 | Y60: 2.96 | AA60: 4756.3 | AB60: 645.6 | AC60: 4780 | AD60: 732.9 | AF60: =IF(AE60="","",IF(OR(AE60=F60,AND(AE60="crane_footing",F60="isolated_footing")),"yes","no"))
A61: 60 | B61: 120 | C61: region between joints | D61: band | E61: 5 | F61: strip_footing | G61: Strip footing SF1 2.25 × 0.80 m | H61: label vote | I61: SF1 | J61: printed label | K61: SF1 80x25 | L61: 225 | M61: 80 | N61: =IF(AND(ISNUMBER(L61),M61>0),L61/M61,"") | O61: 1.798 | P61: 90 | Q61: 2 | R61: 0 | S61: 0 | T61: 0 | U61: 0 | V61: 1 | W61: 3 | X61: 0 | Y61: 2.25 | AA61: 4809.5 | AB61: 898.4 | AC61: 4833.2 | AD61: 964.7 | AF61: =IF(AE61="","",IF(OR(AE61=F61,AND(AE61="crane_footing",F61="isolated_footing")),"yes","no"))
A62: 61 | B62: 120 | C62: region between joints | D62: band | E62: 3 | F62: grade_beam | G62: Grade beam LG40x15 28.75 × 0.40 m | H62: label vote | I62: LG40x15 | J62: printed label | K62: LG-40x15 | L62: 2875 | M62: 40 | N62: =IF(AND(ISNUMBER(L62),M62>0),L62/M62,"") | O62: 11.499 | P62: 90 | Q62: 4 | R62: 0 | S62: 0 | T62: 0 | U62: 0 | V62: 0 | W62: 125 | X62: 7 | Y62: 21.55 | AA62: 4293.5 | AB62: 469.9 | AC62: 4305.9 | AD62: 1318.7 | AF62: =IF(AE62="","",IF(OR(AE62=F62,AND(AE62="crane_footing",F62="isolated_footing")),"yes","no"))
A63: 62 | B63: 120 | C63: region between joints | D63: band | E63: 3 | F63: grade_beam | G63: Grade beam LG40x15 26.89 × 0.40 m | H63: label vote | I63: LG40x15 | J63: printed label | K63: LG-40x15 | L63: 2689 | M63: 40 | N63: =IF(AND(ISNUMBER(L63),M63>0),L63/M63,"") | O63: 10.755 | P63: 89.9 | Q63: 5 | R63: 0 | S63: 0 | T63: 0 | U63: 0 | V63: 0 | W63: 9 | X63: 9 | Y63: 14.04 | AA63: 4540.4 | AB63: 524.8 | AC63: 4553.6 | AD63: 1318.7 | AF63: =IF(AE63="","",IF(OR(AE63=F63,AND(AE63="crane_footing",F63="isolated_footing")),"yes","no"))
A64: 63 | B64: 120 | C64: region between joints | D64: band | E64: 3 | F64: grade_beam | G64: Grade beam LG40x15 20.34 × 0.40 m | H64: label vote | I64: LG40x15 | J64: printed label | K64: LG-40x15 | L64: 2034 | M64: 40 | N64: =IF(AND(ISNUMBER(L64),M64>0),L64/M64,"") | O64: 8.137 | P64: 0 | Q64: 5 | R64: 0 | S64: 0 | T64: 0 | U64: 0 | V64: 2 | W64: 47 | X64: 3 | Y64: 12.91 | AA64: 4164.9 | AB64: 1318.7 | AC64: 4765.6 | AD64: 1330.5 | AF64: =IF(AE64="","",IF(OR(AE64=F64,AND(AE64="crane_footing",F64="isolated_footing")),"yes","no"))
A65: 64 | B65: 120 | C65: region between joints | D65: band | E65: 3 | F65: grade_beam | G65: Grade beam LG40x15 15.58 × 0.40 m | H65: label vote | I65: LG40x15 | J65: printed label | K65: LG-40x15 | L65: 1558 | M65: 40 | N65: =IF(AND(ISNUMBER(L65),M65>0),L65/M65,"") | O65: 6.23 | P65: 0 | Q65: 2 | R65: 0 | S65: 0 | T65: 0 | U65: 0 | V65: 1 | W65: 25 | X65: 3 | Y65: 10.98 | AA65: 4305.6 | AB65: 972 | AC65: 4765.5 | AD65: 984.1 | AF65: =IF(AE65="","",IF(OR(AE65=F65,AND(AE65="crane_footing",F65="isolated_footing")),"yes","no"))
A66: 65 | B66: 120 | C66: region between joints | D66: band | E66: 3 | F66: grade_beam | G66: Grade beam LG40x15 15.56 × 0.40 m | H66: label vote | I66: LG40x15 | J66: printed label | K66: LG-40x15 | L66: 1556 | M66: 40 | N66: =IF(AND(ISNUMBER(L66),M66>0),L66/M66,"") | O66: 6.223 | P66: 179.9 | Q66: 2 | R66: 0 | S66: 0 | T66: 1 | U66: 0 | V66: 1 | W66: 25 | X66: 2 | Y66: 15.46 | AA66: 4305.9 | AB66: 514.9 | AC66: 4765.3 | AD66: 527.4 | AF66: =IF(AE66="","",IF(OR(AE66=F66,AND(AE66="crane_footing",F66="isolated_footing")),"yes","no"))
A67: 66 | B67: 120 | C67: region between joints | D67: band | E67: 3 | F67: grade_beam | G67: Grade beam LG40x15 12.74 × 0.40 m | H67: label vote | I67: LG40x15 | J67: printed label | K67: LG-40x15 | L67: 1274 | M67: 40 | N67: =IF(AND(ISNUMBER(L67),M67>0),L67/M67,"") | O67: 5.098 | P67: 0 | Q67: 2 | R67: 0 | S67: 0 | T67: 0 | U67: 0 | V67: 1 | W67: 28 | X67: 2 | Y67: 7.16 | AA67: 4165.1 | AB67: 1091.9 | AC67: 4541.4 | AD67: 1104 | AF67: =IF(AE67="","",IF(OR(AE67=F67,AND(AE67="crane_footing",F67="isolated_footing")),"yes","no"))
A68: 67 | B68: 120 | C68: region between joints | D68: band | E68: 3 | F68: grade_beam | G68: Grade beam LG40x15 12.70 × 0.40 m | H68: label vote | I68: LG40x15 | J68: printed label | K68: LG-40x15 | L68: 1270 | M68: 40 | N68: =IF(AND(ISNUMBER(L68),M68>0),L68/M68,"") | O68: 5.082 | P68: 179.5 | Q68: 2 | R68: 0 | S68: 0 | T68: 0 | U68: 0 | V68: 1 | W68: 31 | X68: 2 | Y68: 7.24 | AA68: 4165.4 | AB68: 631.6 | AC68: 4540.6 | AD68: 646.5 | AF68: =IF(AE68="","",IF(OR(AE68=F68,AND(AE68="crane_footing",F68="isolated_footing")),"yes","no"))
... A72: 71 | B72: 120 | C72: region between joints | D72: band | E72: 3 | F72: grade_beam | G72: Grade beam LG40x15 4.51 × 0.40 m | H72: label vote | I72: LG40x15 | J72: printed label | K72: LG-40x15 | L72: 451 | M72: 40 | N72: =IF(AND(ISNUMBER(L72),M72>0),L72/M72,"") | O72: 1.804 | P72: 0 | Q72: 2 | R72: 0 | S72: 0 | T72: 0 | U72: 0 | V72: 0 | W72: 6 | X72: 1 | Y72: 2.96 | AA72: 4160.7 | AB72: 862.4 | AC72: 4293.9 | AD72: 874.3 | AF72: =IF(AE72="","",IF(OR(AE72=F72,AND(AE72="crane_footing",F72="isolated_footing")),"yes","no"))
A73: 72 | B73: 120 | C73: region between joints | D73: stamped_region | E73: 39 | F73: raft | G73: Raft Radier 110 6.92 × 5.25 m, 29.1 m² | H73: label vote | I73: Radier 110 | J73: printed label | K73: Radier | L73: 692 | M73: 525 | N73: =IF(AND(ISNUMBER(L73),M73>0),L73/M73,"") | O73: 29.116 | P73: 0 | Q73: 3 | R73: 0 | S73: 0 | T73: 0 | U73: 0 | V73: 2 | W73: 69 | X73: 2 | Z73: traced outline | AA73: 4484.3 | AB73: 413.4 | AC73: 4688.7 | AD73: 568.4 | AF73: =IF(AE73="","",IF(OR(AE73=F73,AND(AE73="crane_footing",F73="isolated_footing")),"yes","no"))
A74: 73 | B74: 120 | C74: region between joints | D74: stamped_region | E74: 39 | F74: raft | G74: Raft Radier 90 19.02 × 5.60 m, 98.1 m² | H74: label vote | I74: Radier 90 | J74: printed label | K74: Radier | L74: 1902 | M74: 560 | N74: =IF(AND(ISNUMBER(L74),M74>0),L74/M74,"") | O74: 98.07 | P74: 0 | Q74: 14 | R74: 0 | S74: 0 | T74: 0 | U74: 0 | V74: 13 | W74: 229 | X74: 2 | Z74: traced outline | AA74: 4486.5 | AB74: 733 | AC74: 5048.2 | AD74: 898.3 | AF74: =IF(AE74="","",IF(OR(AE74=F74,AND(AE74="crane_footing",F74="isolated_footing")),"yes","no"))
A75: 74 | B75: 120 | C75: region between joints | D75: single_hatch | E75: 24 | F75: unidentified | G75: C24 | H75: no label votes | I75: (none) | L75: 79 | M75: 20 | N75: =IF(AND(ISNUMBER(L75),M75>0),L75/M75,"") | O75: 0.092 | P75: 0 | Q75: 1 | R75: 0 | S75: 0 | T75: 0 | U75: 0 | V75: 0 | W75: 1 | X75: 0 | AA75: 4768.8 | AB75: 973.6 | AC75: 4792 | AD75: 979.5 | AF75: =IF(AE75="","",IF(OR(AE75=F75,AND(AE75="crane_footing",F75="isolated_footing")),"yes","no"))
A76: 75 | B76: 120 | C76: region between joints | D76: outline | E76: 20 | F76: unidentified | G76: C20 | H76: no label votes | I76: (none) | L76: 60 | M76: 60 | N76: =IF(AND(ISNUMBER(L76),M76>0),L76/M76,"") | O76: 0.359 | P76: 90 | Q76: 0 | R76: 0 | S76: 0 | T76: 0 | U76: 0 | V76: 0 | W76: 53 | X76: 2 | AA76: 4291.2 | AB76: 508.2 | AC76: 4308.9 | AD76: 525.9 | AE76: mass_concrete_pad | AF76: =IF(AE76="","",IF(OR(AE76=F76,AND(AE76="crane_footing",F76="isolated_footing")),"yes","no"))
A77: 76 | B77: 120 | C77: region between joints | D77: outline | E77: 20 | F77: unidentified | G77: C20 | H77: no label votes | I77: (none) | L77: 60 | M77: 60 | N77: =IF(AND(ISNUMBER(L77),M77>0),L77/M77,"") | O77: 0.359 | P77: 90 | Q77: 0 | R77: 0 | S77: 0 | T77: 0 | U77: 1 | V77: 0 | W77: 54 | X77: 2 | AA77: 4290.9 | AB77: 966.5 | AC77: 4308.6 | AD77: 984.2 | AE77: mass_concrete_pad | AF77: =IF(AE77="","",IF(OR(AE77=F77,AND(AE77="crane_footing",F77="isolated_footing")),"yes","no"))
A78: 77 | B78: 120 | C78: nearest labels | D78: band | E78: 0 | F78: unidentified | G78: C0 | H78: no label votes | I78: (none) | L78: 2121 | M78: 10 | N78: =IF(AND(ISNUMBER(L78),M78>0),L78/M78,"") | O78: 2.142 | P78: 180 | Q78: 9 | R78: 0 | S78: 0 | T78: 0 | U78: 0 | V78: 0 | W78: 8 | X78: 4 | Y78: 13.58 | AA78: 4145.2 | AB78: 1330.5 | AC78: 4771.5 | AD78: 1333.7 | AF78: =IF(AE78="","",IF(OR(AE78=F78,AND(AE78="crane_footing",F78="isolated_footing")),"yes","no"))
A79: 78 | B79: 120 | C79: region between joints | D79: band | E79: 2 | F79: unidentified | G79: C2 | H79: no label votes | I79: (none) | L79: 123 | M79: 32 | N79: =IF(AND(ISNUMBER(L79),M79>0),L79/M79,"") | O79: 0.39 | P79: 0 | Q79: 0 | R79: 1 | S79: 0 | T79: 0 | U79: 0 | V79: 0 | W79: 1 | X79: 2 | Y79: 0 | AA79: 4540 | AB79: 983.9 | AC79: 4576.2 | AD79: 993.3 | AF79: =IF(AE79="","",IF(OR(AE79=F79,AND(AE79="crane_footing",F79="isolated_footing")),"yes","no"))
A80: 79 | B80: 120 | C80: nearest labels | D80: band | E80: 6 | F80: unidentified | G80: C6 | H80: no label votes | I80: (none) | L80: 5767 | M80: 83 | N80: =IF(AND(ISNUMBER(L80),M80>0),L80/M80,"") | O80: 47.867 | P80: 90 | Q80: 0 | R80: 0 | S80: 0 | T80: 0 | U80: 0 | V80: 0 | W80: 0 | X80: 0 | Y80: 57.67 | AA80: 5201.9 | AB80: 356.2 | AC80: 5226.4 | AD80: 2059 | AF80: =IF(AE80="","",IF(OR(AE80=F80,AND(AE80="crane_footing",F80="isolated_footing")),"yes","no"))
A81: 80 | B81: 121 | C81: own label | D81: solid | E81: 25 | F81: column | G81: Column P2/121 1.00 × 0.25 m | H81: label vote | I81: P2/121 | J81: printed label | K81: P2/121/121 | L81: 100 | M81: 25 | N81: =IF(AND(ISNUMBER(L81),M81>0),L81/M81,"") | O81: 0.251 | P81: 179.8 | Q81: 0 | R81: 1 | S81: 0 | T81: 0 | U81: 0 | V81: 0 | W81: 0 | X81: 2 | AA81: 4594.7 | AB81: 1612.9 | AC81: 4624.2 | AD81: 1620.4 | AE81: column | AF81: =IF(AE81="","",IF(OR(AE81=F81,AND(AE81="crane_footing",F81="isolated_footing")),"yes","no"))
A82: 81 | B82: 121 | C82: own label | D82: solid | E82: 25 | F82: column | G82: Column P2/121 1.00 × 0.25 m | H82: label vote | I82: P2/121 | J82: printed label | K82: P2/121/121 | L82: 100 | M82: 25 | N82: =IF(AND(ISNUMBER(L82),M82>0),L82/M82,"") | O82: 0.25 | P82: 179.9 | Q82: 0 | R82: 1 | S82: 0 | T82: 0 | U82: 0 | V82: 0 | W82: 0 | X82: 2 | AA82: 4594.5 | AB82: 1525.8 | AC82: 4624.1 | AD82: 1533.2 | AE82: column | AF82: =IF(AE82="","",IF(OR(AE82=F82,AND(AE82="crane_footing",F82="isolated_footing")),"yes","no"))
A83: 82 | B83: 121 | C83: own label | D83: solid | E83: 25 | F83: column | G83: Column P2/121 1.00 × 0.25 m | H83: label vote | I83: P2/121 | J83: printed label | K83: P2/121/121 | L83: 100 | M83: 25 | N83: =IF(AND(ISNUMBER(L83),M83>0),L83/M83,"") | O83: 0.25 | P83: 179.9 | Q83: 0 | R83: 0 | S83: 0 | T83: 1 | U83: 0 | V83: 0 | W83: 0 | X83: 0 | AA83: 4699.5 | AB83: 1612.7 | AC83: 4729.1 | AD83: 1620.1 | AE83: column | AF83: =IF(AE83="","",IF(OR(AE83=F83,AND(AE83="crane_footing",F83="isolated_footing")),"yes","no"))
A84: 83 | B84: 121 | C84: own label | D84: solid | E84: 25 | F84: column | G84: Column P2/121 1.00 × 0.25 m | H84: label vote | I84: P2/121 | J84: printed label | K84: P2/121/121 | L84: 100 | M84: 25 | N84: =IF(AND(ISNUMBER(L84),M84>0),L84/M84,"") | O84: 0.25 | P84: 179.9 | Q84: 0 | R84: 0 | S84: 0 | T84: 1 | U84: 0 | V84: 0 | W84: 0 | X84: 0 | AA84: 4699.3 | AB84: 1525.6 | AC84: 4728.9 | AD84: 1533 | AE84: column | AF84: =IF(AE84="","",IF(OR(AE84=F84,AND(AE84="crane_footing",F84="isolated_footing")),"yes","no"))
A85: 84 | B85: 121 | C85: own label | D85: solid | E85: 31 | F85: shear_wall | G85: Shear wall V1/121 2.00 × 0.25 m | H85: label vote | I85: V1/121 | J85: printed label | K85: V1/121/121 | L85: 200 | M85: 25 | N85: =IF(AND(ISNUMBER(L85),M85>0),L85/M85,"") | O85: 0.501 | P85: 179.9 | Q85: 0 | R85: 1 | S85: 0 | T85: 0 | U85: 0 | V85: 0 | W85: 2 | X85: 2 | AA85: 4517.5 | AB85: 1772.5 | AC85: 4576.6 | AD85: 1780 | AE85: shear_wall | AF85: =IF(AE85="","",IF(OR(AE85=F85,AND(AE85="crane_footing",F85="isolated_footing")),"yes","no"))
A86: 85 | B86: 121 | C86: own label | D86: solid | E86: 31 | F86: shear_wall | G86: Shear wall V1/121 2.00 × 0.25 m | H86: label vote | I86: V1/121 | J86: printed label | K86: V1/121/121 | L86: 200 | M86: 25 | N86: =IF(AND(ISNUMBER(L86),M86>0),L86/M86,"") | O86: 0.5 | P86: 0 | Q86: 0 | R86: 1 | S86: 0 | T86: 0 | U86: 0 | V86: 0 | W86: 2 | X86: 2 | AA86: 4517.3 | AB86: 1656 | AC86: 4576.3 | AD86: 1663.4 | AE86: shear_wall | AF86: =IF(AE86="","",IF(OR(AE86=F86,AND(AE86="crane_footing",F86="isolated_footing")),"yes","no"))
A87: 86 | B87: 121 | C87: own label | D87: solid | E87: 31 | F87: shear_wall | G87: Shear wall V1/121 2.00 × 0.25 m | H87: label vote | I87: V1/121 | J87: printed label | K87: V1/121/121 | L87: 200 | M87: 25 | N87: =IF(AND(ISNUMBER(L87),M87>0),L87/M87,"") | O87: 0.499 | P87: 0 | Q87: 0 | R87: 1 | S87: 0 | T87: 0 | U87: 0 | V87: 0 | W87: 1 | X87: 3 | AA87: 4519.6 | AB87: 1333.5 | AC87: 4578.6 | AD87: 1340.9 | AE87: shear_wall | AF87: =IF(AE87="","",IF(OR(AE87=F87,AND(AE87="crane_footing",F87="isolated_footing")),"yes","no"))
A88: 87 | B88: 121 | C88: own label | D88: solid | E88: 33 | F88: shear_wall | G88: Shear wall V2/121 1.25 × 0.25 m | H88: label vote | I88: V2/121 | J88: printed label | K88: V2/121/121 | L88: 125 | M88: 25 | N88: =IF(AND(ISNUMBER(L88),M88>0),L88/M88,"") | O88: 0.312 | P88: 0 | Q88: 1 | R88: 1 | S88: 0 | T88: 0 | U88: 0 | V88: 0 | W88: 0 | X88: 2 | AA88: 4749.1 | AB88: 1333.5 | AC88: 4786.1 | AD88: 1340.9 | AF88: =IF(AE88="","",IF(OR(AE88=F88,AND(AE88="crane_footing",F88="isolated_footing")),"yes","no"))
A89: 88 | B89: 121 | C89: own label | D89: solid | E89: 37 | F89: shear_wall | G89: Shear wall V2/121 1.25 × 0.25 m | H89: similar to cluster 33 (distance 1.78) | I89: V2/121 | J89: printed label | K89: V2/121/121 | L89: 125 | M89: 25 | N89: =IF(AND(ISNUMBER(L89),M89>0),L89/M89,"") | O89: 0.312 | P89: 179.9 | Q89: 2 | R89: 1 | S89: 0 | T89: 0 | U89: 0 | V89: 0 | W89: 1 | X89: 3 | AA89: 4750.8 | AB89: 2127.9 | AC89: 4787.7 | AD89: 2135.3 | AF89: =IF(AE89="","",IF(OR(AE89=F89,AND(AE89="crane_footing",F89="isolated_footing")),"yes","no"))
A90: 89 | B90: 121 | C90: own label | D90: solid | E90: 33 | F90: shear_wall | G90: Shear wall V2/121 1.25 × 0.25 m | H90: label vote | I90: V2/121 | J90: printed label | K90: V2/121/121 | L90: 125 | M90: 25 | N90: =IF(AND(ISNUMBER(L90),M90>0),L90/M90,"") | O90: 0.312 | P90: 179.9 | Q90: 1 | R90: 1 | S90: 0 | T90: 0 | U90: 0 | V90: 0 | W90: 3 | X90: 5 | AA90: 4518.3 | AB90: 2128.4 | AC90: 4555.3 | AD90: 2135.8 | AF90: =IF(AE90="","",IF(OR(AE90=F90,AND(AE90="crane_footing",F90="isolated_footing")),"yes","no"))
A91: 90 | B91: 121 | C91: own label | D91: solid | E91: 31 | F91: shear_wall | G91: Shear wall V3/121 1.25 × 0.25 m | H91: label vote | I91: V3/121 | J91: printed label | K91: V3/121/121 | L91: 125 | M91: 25 | N91: =IF(AND(ISNUMBER(L91),M91>0),L91/M91,"") | O91: 0.314 | P91: 0 | Q91: 0 | R91: 1 | S91: 0 | T91: 0 | U91: 0 | V91: 0 | W91: 0 | X91: 3 | AA91: 4278 | AB91: 2128.9 | AC91: 4314.9 | AD91: 2136.4 | AE91: shear_wall | AF91: =IF(AE91="","",IF(OR(AE91=F91,AND(AE91="crane_footing",F91="isolated_footing")),"yes","no"))
A92: 91 | B92: 121 | C92: own label | D92: solid | E92: 31 | F92: shear_wall | G92: Shear wall V3/121 1.25 × 0.25 m | H92: label vote | I92: V3/121 | J92: printed label | K92: V3/121/121 | L92: 125 | M92: 25 | N92: =IF(AND(ISNUMBER(L92),M92>0),L92/M92,"") | O92: 0.313 | P92: 0 | Q92: 0 | R92: 0 | S92: 0 | T92: 1 | U92: 0 | V92: 0 | W92: 1 | X92: 2 | AA92: 4253.5 | AB92: 1333.6 | AC92: 4290.5 | AD92: 1341 | AE92: shear_wall | AF92: =IF(AE92="","",IF(OR(AE92=F92,AND(AE92="crane_footing",F92="isolated_footing")),"yes","no"))
A93: 92 | B93: 121 | C93: own label | D93: solid | E93: 31 | F93: shear_wall | G93: Shear wall V3/121 1.25 × 0.25 m | H93: label vote | I93: V3/121 | J93: printed label | K93: V3/121/121 | L93: 125 | M93: 25 | N93: =IF(AND(ISNUMBER(L93),M93>0),L93/M93,"") | O93: 0.308 | P93: 0 | Q93: 0 | R93: 0 | S93: 0 | T93: 1 | U93: 0 | V93: 0 | W93: 0 | X93: 2 | AA93: 4277.3 | AB93: 1560.9 | AC93: 4314.2 | AD93: 1568.2 | AE93: shear_wall | AF93: =IF(AE93="","",IF(OR(AE93=F93,AND(AE93="crane_footing",F93="isolated_footing")),"yes","no"))
A94: 93 | B94: 121 | C94: own label | D94: solid | E94: 31 | F94: shear_wall | G94: Shear wall V3/121 1.25 × 0.25 m | H94: label vote | I94: V3/121 | J94: printed label | K94: V3/121/121 | L94: 125 | M94: 25 | N94: =IF(AND(ISNUMBER(L94),M94>0),L94/M94,"") | O94: 0.307 | P94: 0 | Q94: 0 | R94: 1 | S94: 0 | T94: 0 | U94: 0 | V94: 0 | W94: 1 | X94: 2 | AA94: 4277.9 | AB94: 2019.2 | AC94: 4314.8 | AD94: 2026.4 | AE94: shear_wall | AF94: =IF(AE94="","",IF(OR(AE94=F94,AND(AE94="crane_footing",F94="isolated_footing")),"yes","no"))
A95: 94 | B95: 121 | C95: own label | D95: solid | E95: 31 | F95: shear_wall | G95: Shear wall V3/121 1.25 × 0.25 m | H95: label vote | I95: V3/121 | J95: printed label | K95: V3/121/121 | L95: 125 | M95: 25 | N95: =IF(AND(ISNUMBER(L95),M95>0),L95/M95,"") | O95: 0.307 | P95: 0 | Q95: 0 | R95: 1 | S95: 0 | T95: 0 | U95: 0 | V95: 0 | W95: 0 | X95: 2 | AA95: 4277.6 | AB95: 1791 | AC95: 4314.5 | AD95: 1798.2 | AE95: shear_wall | AF95: =IF(AE95="","",IF(OR(AE95=F95,AND(AE95="crane_footing",F95="isolated_footing")),"yes","no"))
A96: 95 | B96: 121 | C96: own label | D96: solid | E96: 28 | F96: shear_wall | G96: Shear wall V6/121 2.50 × 0.25 m | H96: similar to cluster 33 (distance 3.55) | I96: V6/121 | J96: printed label | K96: V6/121/121 | L96: 250 | M96: 25 | N96: =IF(AND(ISNUMBER(L96),M96>0),L96/M96,"") | O96: 0.624 | P96: 89.9 | Q96: 2 | R96: 1 | S96: 0 | T96: 0 | U96: 0 | V96: 0 | W96: 1 | X96: 1 | AA96: 4764.7 | AB96: 1707.2 | AC96: 4772.2 | AD96: 1781 | AF96: =IF(AE96="","",IF(OR(AE96=F96,AND(AE96="crane_footing",F96="isolated_footing")),"yes","no"))
A97: 96 | B97: 121 | C97: own label | D97: solid | E97: 31 | F97: shear_wall | G97: Shear wall V8/121 2.50 × 0.25 m | H97: its own label (the cluster's class was only a guess) | I97: V8/121 | J97: printed label | K97: V8/121/121 | L97: 250 | M97: 25 | N97: =IF(AND(ISNUMBER(L97),M97>0),L97/M97,"") | O97: 0.622 | P97: 179.9 | Q97: 0 | R97: 1 | S97: 0 | T97: 0 | U97: 0 | V97: 0 | W97: 4 | X97: 2 | AA97: 4517.9 | AB97: 1940.7 | AC97: 4591.7 | AD97: 1948.3 | AE97: shear_wall | AF97: =IF(AE97="","",IF(OR(AE97=F97,AND(AE97="crane_footing",F97="isolated_footing")),"yes","no"))
A98: 97 | B98: 121 | C98: own label | D98: solid | E98: 29 | F98: shear_wall | G98: Shear wall V9/121 2.00 × 0.25 m | H98: label vote | I98: V9/121 | J98: printed label | K98: V9/121/121 | L98: 200 | M98: 25 | N98: =IF(AND(ISNUMBER(L98),M98>0),L98/M98,"") | O98: 0.501 | P98: 179.9 | Q98: 2 | R98: 1 | S98: 0 | T98: 0 | U98: 1 | V98: 0 | W98: 2 | X98: 0 | AA98: 4960.4 | AB98: 1771.5 | AC98: 5019.5 | AD98: 1779 | AF98: =IF(AE98="","",IF(OR(AE98=F98,AND(AE98="crane_footing",F98="isolated_footing")),"yes","no"))
A99: 98 | B99: 121 | C99: region between joints | D99: solid | E99: 34 | F99: core_wall | G99: Core wall 6.63 × 0.20 m | H99: rule: unlabelled interior wall, no V type of its size | I99: (none) | J99: no shear_wall type in its building has this size | L99: 663 | M99: 20 | N99: =IF(AND(ISNUMBER(L99),M99>0),L99/M99,"") | O99: 1.324 | P99: 179.9 | Q99: 2 | R99: 0 | S99: 0 | T99: 0 | U99: 0 | V99: 0 | W99: 11 | X99: 20 | AA99: 4555.3 | AB99: 2129.4 | AC99: 4750.9 | AD99: 2135.7 | AF99: =IF(AE99="","",IF(OR(AE99=F99,AND(AE99="crane_footing",F99="isolated_footing")),"yes","no"))
A100: 99 | B100: 121 | C100: region between joints | D100: solid | E100: 33 | F100: core_wall | G100: Core wall 3.42 × 0.25 m | H100: rule: unlabelled interior wall, no V type of its size | I100: (none) | L100: 342 | M100: 25 | N100: =IF(AND(ISNUMBER(L100),M100>0),L100/M100,"") | O100: 0.86 | P100: 0 | Q100: 1 | R100: 0 | S100: 0 | T100: 1 | U100: 0 | V100: 0 | W100: 2 | X100: 0 | AA100: 4910.8 | AB100: 1612 | AC100: 5011.7 | AD100: 1619.5 | AF100: =IF(AE100="","",IF(OR(AE100=F100,AND(AE100="crane_footing",F100="isolated_footing")),"yes","no"))
A101: 100 | B101: 121 | C101: region between joints | D101: solid | E101: 28 | F101: core_wall | G101: Core wall 3.37 × 0.25 m | H101: rule: unlabelled interior wall, no V type of its size | I101: (none) | J101: no shear_wall type in its building has this size | L101: 337 | M101: 25 | N101: =IF(AND(ISNUMBER(L101),M101>0),L101/M101,"") | O101: 0.852 | P101: 179.9 | Q101: 2 | R101: 0 | S101: 0 | T101: 1 | U101: 0 | V101: 0 | W101: 2 | X101: 0 | AA101: 4771.8 | AB101: 1525.3 | AC101: 4871.2 | AD101: 1532.9 | AF101: =IF(AE101="","",IF(OR(AE101=F101,AND(AE101="crane_footing",F101="isolated_footing")),"yes","no"))
A102: 101 | B102: 121 | C102: region between joints | D102: solid | E102: 28 | F102: core_wall | G102: Core wall 2.95 × 0.25 m | H102: rule: unlabelled interior wall, no V type of its size | I102: (none) | J102: no shear_wall type in its building has this size | L102: 295 | M102: 25 | N102: =IF(AND(ISNUMBER(L102),M102>0),L102/M102,"") | O102: 0.751 | P102: 89.8 | Q102: 2 | R102: 0 | S102: 0 | T102: 1 | U102: 0 | V102: 0 | W102: 2 | X102: 0 | AA102: 4871.2 | AB102: 1532.7 | AC102: 4879.1 | AD102: 1619.8 | AF102: =IF(AE102="","",IF(OR(AE102=F102,AND(AE102="crane_footing",F102="isolated_footing")),"yes","no"))
A103: 102 | B103: 121 | C103: region between joints | D103: solid | E103: 26 | F103: core_wall | G103: Core wall 1.75 × 0.25 m | H103: rule: unlabelled interior wall, no V type of its size | I103: (none) | L103: 175 | M103: 25 | N103: =IF(AND(ISNUMBER(L103),M103>0),L103/M103,"") | O103: 0.445 | P103: 89.9 | Q103: 1 | R103: 0 | S103: 0 | T103: 1 | U103: 0 | V103: 0 | W103: 1 | X103: 0 | AA103: 4764.3 | AB103: 1532.9 | AC103: 4771.9 | AD103: 1584.5 | AF103: =IF(AE103="","",IF(OR(AE103=F103,AND(AE103="crane_footing",F103="isolated_footing")),"yes","no"))
...

Sheet Labels
A1: Label | B1: Text | C1: Kind | D1: Names class | E1: x (px) | F1: y (px) | G1: Pass 1 object | H1: Pass 1 cluster | I1: Pass 1 cluster class | J1: Pass 1 agrees | K1: Pass 2 object | L1: Pass 2 distance (m) | M1: Pass 2 misalignment | N1: Text direction found
A2: 1 | B2: S1-120120 | C2: footing:S | D2: isolated_footing | E2: 4752.1 | F2: 493.8 | G2: 52 | H2: 5 | I2: strip_footing | J2: no | K2: 41 | L2: 0.21 | M2: 0 | N2: yes
A3: 2 | B3: S5-120120 | C3: footing:S | D3: isolated_footing | E3: 4505.2 | F3: 1208.3 | G3: 46 | H3: 13 | I3: isolated_footing | J3: yes | K3: 46 | L3: 0.18 | M3: 0 | N3: yes
A4: 3 | B4: S6-120120 | C4: footing:S | D4: isolated_footing | E4: 4728.1 | F4: 1157.3 | G4: 48 | H4: 13 | I4: isolated_footing | J4: yes | K4: 48 | L4: 0.23 | M4: 0 | N4: yes
A5: 4 | B5: S2-120120 | C5: footing:S | D5: isolated_footing | E5: 4274 | F5: 1133.3 | G5: 44 | H5: 12 | I5: isolated_footing | J5: yes | K5: 44 | L5: 0.22 | M5: 0 | N5: yes
A6: 5 | B6: S2-120120 | C6: footing:S | D6: isolated_footing | E6: 4274 | F6: 900 | G6: 43 | H6: 12 | I6: isolated_footing | J6: yes | K6: 43 | L6: 0.19 | M6: 0 | N6: yes
A7: 6 | B7: S2-120120 | C7: footing:S | D7: isolated_footing | E7: 4272.9 | F7: 676 | G7: 42 | H7: 12 | I7: isolated_footing | J7: yes | K7: 42 | L7: 0.22 | M7: 0 | N7: yes
A8: 7 | B8: S2-121121 | C8: footing:S | D8: isolated_footing | E8: 4267.7 | F8: 1831.3 | G8: 122 | H8: 12 | I8: isolated_footing | J8: yes | K8: 122 | L8: 0.24 | M8: 0 | N8: yes
A9: 8 | B9: S2-121121 | C9: footing:S | D9: isolated_footing | E9: 4268.8 | F9: 2058.3 | G9: 121 | H9: 12 | I9: isolated_footing | J9: yes | K9: 121 | L9: 0.2 | M9: 0 | N9: yes
A10: 9 | B10: SC3- | C10: footing:SC | D10: combined_footing | E10: 4482.3 | F10: 1404.2 | G10: 51 | H10: 14 | I10: combined_footing | J10: yes | K10: 51 | L10: 0.24 | M10: 0 | N10: yes
A11: 10 | B11: SC1- | C11: footing:SC | D11: combined_footing | E11: 4713.5 | F11: 1389.6 | G11: 127 | H11: 14 | I11: combined_footing | J11: yes | K11: 127 | L11: 0.25 | M11: 0 | N11: yes
A12: 11 | B12: SC4-121 | C12: footing:SC | D12: combined_footing | E12: 4532.3 | F12: 1711.5 | G12: 130 | H12: 14 | I12: combined_footing | J12: yes | K12: 130 | L12: 0.18 | M12: 0 | N12: yes
A13: 12 | B13: S7-121 | C13: footing:S | D13: isolated_footing | E13: 4508.3 | F13: 1834.4 | G13: 126 | H13: 13 | I13: isolated_footing | J13: yes | K13: 126 | L13: 0.22 | M13: 0 | N13: yes
... A88: 87 | B88: S18-130130 | C88: footing:S | D88: isolated_footing | E88: 1068.8 | F88: 1637.5 | G88: 913 | H88: 13 | I88: isolated_footing | J88: yes | K88: 913 | L88: 0.11 | M88: 0 | N88: yes
A89: 88 | B89: S18-130130 | C89: footing:S | D89: isolated_footing | E89: 860.4 | F89: 1764.6 | G89: 919 | H89: 14 | I89: combined_footing | J89: no | K89: unmatched | N89: yes
A90: 89 | B90: S2-130130 | C90: footing:S | D90: isolated_footing | E90: 1271.9 | F90: 1496.9 | G90: 915 | H90: 12 | I90: isolated_footing | J90: yes | K90: 915 | L90: 0.17 | M90: 0 | N90: yes
A91: 90 | B91: S2-130130 | C91: footing:S | D91: isolated_footing | E91: 1213.5 | F91: 1275 | G91: 933 | H91: 3 | I91: grade_beam | J91: no | K91: unmatched | N91: yes
A92: 91 | B92: S11-129129 | C92: footing:S | D92: isolated_footing | E92: 1147.9 | F92: 1929.2 | G92: 778 | H92: 13 | I92: isolated_footing | J92: yes | K92: 778 | L92: 0.14 | M92: 0 | N92: yes
A93: 92 | B93: S19-129 | C93: footing:S | D93: isolated_footing | E93: 820.8 | F93: 2556.2 | G93: 780 | H93: 13 | I93: isolated_footing | J93: yes | K93: 780 | L93: 0.2 | M93: 0 | N93: yes
A94: 93 | B94: S2-129129 | C94: footing:S | D94: isolated_footing | E94: 1353.1 | F94: 1805.2 | G94: 781 | H94: 12 | I94: isolated_footing | J94: yes | K94: 781 | L94: 0.16 | M94: 0 | N94: yes
A95: 94 | B95: S2-129129 | C95: footing:S | D95: isolated_footing | E95: 1411.5 | F95: 2026 | G95: 798 | H95: 3 | I95: grade_beam | J95: no | K95: 782 | L95: 0.16 | M95: 0 | N95: yes
A96: 95 | B96: SC2- | C96: footing:SC | D96: combined_footing | E96: 1432.3 | F96: 2306.2 | G96: 784 | H96: 15 | I96: combined_footing | J96: yes | K96: 784 | L96: 0.34 | M96: 0 | N96: yes
A97: 96 | B97: SC3 | C97: footing:SC | D97: combined_footing | E97: 1061.5 | F97: 2500 | G97: 658 | H97: 14 | I97: combined_footing | J97: yes | K97: 658 | L97: 0.14 | M97: 0 | N97: yes
A98: 97 | B98: SC7 | C98: footing:SC | D98: combined_footing | E98: 1246.9 | F98: 2342.7 | G98: 785 | H98: 14 | I98: combined_footing | J98: yes | K98: 785 | L98: 0.23 | M98: 0 | N98: yes
A99: 98 | B99: SC1- | C99: footing:SC | D99: combined_footing | E99: 870.8 | F99: 2675 | G99: 783 | H99: 14 | I99: combined_footing | J99: yes | K99: 783 | L99: 0.16 | M99: 0 | N99: yes
A100: 99 | B100: S18-129129 | C100: footing:S | D100: isolated_footing | E100: 944.8 | F100: 2071.9 | G100: 779 | H100: 13 | I100: isolated_footing | J100: yes | K100: 779 | L100: 0.19 | M100: 0 | N100: yes
A101: 100 | B101: SC1- | C101: footing:SC | D101: combined_footing | E101: 1133.3 | F101: 1812.5 | G101: 920 | H101: 14 | I101: combined_footing | J101: yes | K101: 920 | L101: 0.09 | M101: 0 | N101: yes
A102: 101 | B102: SC9-130130 | C102: footing:SC | D102: combined_footing | E102: 880.2 | F102: 1825 | G102: 922 | H102: 14 | I102: combined_footing | J102: yes | K102: 922 | L102: 0.06 | M102: 0 | N102: yes
A103: 102 | B103: V1/120/120 | C103: wall | D103: shear_wall | E103: 4537.5 | F103: 678.1 | G103: 7 | H103: 31 | I103: shear_wall | J103: yes | K103: 7 | L103: 0.11 | M103: 0.22 | N103: yes
... A209: 208 | B209: V1/128/128 | C209: wall | D209: shear_wall | E209: 852.1 | F209: 2772.9 | G209: 653 | H209: 27 | I209: retaining_wall | J209: no | K209: 617 | L209: 0.73 | M209: 0 | N209: yes
A210: 209 | B210: V7/128/128 | C210: wall | D210: shear_wall | E210: 1011.5 | F210: 2647.9 | G210: 686 | H210: 2 | I210: unidentified | J210: unidentified | K210: unmatched | N210: yes
A211: 210 | B211: V3/128/128 | C211: wall | D211: shear_wall | E211: 1822.9 | F211: 2779.2 | G211: 618 | H211: 31 | I211: shear_wall | J211: yes | K211: 618 | L211: 0.13 | M211: 1 | N211: yes
A212: 211 | B212: V4/128/128 | C212: wall | D212: shear_wall | E212: 1213.5 | F212: 2481.2 | G212: 713 | H212: 2 | I212: unidentified | J212: unidentified | K212: 619 | L212: 0.75 | M212: 0 | N212: no
A213: 212 | B213: V5/128/128 | C213: wall | D213: shear_wall | E213: 1644.8 | F213: 2899 | G213: 620 | H213: 29 | I213: shear_wall | J213: yes | K213: 620 | L213: 0.17 | M213: 0 | N213: no
A214: 213 | B214: V6/128/128 | C214: wall | D214: shear_wall | E214: 1942.7 | F214: 2542.7 | G214: 621 | H214: 31 | I214: shear_wall | J214: yes | K214: 621 | L214: 0.09 | M214: 0 | N214: yes
A215: 214 | B215: V6/128/128 | C215: wall | D215: shear_wall | E215: 1766.7 | F215: 2455.2 | G215: 655 | H215: 12 | I215: isolated_footing | J215: no | K215: 623 | L215: 0.76 | M215: 0 | N215: yes
A216: 215 | B216: V6/128/128 | C216: wall | D216: shear_wall | E216: 1465.6 | F216: 2275 | G216: 664 | H216: 3 | I216: grade_beam | J216: no | K216: 622 | L216: 0.75 | M216: 0 | N216: no
A217: 216 | B217: V7a/128/128 | C217: wall | D217: shear_wall | E217: 1681.3 | F217: 2708.3 | G217: 638 | H217: 26 | I217: core_wall | J217: no | K217: unmatched | N217: no
A218: 217 | B218: V6/130/130 | C218: wall | D218: shear_wall | E218: 1260.4 | F218: 1726 | G218: 888 | H218: 31 | I218: shear_wall | J218: yes | K218: 888 | L218: 0.08 | M218: 0 | N218: yes
A219: 218 | B219: V6/130/130 | C219: wall | D219: shear_wall | E219: 1202.1 | F219: 1515.6 | G219: 886 | H219: 31 | I219: shear_wall | J219: yes | K219: 886 | L219: 0.05 | M219: 0 | N219: yes
A220: 219 | B220: V6/130/130 | C220: wall | D220: shear_wall | E220: 1143.8 | F220: 1290.6 | G220: 887 | H220: 31 | I220: shear_wall | J220: yes | K220: 887 | L220: 0.17 | M220: 0 | N220: yes
A221: 220 | B221: V1/130/130 | C221: wall | D221: shear_wall | E221: 1032.3 | F221: 1787.5 | G221: 882 | H221: 31 | I221: shear_wall | J221: yes | K221: 882 | L221: 0.03 | M221: 0 | N221: yes
A222: 221 | B222: V1/130/130 | C222: wall | D222: shear_wall | E222: 800 | F222: 1847.9 | G222: 879 | H222: 33 | I222: shear_wall | J222: yes | K222: 879 | L222: 0.06 | M222: 0 | N222: yes
A223: 222 | B223: V1/130/130 | C223: wall | D223: shear_wall | E223: 884.4 | F223: 1258.3 | G223: 932 | H223: 3 | I223: grade_beam | J223: no | K223: 880 | L223: 0.78 | M223: 0 | N223: yes
A224: 223 | B224: V1/130/130 | C224: wall | D224: shear_wall | E224: 634.4 | F224: 1245.8 | G224: 914 | H224: 12 | I224: isolated_footing | J224: no | K224: 881 | L224: 0.78 | M224: 0 | N224: yes
A225: 224 | B225: V3/130/130 | C225: wall | D225: shear_wall | E225: 954.2 | F225: 1605.2 | G225: 935 | H225: 3 | I225: grade_beam | J225: no | K225: 884 | L225: 0.1 | M225: 1 | N225: yes
A226: 225 | B226: V3/130/130 | C226: wall | D226: shear_wall | E226: 912.5 | F226: 1421.9 | G226: 883 | H226: 38 | I226: shear_wall | J226: yes | K226: 883 | L226: 0.12 | M226: 1 | N226: yes
A227: 226 | B227: V4/130/130 | C227: wall | D227: shear_wall | E227: 789.6 | F227: 1690.6 | G227: 885 | H227: 29 | I227: shear_wall | J227: yes | K227: 885 | L227: 0.13 | M227: 0.06 | N227: yes
A228: 227 | B228: V1/129/129 | C228: wall | D228: shear_wall | E228: 809.4 | F228: 1887.5 | G228: 787 | H228: 5 | I228: strip_footing | J228: no | K228: 750 | L228: 0.72 | M228: 0 | N228: yes
A229: 228 | B229: V1/129/129 | C229: wall | D229: shear_wall | E229: 1042.7 | F229: 1827.1 | G229: 799 | H229: 3 | I229: grade_beam | J229: no | K229: 752 | L229: 0.75 | M229: 0 | N229: yes
... A289: 288 | B289: LG-40x15 | C289: grade_beam | D289: grade_beam | E289: 4884.4 | F289: 2952.1 | G289: 375 | H289: 3 | I289: grade_beam | J289: yes | K289: 375 | L289: 0.65 | M289: 0 | N289: yes
A290: 289 | B290: LG-40x15 | C290: grade_beam | D290: grade_beam | E290: 4680.2 | F290: 2988.5 | G290: 344 | H290: 26 | I290: core_wall | J290: no | K290: unmatched | N290: yes
A291: 290 | B291: LG-40x15 | C291: grade_beam | D291: grade_beam | E291: 4514.6 | F291: 3019.8 | G291: 259 | H291: 3 | I291: grade_beam | J291: yes | K291: 259 | L291: 0.92 | M291: 0.98 | N291: yes
A292: 291 | B292: LG-40x15 | C292: grade_beam | D292: grade_beam | E292: 4355.2 | F292: 3050 | G292: unmatched | K292: unmatched | N292: yes
A293: 292 | B293: LG-40x15 | C293: grade_beam | D293: grade_beam | E293: 4680.2 | F293: 2319.8 | G293: 264 | H293: 3 | I293: grade_beam | J293: yes | K293: 264 | L293: 0.12 | M293: 0 | N293: yes
A294: 293 | B294: LG-40x15 | C294: grade_beam | D294: grade_beam | E294: 4217.7 | F294: 2836.5 | G294: 262 | H294: 3 | I294: grade_beam | J294: yes | K294: 262 | L294: 0.15 | M294: 0.24 | N294: yes
A295: 294 | B295: LG-40x15 | C295: grade_beam | D295: grade_beam | E295: 4582.3 | F295: 2691.7 | G295: 279 | H295: 3 | I295: grade_beam | J295: yes | K295: 279 | L295: 0.12 | M295: 0 | N295: yes
A296: 295 | B296: LG-40x15 | C296: grade_beam | D296: grade_beam | E296: 4440.6 | F296: 2605.2 | G296: 269 | H296: 3 | I296: grade_beam | J296: yes | K296: 269 | L296: 0.14 | M296: 0 | N296: yes
A297: 296 | B297: LG-40x15 | C297: grade_beam | D297: grade_beam | E297: 4246.9 | F297: 2479.2 | G297: 276 | H297: 3 | I297: grade_beam | J297: yes | K297: 276 | L297: 0.17 | M297: 0 | N297: yes
A298: 297 | B298: LG-40x15 | C298: grade_beam | D298: grade_beam | E298: 4245.8 | F298: 2247.9 | G298: 275 | H298: 3 | I298: grade_beam | J298: yes | K298: 275 | L298: 0.2 | M298: 0 | N298: yes
A299: 298 | B299: LG-40x15 | C299: grade_beam | D299: grade_beam | E299: 4421.9 | F299: 2318.8 | G299: 264 | H299: 3 | I299: grade_beam | J299: yes | K299: 264 | L299: 0.15 | M299: 0 | N299: yes
A300: 299 | B300: LG-40x15 | C300: grade_beam | D300: grade_beam | E300: 4454.2 | F300: 3207.3 | G300: 377 | H300: 3 | I300: grade_beam | J300: yes | K300: 377 | L300: 0.14 | M300: 0.18 | N300: yes
A301: 300 | B301: LG-40x15 | C301: grade_beam | D301: grade_beam | E301: 4884.4 | F301: 3311.5 | G301: 378 | H301: 3 | I301: grade_beam | J301: yes | K301: 378 | L301: 0.11 | M301: 0.15 | N301: yes
A302: 301 | B302: LG-40x15 | C302: grade_beam | D302: grade_beam | E302: 4705.2 | F302: 3369.8 | G302: 379 | H302: 3 | I302: grade_beam | J302: yes | K302: 379 | L302: 0.13 | M302: 0 | N302: yes
A303: 302 | B303: LG-40x15 | C303: grade_beam | D303: grade_beam | E303: 4525 | F303: 3429.2 | G303: 376 | H303: 3 | I303: grade_beam | J303: yes | K303: 376 | L303: 0.21 | M303: 0 | N303: yes
A304: 303 | B304: LG-40x15 | C304: grade_beam | D304: grade_beam | E304: 4293.8 | F304: 3236.5 | G304: 262 | H304: 3 | I304: grade_beam | J304: yes | K304: 262 | L304: 0.17 | M304: 0.07 | N304: yes
... A363: 362 | B363: LG-40x15 | C363: grade_beam | D363: grade_beam | E363: 2449 | F363: 3174 | G363: 601 | H363: 3 | I363: grade_beam | J363: yes | K363: 601 | L363: 0.26 | M363: 0 | N363: no
A364: 363 | B364: LG 25x40 | C364: grade_beam | D364: grade_beam | E364: 4257.3 | F364: 3254.2 | G364: unmatched | K364: unmatched | N364: yes
A365: 364 | B365: LG-40x15 | C365: grade_beam | D365: grade_beam | E365: 4210.4 | F365: 3000 | G365: 262 | H365: 3 | I365: grade_beam | J365: yes | K365: 262 | L365: 0.72 | M365: 0 | N365: yes
A366: 365 | B366: LG-40x15 | C366: grade_beam | D366: grade_beam | E366: 4179.2 | F366: 2840.6 | G366: 247 | H366: 15 | I366: combined_footing | J366: no | K366: unmatched | N366: yes
A367: 366 | B367: LG-40x15 | C367: grade_beam | D367: grade_beam | E367: 4045.8 | F367: 3200 | G367: 389 | H367: 25 | I367: column | J367: no | K367: 441 | L367: 0.19 | M367: 0.04 | N367: yes
A368: 367 | B368: LG-40x15 | C368: grade_beam | D368: grade_beam | E368: 3537.5 | F368: 2950 | G368: 260 | H368: 3 | I368: grade_beam | J368: yes | K368: 260 | L368: 0.13 | M368: 0.11 | N368: yes
A369: 368 | B369: LG-40x15 | C369: grade_beam | D369: grade_beam | E369: 3571.9 | F369: 3133.3 | G369: 260 | H369: 3 | I369: grade_beam | J369: yes | K369: 260 | L369: 0.13 | M369: 0 | N369: yes
A370: 369 | B370: LG-40x15 | C370: grade_beam | D370: grade_beam | E370: 3618.8 | F370: 3379.2 | G370: 260 | H370: 3 | I370: grade_beam | J370: yes | K370: 260 | L370: 0.15 | M370: 0 | N370: yes
A371: 370 | B371: LG-40x15 | C371: grade_beam | D371: grade_beam | E371: 3536.5 | F371: 3139.6 | G371: 516 | H371: 3 | I371: grade_beam | J371: yes | K371: 516 | L371: 0.19 | M371: 0.2 | N371: yes
A372: 371 | B372: LG-40x15 | C372: grade_beam | D372: grade_beam | E372: 3582.3 | F372: 3386.5 | G372: 516 | H372: 3 | I372: grade_beam | J372: yes | K372: 516 | L372: 0.21 | M372: 0.21 | N372: yes
A373: 372 | B373: LG-40x15 | C373: grade_beam | D373: grade_beam | E373: 3502.1 | F373: 2957.3 | G373: 516 | H373: 3 | I373: grade_beam | J373: yes | K373: 516 | L373: 0.19 | M373: 0 | N373: yes
A374: 373 | B374: LG-40x15 | C374: grade_beam | D374: grade_beam | E374: 3046.9 | F374: 3232.3 | G374: 545 | H374: 3 | I374: grade_beam | J374: yes | K374: 545 | L374: 0.21 | M374: 0.01 | N374: yes
A375: 374 | B375: LG-40x15 | C375: grade_beam | D375: grade_beam | E375: 3016.7 | F375: 3441.7 | G375: 545 | H375: 3 | I375: grade_beam | J375: yes | K375: 545 | L375: 0.16 | M375: 0.01 | N375: yes
A376: 375 | B376: LG-40x15 | C376: grade_beam | D376: grade_beam | E376: 2678.1 | F376: 2803.1 | G376: 546 | H376: 3 | I376: grade_beam | J376: yes | K376: 546 | L376: 0.15 | M376: 0 | N376: yes
A377: 376 | B377: LG-40x15 | C377: grade_beam | D377: grade_beam | E377: 2628.1 | F377: 3261.5 | G377: 548 | H377: 3 | I377: grade_beam | J377: yes | K377: 548 | L377: 0.23 | M377: 0.02 | N377: yes
A378: 377 | B378: LG-40x15 | C378: grade_beam | D378: grade_beam | E378: 2946.9 | F378: 3309.4 | G378: 547 | H378: 3 | I378: grade_beam | J378: yes | K378: 547 | L378: 0.09 | M378: 0 | N378: no
... A475: 474 | B475: LG-40x15 | C475: grade_beam | D475: grade_beam | E475: 4557.3 | F475: 2008.3 | G475: 138 | H475: 3 | I475: grade_beam | J475: yes | K475: 138 | L475: 0.19 | M475: 0 | N475: yes
A476: 475 | B476: LG-25x40 | C476: grade_beam | D476: grade_beam | E476: 4307.3 | F476: 3477.1 | G476: 448 | H476: 0 | I476: unidentified | J476: unidentified | K476: unmatched | N476: yes
A477: 476 | B477: LG-40x15 | C477: grade_beam | D477: grade_beam | E477: 4014.6 | F477: 3291.7 | G477: 445 | H477: 3 | I477: grade_beam | J477: yes | K477: 445 | L477: 0.18 | M477: 0 | N477: yes
A478: 477 | B478: LG-40x15 | C478: grade_beam | D478: grade_beam | E478: 4099 | F478: 3276 | G478: 444 | H478: 3 | I478: grade_beam | J478: yes | K478: 444 | L478: 0.19 | M478: 0.16 | N478: yes
A479: 478 | B479: LG-40x15 | C479: grade_beam | D479: grade_beam | E479: 1900 | F479: 2884.4 | G479: 605 | H479: 3 | I479: grade_beam | J479: yes | K479: 605 | L479: 0.2 | M479: 0 | N479: no
A480: 479 | B480: LG-40x15 | C480: grade_beam | D480: grade_beam | E480: 2405.2 | F480: 3032.3 | G480: 598 | H480: 3 | I480: grade_beam | J480: yes | K480: 598 | L480: 0.16 | M480: 0 | N480: yes
A481: 480 | B481: LG-40x15 | C481: grade_beam | D481: grade_beam | E481: 2571.9 | F481: 2851 | G481: 599 | H481: 3 | I481: grade_beam | J481: yes | K481: 599 | L481: 0.17 | M481: 0.13 | N481: yes
A482: 481 | B482: LG-40x15 | C482: grade_beam | D482: grade_beam | E482: 2240.6 | F482: 2684.4 | G482: 599 | H482: 3 | I482: grade_beam | J482: yes | K482: 599 | L482: 0.16 | M482: 0 | N482: yes
A483: 482 | B483: LG-40x15 | C483: grade_beam | D483: grade_beam | E483: 2349 | F483: 2740.6 | G483: 599 | H483: 3 | I483: grade_beam | J483: yes | K483: 602 | L483: 1.15 | M483: 1 | N483: yes
A484: 483 | B484: LG-40x15 | C484: grade_beam | D484: grade_beam | E484: 2026 | F484: 2578.1 | G484: 599 | H484: 3 | I484: grade_beam | J484: yes | K484: 599 | L484: 0.2 | M484: 0.23 | N484: yes
A485: 484 | B485: LG-40x15 | C485: grade_beam | D485: grade_beam | E485: 2134.4 | F485: 2632.3 | G485: 593 | H485: 12 | I485: isolated_footing | J485: no | K485: 599 | L485: 0.19 | M485: 0 | N485: yes
A486: 485 | B486: LG-25x40 | C486: grade_beam | D486: grade_beam | E486: 4439.6 | F486: 2154.2 | G486: 258 | H486: 1 | I486: grade_beam | J486: yes | K486: 258 | L486: 0.25 | M486: 0 | N486: yes
A487: 486 | B487: LG-25x40 | C487: grade_beam | D487: grade_beam | E487: 4254.2 | F487: 2154.2 | G487: 258 | H487: 1 | I487: grade_beam | J487: yes | K487: 258 | L487: 0.24 | M487: 0 | N487: yes
A488: 487 | B488: LG-40x15 | C488: grade_beam | D488: grade_beam | E488: 733.3 | F488: 1303.1 | G488: 917 | H488: 16 | I488: isolated_footing | J488: no | K488: 936 | L488: 0.2 | M488: 0 | N488: no
... A495: 494 | B495: SF1 80x25 | C495: strip_footing | D495: strip_footing | E495: 4867.7 | F495: 1766.7 | G495: 132 | H495: 5 | I495: strip_footing | J495: yes | K495: 132 | L495: 0 | M495: 0.02 | N495: yes
A496: 495 | B496: SF1 80x25 | C496: strip_footing | D496: strip_footing | E496: 4780.2 | F496: 1862.5 | G496: 151 | H496: 22 | I496: sump_pit | J496: no | K496: unmatched | N496: yes
A497: 496 | B497: SF1 80x25 | C497: strip_footing | D497: strip_footing | E497: 4246.9 | F497: 504.2 | G497: 57 | H497: 5 | I497: strip_footing | J497: yes | K497: 57 | L497: 0.65 | M497: 0.13 | N497: yes
A498: 497 | B498: SF1 80x25 | C498: strip_footing | D498: strip_footing | E498: 4782.3 | F498: 2072.9 | G498: 135 | H498: 5 | I498: strip_footing | J498: yes | K498: 135 | L498: 0 | M498: 0 | N498: no
...

Sheet Conflicts
A1: Label | B1: Text | C1: Names class | D1: x (px) | E1: y (px) | F1: Issue | G1: Object it sits by (pass 1) | H1: That object's class | I1: Pass 2 result
A2: 1 | B2: S1-120120 | C2: isolated_footing | D2: 4752.1 | E2: 493.8 | F2: first, neutral pass put it on an object of another class | G2: 52 | H2: strip_footing | I2: 41
A3: 40 | B3: SC2- | C3: combined_footing | D3: 4205.2 | E3: 2952.1 | F3: first, neutral pass put it on an object of another class | G3: 400 | H3: shear_wall | I3: 247
A4: 71 | B4: SC2- | C4: combined_footing | D4: 2586.5 | E4: 2914.6 | F4: first, neutral pass put it on an object of another class | G4: 601 | H4: grade_beam | I4: 543
A5: 74 | B5: SC2- | C5: combined_footing | D5: 1920.8 | E5: 2579.2 | F5: first, neutral pass put it on an object of another class | G5: 663 | H5: grade_beam | I5: 594
A6: 78 | B6: S2-128128 | C6: isolated_footing | D6: 1769.8 | E6: 2376 | F6: first, neutral pass put it on an object of another class | G6: 666 | H6: grade_beam | I6: 655
A7: 83 | B7: S2-127 | C7: isolated_footing | D7: 2360.4 | E7: 3028.1 | F7: first, neutral pass put it on an object of another class | G7: 598 | H7: grade_beam | I7: 592
A8: 86 | B8: S2-130130 | C8: isolated_footing | D8: 706.2 | E8: 1261.5 | F8: first, neutral pass put it on an object of another class | G8: 877 | H8: column | I8: 914
A9: 88 | B9: S18-130130 | C9: isolated_footing | D9: 860.4 | E9: 1764.6 | F9: first, neutral pass put it on an object of another class; no object of its class within reach in the second pass | G9: 919 | H9: combined_footing | I9: unmatched
A10: 90 | B10: S2-130130 | C10: isolated_footing | D10: 1213.5 | E10: 1275 | F10: first, neutral pass put it on an object of another class; no object of its class within reach in the second pass | G10: 933 | H10: grade_beam | I10: unmatched
A11: 94 | B11: S2-129129 | C11: isolated_footing | D11: 1411.5 | E11: 2026 | F11: first, neutral pass put it on an object of another class | G11: 798 | H11: grade_beam | I11: 782
A12: 103 | B12: V1/120/120 | C12: shear_wall | D12: 4535.4 | E12: 822.9 | F12: first, neutral pass put it on an object of another class | G12: 68 | H12: grade_beam | I12: 6
A13: 104 | B13: V1/120/120 | C13: shear_wall | D13: 4538.5 | E13: 967.7 | F13: first, neutral pass put it on an object of another class | G13: 64 | H13: grade_beam | I13: 8
A14: 107 | B14: V4/120/120 | C14: shear_wall | D14: 4792.7 | E14: 472.9 | F14: first, neutral pass put it on an object of another class | G14: 41 | H14: isolated_footing | I14: 15
A15: 110 | B15: V2/120/120 | C15: shear_wall | D15: 4759.4 | E15: 1319.8 | F15: first, neutral pass put it on an object of another class | G15: 63 | H15: grade_beam | I15: 10
A16: 112 | B16: V3/120120 | C16: shear_wall | D16: 4328.1 | E16: 632.3 | F16: first, neutral pass put it on an object of another class | G16: 67 | H16: grade_beam | I16: 14
A17: 114 | B17: V3/120/120 | C17: shear_wall | D17: 4326 | E17: 1090.6 | F17: first, neutral pass put it on an object of another class | G17: 66 | H17: grade_beam | I17: 13
A18: 116 | B18: V1/121/121 | C18: shear_wall | D18: 4537.5 | E18: 1346.9 | F18: first, neutral pass put it on an object of another class | G18: 139 | H18: grade_beam | I18: 86
A19: 117 | B19: V1/121/121 | C19: shear_wall | D19: 4535.4 | E19: 1653.1 | F19: first, neutral pass put it on an object of another class | G19: 144 | H19: grade_beam | I19: 85
A20: 123 | B20: V8/121/121 | C20: shear_wall | D20: 4590.6 | E20: 1936.5 | F20: first, neutral pass put it on an object of another class | G20: 145 | H20: grade_beam | I20: 96
A21: 124 | B21: V3/121/121 | C21: shear_wall | D21: 4317.7 | E21: 1574 | F21: first, neutral pass put it on an object of another class | G21: 143 | H21: grade_beam | I21: 92
A22: 125 | B22: V3/121/121 | C22: shear_wall | D22: 4324 | E22: 1805.2 | F22: first, neutral pass put it on an object of another class | G22: 141 | H22: grade_beam | I22: 94
... A62: 208 | B62: V1/128/128 | C62: shear_wall | D62: 852.1 | E62: 2772.9 | F62: first, neutral pass put it on an object of another class | G62: 653 | H62: retaining_wall | I62: 617
A63: 209 | B63: V7/128/128 | C63: shear_wall | D63: 1011.5 | E63: 2647.9 | F63: no object of its class within reach in the second pass | G63: 686 | H63: unidentified | I63: unmatched
A64: 214 | B64: V6/128/128 | C64: shear_wall | D64: 1766.7 | E64: 2455.2 | F64: first, neutral pass put it on an object of another class | G64: 655 | H64: isolated_footing | I64: 623
A65: 215 | B65: V6/128/128 | C65: shear_wall | D65: 1465.6 | E65: 2275 | F65: first, neutral pass put it on an object of another class | G65: 664 | H65: grade_beam | I65: 622
A66: 216 | B66: V7a/128/128 | C66: shear_wall | D66: 1681.3 | E66: 2708.3 | F66: first, neutral pass put it on an object of another class; no object of its class within reach in the second pass | G66: 638 | H66: core_wall | I66: unmatched
A67: 222 | B67: V1/130/130 | C67: shear_wall | D67: 884.4 | E67: 1258.3 | F67: first, neutral pass put it on an object of another class | G67: 932 | H67: grade_beam | I67: 880
A68: 223 | B68: V1/130/130 | C68: shear_wall | D68: 634.4 | E68: 1245.8 | F68: first, neutral pass put it on an object of another class | G68: 914 | H68: isolated_footing | I68: 881
A69: 224 | B69: V3/130/130 | C69: shear_wall | D69: 954.2 | E69: 1605.2 | F69: first, neutral pass put it on an object of another class | G69: 935 | H69: grade_beam | I69: 884
A70: 227 | B70: V1/129/129 | C70: shear_wall | D70: 809.4 | E70: 1887.5 | F70: first, neutral pass put it on an object of another class | G70: 787 | H70: strip_footing | I70: 750
A71: 228 | B71: V1/129/129 | C71: shear_wall | D71: 1042.7 | E71: 1827.1 | F71: first, neutral pass put it on an object of another class | G71: 799 | H71: grade_beam | I71: 752
A72: 230 | B72: V3/129/129 | C72: shear_wall | D72: 1064.6 | E72: 2016.7 | F72: first, neutral pass put it on an object of another class | G72: 796 | H72: grade_beam | I72: 753
A73: 235 | B73: V9/128/128 | C73: shear_wall | D73: 1438.5 | E73: 2241.7 | F73: first, neutral pass put it on an object of another class | G73: 797 | H73: grade_beam | I73: 625
A74: 236 | B74: V9/128/128 | C74: shear_wall | D74: 1351 | E74: 2078.1 | F74: first, neutral pass put it on an object of another class | G74: 782 | H74: isolated_footing | I74: 627
A75: 237 | B75: V9/128/128 | C75: shear_wall | D75: 1291.7 | E75: 1855.2 | F75: first, neutral pass put it on an object of another class | G75: 795 | H75: grade_beam | I75: 626
A76: 238 | B76: V9/128/128 | C76: shear_wall | D76: 1267.7 | E76: 1769.8 | F76: first, neutral pass put it on an object of another class | G76: 795 | H76: grade_beam | I76: 628
A77: 239 | B77: S0 (240x240x60) | C77: isolated_footing | D77: 2266.7 | E77: 2557.3 | F77: first, neutral pass put it on an object of another class | G77: 596 | H77: strip_footing | I77: 585
A78: 240 | B78: S0 (240x240x60) | C78: isolated_footing | D78: 2425 | E78: 2636.5 | F78: first, neutral pass put it on an object of another class | G78: 596 | H78: strip_footing | I78: 587
... A84: 276 | B84: P3/130/130 | C84: column | D84: 716.7 | E84: 1311.5 | F84: first, neutral pass put it on an object of another class | G84: 936 | H84: grade_beam | I84: 877
A85: 289 | B85: LG-40x15 | C85: grade_beam | D85: 4680.2 | E85: 2988.5 | F85: first, neutral pass put it on an object of another class; no object of its class within reach in the second pass | G85: 344 | H85: core_wall | I85: unmatched
A86: 291 | B86: LG-40x15 | C86: grade_beam | D86: 4355.2 | E86: 3050 | F86: no object of its class within reach in the second pass | G86: unmatched | I86: unmatched
A87: 355 | B87: LG-40x15 | C87: grade_beam | D87: 2436.5 | E87: 2682.3 | F87: first, neutral pass put it on an object of another class | G87: 587 | H87: isolated_footing | I87: 602
A88: 363 | B88: LG 25x40 | C88: grade_beam | D88: 4257.3 | E88: 3254.2 | F88: no object of its class within reach in the second pass | G88: unmatched | I88: unmatched
A89: 365 | B89: LG-40x15 | C89: grade_beam | D89: 4179.2 | E89: 2840.6 | F89: first, neutral pass put it on an object of another class; no object of its class within reach in the second pass | G89: 247 | H89: combined_footing | I89: unmatched
A90: 366 | B90: LG-40x15 | C90: grade_beam | D90: 4045.8 | E90: 3200 | F90: first, neutral pass put it on an object of another class | G90: 389 | H90: column | I90: 441
A91: 475 | B91: LG-25x40 | C91: grade_beam | D91: 4307.3 | E91: 3477.1 | F91: no object of its class within reach in the second pass | G91: 448 | H91: unidentified | I91: unmatched
A92: 484 | B92: LG-40x15 | C92: grade_beam | D92: 2134.4 | E92: 2632.3 | F92: first, neutral pass put it on an object of another class | G92: 593 | H92: isolated_footing | I92: 599
A93: 487 | B93: LG-40x15 | C93: grade_beam | D93: 733.3 | E93: 1303.1 | F93: first, neutral pass put it on an object of another class | G93: 917 | H93: isolated_footing | I93: 936
A94: 495 | B94: SF1 80x25 | C94: strip_footing | D94: 4780.2 | E94: 1862.5 | F94: first, neutral pass put it on an object of another class; no object of its class within reach in the second pass | G94: 151 | H94: sump_pit | I94: unmatched
A95: 511 | B95: SF4- 120x25 | C95: strip_footing | D95: 4658.3 | E95: 2132.3 | F95: first, neutral pass put it on an object of another class | G95: 98 | H95: core_wall | I95: 257
A96: 512 | B96: SF4- 120x25 | C96: strip_footing | D96: 1109.4 | E96: 2508.3 | F96: no object of its class within reach in the second pass | G96: 810 | H96: unidentified | I96: unmatched
A97: 527 | B97: FOSSE DE RELEVAGE2.00x1.50x1.50 | C97: sump_pit | D97: 4681.2 | E97: 1870.8 | F97: first, neutral pass put it on an object of another class | G97: 104 | H97: core_wall | I97: 151
A98: 528 | B98: RADIER | C98: raft | D98: 4747.9 | E98: 1854.2 | F98: first, neutral pass put it on an object of another class; no object of its class within reach in the second pass | G98: 114 | H98: retaining_wall | I98: unmatched
A99: 530 | B99: RADIER | C99: raft | D99: 4989.6 | E99: 3245.8 | F99: first, neutral pass put it on an object of another class; no object of its class within reach in the second pass | G99: 341 | H99: core_wall | I99: unmatched
A100: 532 | B100: RADIER | C100: raft | D100: 2641.7 | E100: 3382.3 | F100: first, neutral pass put it on an object of another class; no object of its class within reach in the second pass | G100: 514 | H100: strip_footing | I100: unmatched
A101: 534 | B101: RADIER | C101: raft | D101: 1497.9 | E101: 2808.3 | F101: first, neutral pass put it on an object of another class; no object of its class within reach in the second pass | G101: 648 | H101: retaining_wall | I101: unmatched
A102: 537 | B102: RADIER | C102: raft | D102: 962.5 | E102: 1096.9 | F102: first, neutral pass put it on an object of another class; no object of its class within reach in the second pass | G102: 894 | H102: core_wall | I102: unmatched
A103: 538 | B103: RADIER 190CM | C103: raft | D103: 1040.6 | E103: 1269.8 | F103: no object of its class within reach in the second pass | G103: unmatched | I103: unmatched

Sheet Validation
A1: Geometric classes against the verified (colour-based) detections
A3: Verified class | B3: column | C3: shear_wall | D3: retaining_wall | E3: isolated_footing | F3: combined_footing | G3: strip_footing | H3: grade_beam | I3: raft | J3: sump_pit | K3: unidentified | L3: Not found | M3: Total | N3: Correct
A4: column | B4: =COUNTIFS(Objects!$AE$2:$AE$947,$A4,Objects!$F$2:$F$947,B$3) | C4: =COUNTIFS(Objects!$AE$2:$AE$947,$A4,Objects!$F$2:$F$947,C$3) | D4: =COUNTIFS(Objects!$AE$2:$AE$947,$A4,Objects!$F$2:$F$947,D$3) | E4: =COUNTIFS(Objects!$AE$2:$AE$947,$A4,Objects!$F$2:$F$947,E$3) | F4: =COUNTIFS(Objects!$AE$2:$AE$947,$A4,Objects!$F$2:$F$947,F$3) | G4: =COUNTIFS(Objects!$AE$2:$AE$947,$A4,Objects!$F$2:$F$947,G$3) | H4: =COUNTIFS(Objects!$AE$2:$AE$947,$A4,Objects!$F$2:$F$947,H$3) | I4: =COUNTIFS(Objects!$AE$2:$AE$947,$A4,Objects!$F$2:$F$947,I$3) | ... K4: =COUNTIFS(Objects!$AE$2:$AE$947,$A4,Objects!$F$2:$F$947,K$3) | L4: 0 | M4: =SUM(B4:L4) | N4: =IFERROR(B4/M4,0)
A5: shear_wall | B5: =COUNTIFS(Objects!$AE$2:$AE$947,$A5,Objects!$F$2:$F$947,B$3) | C5: =COUNTIFS(Objects!$AE$2:$AE$947,$A5,Objects!$F$2:$F$947,C$3) | D5: =COUNTIFS(Objects!$AE$2:$AE$947,$A5,Objects!$F$2:$F$947,D$3) | E5: =COUNTIFS(Objects!$AE$2:$AE$947,$A5,Objects!$F$2:$F$947,E$3) | F5: =COUNTIFS(Objects!$AE$2:$AE$947,$A5,Objects!$F$2:$F$947,F$3) | G5: =COUNTIFS(Objects!$AE$2:$AE$947,$A5,Objects!$F$2:$F$947,G$3) | H5: =COUNTIFS(Objects!$AE$2:$AE$947,$A5,Objects!$F$2:$F$947,H$3) | I5: =COUNTIFS(Objects!$AE$2:$AE$947,$A5,Objects!$F$2:$F$947,I$3) | ... K5: =COUNTIFS(Objects!$AE$2:$AE$947,$A5,Objects!$F$2:$F$947,K$3) | L5: 0 | M5: =SUM(B5:L5) | N5: =IFERROR(C5/M5,0)
A6: retaining_wall | B6: =COUNTIFS(Objects!$AE$2:$AE$947,$A6,Objects!$F$2:$F$947,B$3) | C6: =COUNTIFS(Objects!$AE$2:$AE$947,$A6,Objects!$F$2:$F$947,C$3) | D6: =COUNTIFS(Objects!$AE$2:$AE$947,$A6,Objects!$F$2:$F$947,D$3) | E6: =COUNTIFS(Objects!$AE$2:$AE$947,$A6,Objects!$F$2:$F$947,E$3) | F6: =COUNTIFS(Objects!$AE$2:$AE$947,$A6,Objects!$F$2:$F$947,F$3) | G6: =COUNTIFS(Objects!$AE$2:$AE$947,$A6,Objects!$F$2:$F$947,G$3) | H6: =COUNTIFS(Objects!$AE$2:$AE$947,$A6,Objects!$F$2:$F$947,H$3) | I6: =COUNTIFS(Objects!$AE$2:$AE$947,$A6,Objects!$F$2:$F$947,I$3) | ... K6: =COUNTIFS(Objects!$AE$2:$AE$947,$A6,Objects!$F$2:$F$947,K$3) | L6: 0 | M6: =SUM(B6:L6) | N6: =IFERROR(D6/M6,0)
A7: isolated_footing | B7: =COUNTIFS(Objects!$AE$2:$AE$947,$A7,Objects!$F$2:$F$947,B$3) | C7: =COUNTIFS(Objects!$AE$2:$AE$947,$A7,Objects!$F$2:$F$947,C$3) | D7: =COUNTIFS(Objects!$AE$2:$AE$947,$A7,Objects!$F$2:$F$947,D$3) | E7: =COUNTIFS(Objects!$AE$2:$AE$947,$A7,Objects!$F$2:$F$947,E$3) | F7: =COUNTIFS(Objects!$AE$2:$AE$947,$A7,Objects!$F$2:$F$947,F$3) | G7: =COUNTIFS(Objects!$AE$2:$AE$947,$A7,Objects!$F$2:$F$947,G$3) | H7: =COUNTIFS(Objects!$AE$2:$AE$947,$A7,Objects!$F$2:$F$947,H$3) | I7: =COUNTIFS(Objects!$AE$2:$AE$947,$A7,Objects!$F$2:$F$947,I$3) | ... K7: =COUNTIFS(Objects!$AE$2:$AE$947,$A7,Objects!$F$2:$F$947,K$3) | L7: 0 | M7: =SUM(B7:L7) | N7: =IFERROR(E7/M7,0)
A8: combined_footing | B8: =COUNTIFS(Objects!$AE$2:$AE$947,$A8,Objects!$F$2:$F$947,B$3) | C8: =COUNTIFS(Objects!$AE$2:$AE$947,$A8,Objects!$F$2:$F$947,C$3) | D8: =COUNTIFS(Objects!$AE$2:$AE$947,$A8,Objects!$F$2:$F$947,D$3) | E8: =COUNTIFS(Objects!$AE$2:$AE$947,$A8,Objects!$F$2:$F$947,E$3) | F8: =COUNTIFS(Objects!$AE$2:$AE$947,$A8,Objects!$F$2:$F$947,F$3) | G8: =COUNTIFS(Objects!$AE$2:$AE$947,$A8,Objects!$F$2:$F$947,G$3) | H8: =COUNTIFS(Objects!$AE$2:$AE$947,$A8,Objects!$F$2:$F$947,H$3) | I8: =COUNTIFS(Objects!$AE$2:$AE$947,$A8,Objects!$F$2:$F$947,I$3) | ... K8: =COUNTIFS(Objects!$AE$2:$AE$947,$A8,Objects!$F$2:$F$947,K$3) | L8: 0 | M8: =SUM(B8:L8) | N8: =IFERROR(F8/M8,0)
A9: crane_footing | B9: =COUNTIFS(Objects!$AE$2:$AE$947,$A9,Objects!$F$2:$F$947,B$3) | C9: =COUNTIFS(Objects!$AE$2:$AE$947,$A9,Objects!$F$2:$F$947,C$3) | D9: =COUNTIFS(Objects!$AE$2:$AE$947,$A9,Objects!$F$2:$F$947,D$3) | E9: =COUNTIFS(Objects!$AE$2:$AE$947,$A9,Objects!$F$2:$F$947,E$3) | F9: =COUNTIFS(Objects!$AE$2:$AE$947,$A9,Objects!$F$2:$F$947,F$3) | G9: =COUNTIFS(Objects!$AE$2:$AE$947,$A9,Objects!$F$2:$F$947,G$3) | H9: =COUNTIFS(Objects!$AE$2:$AE$947,$A9,Objects!$F$2:$F$947,H$3) | I9: =COUNTIFS(Objects!$AE$2:$AE$947,$A9,Objects!$F$2:$F$947,I$3) | ... K9: =COUNTIFS(Objects!$AE$2:$AE$947,$A9,Objects!$F$2:$F$947,K$3) | L9: 0 | M9: =SUM(B9:L9) | N9: =IFERROR(E9/M9,0)
A10: mass_concrete_pad | B10: =COUNTIFS(Objects!$AE$2:$AE$947,$A10,Objects!$F$2:$F$947,B$3) | C10: =COUNTIFS(Objects!$AE$2:$AE$947,$A10,Objects!$F$2:$F$947,C$3) | D10: =COUNTIFS(Objects!$AE$2:$AE$947,$A10,Objects!$F$2:$F$947,D$3) | E10: =COUNTIFS(Objects!$AE$2:$AE$947,$A10,Objects!$F$2:$F$947,E$3) | F10: =COUNTIFS(Objects!$AE$2:$AE$947,$A10,Objects!$F$2:$F$947,F$3) | G10: =COUNTIFS(Objects!$AE$2:$AE$947,$A10,Objects!$F$2:$F$947,G$3) | H10: =COUNTIFS(Objects!$AE$2:$AE$947,$A10,Objects!$F$2:$F$947,H$3) | I10: =COUNTIFS(Objects!$AE$2:$AE$947,$A10,Objects!$F$2:$F$947,I$3) | ... K10: =COUNTIFS(Objects!$AE$2:$AE$947,$A10,Objects!$F$2:$F$947,K$3) | L10: 0 | M10: =SUM(B10:L10)
A12: Crane footings count as isolated footings. Concrete pads carry no label, so no class can be expected for them. 'Not found' = no object overlapping the verified shape by 80%.
A14: Band widths found in the drawing
A15: Width (m) | B15: Paired line length (m) | C15: Share filled | D15: Cluster class
A16: 0.101 | B16: 207 | C16: 0 | D16: unidentified
A17: 0.25 | B17: 69.8 | C17: 0.08 | D17: grade_beam
A18: 0.318 | B18: 441.1 | C18: 0 | D18: unidentified
A19: 0.4 | B19: 1694.1 | C19: 0.07 | D19: grade_beam
A20: 0.485 | B20: 95 | C20: 0 | D20: unidentified
A21: 0.8 | B21: 581.4 | C21: 0.24 | D21: strip_footing
A22: 0.83 | B22: 386.8 | C22: 0 | D22: unidentified
A23: 0.953 | B23: 174.8 | C23: 0 | D23: unidentified
A24: 0.999 | B24: 335.8 | C24: 0 | D24: unidentified
A25: 1.215 | B25: 69.9 | C25: 0.03 | D25: unidentified
A26: 1.439 | B26: 352.9 | C26: 0
